genome	protein_id	ko	evalue	score	threshold	score_minus_threshold
GCF_000258125.2	WP_003178979.1	K00372	3.1000000000000003e-277	920.3	909.57	10.729999999999905
GCF_000258125.2	WP_003183293.1	K01077	8.5e-102	339.9	67.97	271.92999999999995
GCF_000258125.2	WP_003178586.1	K01113	2e-168	560.2	94.03	466.1700000000001
GCF_000258125.2	WP_003182145.1	K01915	1.4e-108	362.3	37.7	324.6
GCF_000258125.2	WP_003186508.1	K02013	1.1999999999999999e-95	319.0	226.0	93.0
GCF_000258125.2	WP_003185150.1	K02016	9.3e-72	240.5	157.77	82.72999999999999
GCF_000258125.2	WP_043928725.1	K02036	1.3999999999999999e-140	466.7	268.53	198.17
GCF_000258125.2	WP_003183532.1	K02037	1.3e-98	329.6	260.07	69.53000000000003
GCF_000258125.2	WP_003183530.1	K02038	8.6e-95	316.5	255.13	61.370000000000005
GCF_000258125.2	WP_031314660.1	K02040	3.4e-76	255.2	55.67	199.53
GCF_000258125.2	WP_003185695.1	K02406	3.1e-132	440.3	135.0	305.3
GCF_000258125.2	WP_009329389.1	K02556	2.2e-94	314.7	97.97	216.73
GCF_000258125.2	WP_003181091.1	K02557	2.7000000000000003e-73	245.5	144.87	100.63
GCF_000258125.2	WP_003181814.1	K03407	1.4000000000000001e-224	745.9	509.2	236.7
GCF_000258125.2	WP_003181796.1	K03413	2.3999999999999997e-46	156.7	135.0	21.69999999999999
GCF_000258125.2	WP_003183411.1	K06390	1.4e-130	433.6	217.4	216.2
GCF_000258125.2	WP_003184312.1	K07636	4.2e-124	413.2	327.73	85.46999999999997
GCF_000258125.2	WP_003185730.1	K07692	2.3e-112	372.3	267.17	105.13
GCF_001191605.1	WP_008342621.1	K00004	2.1e-140	465.9	376.97	88.92999999999995
GCF_001191605.1	WP_025207473.1	K00372	8.6e-278	921.9	909.57	12.329999999999927
GCF_001191605.1	WP_035392556.1	K01077	3.7999999999999996e-107	357.3	67.97	289.33000000000004
GCF_001191605.1	WP_007499421.1	K01915	2.2e-108	361.5	37.7	323.8
GCF_001191605.1	WP_050826801.1	K02013	7.6e-118	391.9	226.0	165.89999999999998
GCF_001191605.1	WP_017359258.1	K02015	3.3e-106	353.9	343.37	10.529999999999973
GCF_001191605.1	WP_048002136.1	K02016	6.4e-68	227.6	157.77	69.82999999999998
GCF_001191605.1	WP_017367606.1	K02036	3.5e-139	461.8	268.53	193.27000000000004
GCF_001191605.1	WP_017357999.1	K02037	2.3999999999999998e-96	321.9	260.07	61.829999999999984
GCF_001191605.1	WP_007501259.1	K02038	5.4e-96	320.3	255.13	65.17000000000002
GCF_001191605.1	WP_017367609.1	K02040	1.5e-75	252.8	55.67	197.13
GCF_001191605.1	WP_050827169.1	K02406	2.3999999999999998e-132	440.4	135.0	305.4
GCF_001191605.1	WP_008346088.1	K02556	2e-92	308.1	97.97	210.13
GCF_001191605.1	WP_017367125.1	K02557	6.499999999999999e-70	234.2	144.87	89.32999999999998
GCF_001191605.1	WP_017359080.1	K03407	1.7e-225	748.6	509.2	239.40000000000003
GCF_001191605.1	WP_007499584.1	K03413	1.6999999999999998e-47	160.3	135.0	25.30000000000001
GCF_001191605.1	WP_035390790.1	K06390	1.7000000000000002e-133	443.0	217.4	225.6
GCF_001191605.1	WP_048001854.1	K07636	1.3000000000000002e-124	414.7	327.73	86.96999999999997
GCF_001191605.1	WP_008348273.1	K07692	4.8999999999999997e-113	374.3	267.17	107.13
GCF_001191605.1	WP_025208167.1	K19549	7.499999999999999e-226	747.2	689.47	57.73000000000002
GCF_001191605.1	WP_272914028.1	K19550	1.2e-131	435.3	388.33	46.97000000000003
GCF_001191605.1	WP_008347057.1	K23188	3.3e-140	466.2	460.43	5.769999999999982
GCF_001457015.1	WP_008342621.1	K00004	2.1e-140	465.9	376.97	88.92999999999995
GCF_001457015.1	WP_058214081.1	K00372	2.3e-277	920.5	909.57	10.92999999999995
GCF_001457015.1	WP_008348991.1	K01077	3.4e-107	357.5	67.97	289.53
GCF_001457015.1	WP_007499421.1	K01915	2.2e-108	361.5	37.7	323.8
GCF_001457015.1	WP_058214375.1	K02013	1.1e-117	391.3	226.0	165.3
GCF_001457015.1	WP_019743893.1	K02015	2.5e-106	354.4	343.37	11.029999999999973
GCF_001457015.1	WP_025207962.1	K02016	1.3999999999999998e-68	229.7	157.77	71.92999999999998
GCF_001457015.1	WP_017367606.1	K02036	3.5e-139	461.8	268.53	193.27000000000004
GCF_001457015.1	WP_017367608.1	K02037	1.5999999999999999e-96	322.4	260.07	62.329999999999984
GCF_001457015.1	WP_035390827.1	K02038	4.499999999999999e-96	320.5	255.13	65.37
GCF_001457015.1	WP_017367609.1	K02040	1.5e-75	252.8	55.67	197.13
GCF_001457015.1	WP_017359608.1	K02406	3.6e-130	433.3	135.0	298.3
GCF_001457015.1	WP_008346088.1	K02556	2e-92	308.1	97.97	210.13
GCF_001457015.1	WP_019743067.1	K02557	1.4e-69	233.1	144.87	88.22999999999999
GCF_001457015.1	WP_007499569.1	K03407	3.8e-226	750.8	509.2	241.6
GCF_001457015.1	WP_007499584.1	K03413	1.6999999999999998e-47	160.3	135.0	25.30000000000001
GCF_001457015.1	WP_035390790.1	K06390	1.7000000000000002e-133	443.0	217.4	225.6
GCF_001457015.1	WP_048001854.1	K07636	1.3000000000000002e-124	414.7	327.73	86.96999999999997
GCF_001457015.1	WP_008348273.1	K07692	4.8999999999999997e-113	374.3	267.17	107.13
GCF_001457015.1	WP_058213681.1	K19549	1e-224	743.5	689.47	54.02999999999997
GCF_001457015.1	WP_272870249.1	K19550	4.0000000000000004e-131	433.5	388.33	45.170000000000016
GCF_001457015.1	WP_008347057.1	K23188	3.3e-140	466.2	460.43	5.769999999999982
GCF_001642595.1	WP_016885148.1	K00372	8.7e-278	922.1	909.57	12.529999999999973
GCF_001642595.1	WP_003183293.1	K01077	8.3e-102	339.9	67.97	271.92999999999995
GCF_001642595.1	WP_003178586.1	K01113	2e-168	560.2	94.03	466.1700000000001
GCF_001642595.1	WP_003182145.1	K01915	1.4e-108	362.3	37.7	324.6
GCF_001642595.1	WP_003186508.1	K02013	1.1e-95	319.0	226.0	93.0
GCF_001642595.1	WP_003185150.1	K02016	9.100000000000001e-72	240.5	157.77	82.72999999999999
GCF_001642595.1	WP_043928725.1	K02036	1.3e-140	466.7	268.53	198.17
GCF_001642595.1	WP_003183532.1	K02037	1.3e-98	329.6	260.07	69.53000000000003
GCF_001642595.1	WP_003183530.1	K02038	8.3e-95	316.5	255.13	61.370000000000005
GCF_001642595.1	WP_003183534.1	K02040	3.3e-77	258.5	55.67	202.83
GCF_001642595.1	WP_003185695.1	K02406	3e-132	440.3	135.0	305.3
GCF_001642595.1	WP_009329389.1	K02556	2.2e-94	314.7	97.97	216.73
GCF_001642595.1	WP_003181091.1	K02557	2.7000000000000003e-73	245.5	144.87	100.63
GCF_001642595.1	WP_016885474.1	K03407	1.1e-224	746.1	509.2	236.90000000000003
GCF_001642595.1	WP_003181796.1	K03413	2.3999999999999997e-46	156.7	135.0	21.69999999999999
GCF_001642595.1	WP_003183411.1	K06390	1.4e-130	433.6	217.4	216.2
GCF_001642595.1	WP_003184312.1	K07636	4.1e-124	413.2	327.73	85.46999999999997
GCF_001642595.1	WP_003185730.1	K07692	2.3e-112	372.3	267.17	105.13
GCF_001742425.1	WP_069717186.1	K00366	2.2e-199	662.0	617.37	44.63
GCF_001742425.1	WP_069716900.1	K01077	1.1e-98	329.3	67.97	261.33000000000004
GCF_001742425.1	WP_069715884.1	K01915	1.7e-107	358.5	37.7	320.8
GCF_001742425.1	WP_069718227.1	K02013	1.5e-94	315.1	226.0	89.10000000000002
GCF_001742425.1	WP_069716424.1	K02015	8.3e-108	359.2	343.37	15.829999999999984
GCF_001742425.1	WP_069716425.1	K02016	7.2e-66	220.9	157.77	63.13
GCF_001742425.1	WP_069717092.1	K02036	1.3e-142	473.1	268.53	204.57000000000005
GCF_001742425.1	WP_069717094.1	K02037	9.5e-107	356.3	260.07	96.23000000000002
GCF_001742425.1	WP_069717093.1	K02038	1.1000000000000002e-111	372.1	255.13	116.97000000000004
GCF_001742425.1	WP_069717095.1	K02040	5.4000000000000005e-73	244.4	55.67	188.73
GCF_001742425.1	WP_069715986.1	K02406	2.8000000000000002e-117	390.7	135.0	255.7
GCF_001742425.1	WP_069718081.1	K02556	2.7e-99	330.7	97.97	232.73
GCF_001742425.1	WP_069718082.1	K02557	7.399999999999999e-75	250.5	144.87	105.63
GCF_001742425.1	WP_069718797.1	K03407	2.8000000000000003e-227	754.5	509.2	245.3
GCF_001742425.1	WP_069718788.1	K03413	5.6e-48	161.9	135.0	26.90000000000001
GCF_001742425.1	WP_069717498.1	K03833	1.9e-133	444.6	304.43	140.17000000000002
GCF_001742425.1	WP_069715415.1	K06390	4.1000000000000006e-130	431.8	217.4	214.4
GCF_001742425.1	WP_069718148.1	K07636	4.1000000000000003e-125	416.3	327.73	88.57
GCF_001742425.1	WP_069717729.1	K07692	5e-113	374.3	267.17	107.13
GCF_001969855.1	WP_076791816.1	K00372	3.7000000000000003e-277	920.1	909.57	10.529999999999973
GCF_001969855.1	WP_076793449.1	K01077	8.2e-101	336.7	67.97	268.73
GCF_001969855.1	WP_043926096.1	K01113	4.2000000000000003e-168	559.2	94.03	465.1700000000001
GCF_001969855.1	WP_076791218.1	K01915	1.4e-108	362.3	37.7	324.6
GCF_001969855.1	WP_043927248.1	K02013	7.499999999999999e-95	316.4	226.0	90.39999999999998
GCF_001969855.1	WP_043927203.1	K02016	1.7e-71	239.6	157.77	81.82999999999998
GCF_001969855.1	WP_043928725.1	K02036	1.3999999999999999e-140	466.7	268.53	198.17
GCF_001969855.1	WP_076791370.1	K02037	4.1000000000000004e-98	327.9	260.07	67.82999999999998
GCF_001969855.1	WP_076791368.1	K02038	2e-94	315.3	255.13	60.170000000000016
GCF_001969855.1	WP_076791373.1	K02040	6.3e-76	254.3	55.67	198.63
GCF_001969855.1	WP_076788740.1	K02406	1.3000000000000002e-133	444.8	135.0	309.8
GCF_001969855.1	WP_076791151.1	K02556	8.5e-94	312.8	97.97	214.83
GCF_001969855.1	WP_043927393.1	K02557	1.4e-73	246.6	144.87	101.73
GCF_001969855.1	WP_043926388.1	K03407	3.6000000000000005e-224	744.5	509.2	235.3
GCF_001969855.1	WP_003181796.1	K03413	2.5e-46	156.7	135.0	21.69999999999999
GCF_001969855.1	WP_043927852.1	K06390	8.6e-131	434.3	217.4	216.9
GCF_001969855.1	WP_076793208.1	K07636	1.1e-123	411.8	327.73	84.07
GCF_001969855.1	WP_003185730.1	K07692	2.4e-112	372.3	267.17	105.13
GCF_002005345.1	WP_003155800.1	K00004	2.1e-140	466.0	376.97	89.02999999999997
GCF_002005345.1	WP_077721994.1	K01077	3.5e-111	370.8	67.97	302.83000000000004
GCF_002005345.1	WP_077721748.1	K01113	4.1000000000000003e-168	559.1	94.03	465.0700000000001
GCF_002005345.1	WP_003154048.1	K01915	1.3000000000000001e-108	362.3	37.7	324.6
GCF_002005345.1	WP_077722119.1	K02013	9.300000000000001e-111	368.6	226.0	142.60000000000002
GCF_002005345.1	WP_077722821.1	K02015	2.2e-103	344.8	343.37	1.4300000000000068
GCF_002005345.1	WP_017418938.1	K02016	1.2e-68	230.2	157.77	72.42999999999998
GCF_002005345.1	WP_003153040.1	K02036	2.1e-137	456.0	268.53	187.47000000000003
GCF_002005345.1	WP_007612605.1	K02037	1.1e-97	326.5	260.07	66.43
GCF_002005345.1	WP_003153036.1	K02038	1e-90	303.0	255.13	47.870000000000005
GCF_002005345.1	WP_012117998.1	K02040	1.8e-76	256.0	55.67	200.33
GCF_002005345.1	WP_015387631.1	K02406	8.599999999999999e-139	461.8	135.0	326.8
GCF_002005345.1	WP_003152386.1	K02556	5.9e-97	323.1	97.97	225.13
GCF_002005345.1	WP_077722131.1	K02557	2.0000000000000002e-72	242.6	144.87	97.73
GCF_002005345.1	WP_077722200.1	K03407	1.1e-225	749.4	509.2	240.2
GCF_002005345.1	WP_003154238.1	K03413	1.2999999999999998e-47	160.8	135.0	25.80000000000001
GCF_002005345.1	WP_077722588.1	K06390	1.9e-131	436.4	217.4	219.0
GCF_002005345.1	WP_077722689.1	K07636	5.9000000000000004e-126	419.2	327.73	91.46999999999996
GCF_002005345.1	WP_003219701.1	K07692	7.3e-113	373.9	267.17	106.72999999999996
GCF_002005345.1	WP_077723002.1	K19549	1.6e-251	831.9	689.47	142.42999999999995
GCF_002005345.1	WP_017418688.1	K19550	4.7999999999999996e-141	466.1	388.33	77.77000000000004
GCF_002005345.1	WP_077723003.1	K19552	3.2999999999999996e-257	850.7	730.4	120.30000000000008
GCF_002005345.1	WP_003151820.1	K23188	3.9e-143	476.0	460.43	15.569999999999991
GCF_002024555.1	WP_003155800.1	K00004	2e-140	466.0	376.97	89.02999999999997
GCF_002024555.1	WP_003155322.1	K01077	1.3000000000000001e-110	368.9	67.97	300.92999999999995
GCF_002024555.1	WP_014304274.1	K01113	1.6e-167	557.1	94.03	463.0700000000001
GCF_002024555.1	WP_003154048.1	K01915	1.3000000000000001e-108	362.3	37.7	324.6
GCF_002024555.1	WP_063174773.1	K02013	7.700000000000001e-111	368.9	226.0	142.89999999999998
GCF_002024555.1	WP_024085782.1	K02015	8.6e-104	346.1	343.37	2.730000000000018
GCF_002024555.1	WP_044052914.1	K02016	1.4999999999999998e-68	229.7	157.77	71.92999999999998
GCF_002024555.1	WP_003153040.1	K02036	2.1e-137	456.0	268.53	187.47000000000003
GCF_002024555.1	WP_003153034.1	K02037	9.2e-98	326.6	260.07	66.53000000000003
GCF_002024555.1	WP_003153036.1	K02038	1e-90	303.0	255.13	47.870000000000005
GCF_002024555.1	WP_012117998.1	K02040	1.7e-76	256.0	55.67	200.33
GCF_002024555.1	WP_079004915.1	K02406	3e-138	460.0	135.0	325.0
GCF_002024555.1	WP_003152386.1	K02556	5.7e-97	323.1	97.97	225.13
GCF_002024555.1	WP_003154685.1	K02557	1.9e-72	242.6	144.87	97.73
GCF_002024555.1	WP_003154227.1	K03407	1.1e-225	749.3	509.2	240.1
GCF_002024555.1	WP_003154238.1	K03413	1.2e-47	160.8	135.0	25.80000000000001
GCF_002024555.1	WP_003153125.1	K06390	9.999999999999999e-131	433.9	217.4	216.5
GCF_002024555.1	WP_003152458.1	K07636	5.3e-126	419.3	327.73	91.57
GCF_002024555.1	WP_003219701.1	K07692	7.1e-113	373.9	267.17	106.72999999999996
GCF_002024555.1	WP_052586859.1	K19549	2.3999999999999996e-251	831.2	689.47	141.73000000000002
GCF_002024555.1	WP_003151010.1	K19550	6.699999999999999e-141	465.6	388.33	77.27000000000004
GCF_002024555.1	WP_003151007.1	K19552	4.4999999999999995e-257	850.2	730.4	119.80000000000008
GCF_002024555.1	WP_003151820.1	K23188	3.8e-143	476.0	460.43	15.569999999999991
GCF_002026335.1	WP_079289311.1	K00372	1.2e-277	921.6	909.57	12.029999999999973
GCF_002026335.1	WP_020452100.1	K01077	5.7e-101	337.1	67.97	269.13
GCF_002026335.1	WP_023857756.1	K01113	1.2000000000000002e-167	557.5	94.03	463.47
GCF_002026335.1	WP_025811550.1	K01915	1.5e-108	362.2	37.7	324.5
GCF_002026335.1	WP_043054605.1	K02013	2.0999999999999998e-94	314.8	226.0	88.80000000000001
GCF_002026335.1	WP_041817314.1	K02016	2.2e-72	242.5	157.77	84.72999999999999
GCF_002026335.1	WP_023855209.1	K02036	2.5e-140	465.7	268.53	197.17
GCF_002026335.1	WP_003183532.1	K02037	1.2e-98	329.6	260.07	69.53000000000003
GCF_002026335.1	WP_023855211.1	K02038	1.1e-94	316.1	255.13	60.97000000000003
GCF_002026335.1	WP_023855212.1	K02040	1.2e-76	256.6	55.67	200.93
GCF_002026335.1	WP_020452604.1	K02556	4.4e-95	317.0	97.97	219.03
GCF_002026335.1	WP_020451148.1	K02557	8e-73	243.9	144.87	99.03
GCF_002026335.1	WP_079289133.1	K03407	1.3e-223	742.6	509.2	233.40000000000003
GCF_002026335.1	WP_003181796.1	K03413	2.3e-46	156.7	135.0	21.69999999999999
GCF_002026335.1	WP_020452146.1	K06390	2.9e-131	435.8	217.4	218.4
GCF_002026335.1	WP_035338186.1	K07636	1.1e-123	411.8	327.73	84.07
GCF_002026335.1	WP_003185730.1	K07692	2.1999999999999998e-112	372.3	267.17	105.13
GCF_002026335.1	WP_020452888.1	K23188	1.6e-138	460.8	460.43	0.3700000000000045
GCF_002068155.1	WP_025810124.1	K00372	3.5e-278	923.4	909.57	13.829999999999927
GCF_002068155.1	WP_020452100.1	K01077	6e-101	337.1	67.97	269.13
GCF_002068155.1	WP_020449993.1	K01113	7.5000000000000005e-168	558.3	94.03	464.27
GCF_002068155.1	WP_025811550.1	K01915	1.5e-108	362.2	37.7	324.5
GCF_002068155.1	WP_043054605.1	K02013	2.2e-94	314.8	226.0	88.80000000000001
GCF_002068155.1	WP_041817314.1	K02016	2.3e-72	242.5	157.77	84.72999999999999
GCF_002068155.1	WP_023855209.1	K02036	2.6e-140	465.7	268.53	197.17
GCF_002068155.1	WP_003183532.1	K02037	1.3e-98	329.6	260.07	69.53000000000003
GCF_002068155.1	WP_025811149.1	K02038	8.5e-95	316.5	255.13	61.370000000000005
GCF_002068155.1	WP_023855212.1	K02040	1.3e-76	256.6	55.67	200.93
GCF_002068155.1	WP_020453106.1	K02406	5.9e-128	426.1	135.0	291.1
GCF_002068155.1	WP_020452604.1	K02556	4.6e-95	317.0	97.97	219.03
GCF_002068155.1	WP_020451148.1	K02557	8.400000000000001e-73	243.9	144.87	99.03
GCF_002068155.1	WP_026579733.1	K03407	6.6e-224	743.6	509.2	234.40000000000003
GCF_002068155.1	WP_003181796.1	K03413	2.3999999999999997e-46	156.7	135.0	21.69999999999999
GCF_002068155.1	WP_048349979.1	K06390	2.3e-130	432.9	217.4	215.5
GCF_002068155.1	WP_035338186.1	K07636	1.1e-123	411.8	327.73	84.07
GCF_002068155.1	WP_003185730.1	K07692	2.3e-112	372.3	267.17	105.13
GCF_002068155.1	WP_020452888.1	K23188	1.7e-138	460.8	460.43	0.3700000000000045
GCF_002077215.1	WP_081124609.1	K00004	5.0999999999999996e-139	461.4	376.97	84.42999999999995
GCF_002077215.1	WP_061109610.1	K01077	9.3e-106	352.8	67.97	284.83000000000004
GCF_002077215.1	WP_025093273.1	K01915	1.8e-108	361.8	37.7	324.1
GCF_002077215.1	WP_081125195.1	K02013	3.1e-117	389.9	226.0	163.89999999999998
GCF_002077215.1	WP_041115703.1	K02015	4.3999999999999996e-107	356.9	343.37	13.529999999999973
GCF_002077215.1	WP_065215175.1	K02016	5.899999999999999e-68	227.8	157.77	70.03
GCF_002077215.1	WP_081124578.1	K02036	2.3999999999999998e-139	462.3	268.53	193.77000000000004
GCF_002077215.1	WP_081124580.1	K02037	1.1e-96	323.0	260.07	62.93000000000001
GCF_002077215.1	WP_081124579.1	K02038	4.1999999999999995e-95	317.4	255.13	62.26999999999998
GCF_002077215.1	WP_081124581.1	K02040	1.0999999999999999e-75	253.3	55.67	197.63
GCF_002077215.1	WP_041116353.1	K02406	1.2e-131	438.1	135.0	303.1
GCF_002077215.1	WP_024424680.1	K02556	1e-92	309.1	97.97	211.13
GCF_002077215.1	WP_034281540.1	K02557	6.499999999999999e-70	234.3	144.87	89.43
GCF_002077215.1	WP_081124377.1	K03407	2.6e-224	744.7	509.2	235.50000000000009
GCF_002077215.1	WP_007499584.1	K03413	1.6999999999999998e-47	160.3	135.0	25.30000000000001
GCF_002077215.1	WP_034280251.1	K06390	2.5e-131	435.9	217.4	218.5
GCF_002077215.1	WP_081124657.1	K07636	3.1e-123	410.2	327.73	82.46999999999997
GCF_002077215.1	WP_008348273.1	K07692	5e-113	374.3	267.17	107.13
GCF_002077215.1	WP_196797894.1	K19549	1.6e-227	752.8	689.47	63.32999999999993
GCF_002077215.1	WP_269466635.1	K19550	9.800000000000001e-133	438.8	388.33	50.47000000000003
GCF_002077215.1	WP_008347057.1	K23188	3.4e-140	466.2	460.43	5.769999999999982
GCF_002117165.1	WP_007408876.1	K00004	2.2e-140	465.9	376.97	88.92999999999995
GCF_002117165.1	WP_032872794.1	K00372	9.999999999999999e-277	918.4	909.57	8.829999999999927
GCF_002117165.1	WP_032874278.1	K01077	1.3000000000000001e-111	372.1	67.97	304.13
GCF_002117165.1	WP_032872722.1	K01113	1.6e-167	557.0	94.03	462.97
GCF_002117165.1	WP_007410365.1	K01915	1.3000000000000001e-108	362.2	37.7	324.5
GCF_002117165.1	WP_032874672.1	K02013	4.4000000000000005e-110	366.3	226.0	140.3
GCF_002117165.1	WP_032876563.1	K02015	7.9e-104	346.1	343.37	2.730000000000018
GCF_002117165.1	WP_032876560.1	K02016	3.3e-68	228.6	157.77	70.82999999999998
GCF_002117165.1	WP_032873997.1	K02036	1.5999999999999999e-137	456.3	268.53	187.77000000000004
GCF_002117165.1	WP_007612605.1	K02037	9.8e-98	326.5	260.07	66.43
GCF_002117165.1	WP_007408306.1	K02038	1.6999999999999999e-91	305.5	255.13	50.370000000000005
GCF_002117165.1	WP_007408304.1	K02040	1.1e-76	256.7	55.67	201.03
GCF_002117165.1	WP_032876173.1	K02406	1.7999999999999998e-138	460.6	135.0	325.6
GCF_002117165.1	WP_007408775.1	K02556	1.2999999999999999e-96	321.9	97.97	223.93
GCF_002117165.1	WP_003154685.1	K02557	1.8e-72	242.6	144.87	97.73
GCF_002117165.1	WP_032874918.1	K03407	9.6e-226	749.5	509.2	240.3
GCF_002117165.1	WP_003154238.1	K03413	1.2e-47	160.8	135.0	25.80000000000001
GCF_002117165.1	WP_032874043.1	K06390	1.7000000000000002e-130	433.2	217.4	215.8
GCF_002117165.1	WP_032873702.1	K07636	6.5e-126	419.0	327.73	91.26999999999998
GCF_002117165.1	WP_003219701.1	K07692	6.7e-113	373.9	267.17	106.72999999999996
GCF_002117165.1	WP_032875852.1	K19549	4.1e-252	833.7	689.47	144.23000000000002
GCF_002117165.1	WP_007407669.1	K19550	2.1e-141	467.2	388.33	78.87
GCF_002117165.1	WP_007407671.1	K19552	1.5e-257	851.7	730.4	121.30000000000008
GCF_002117165.1	WP_012118397.1	K23188	2.7e-143	476.4	460.43	15.96999999999997
GCF_002393225.1	WP_035337190.1	K00372	9.699999999999999e-278	922.0	909.57	12.42999999999995
GCF_002393225.1	WP_023857756.1	K01113	1.4000000000000001e-167	557.5	94.03	463.47
GCF_002393225.1	WP_020451550.1	K01915	2.3e-108	361.7	37.7	324.0
GCF_002393225.1	WP_043054605.1	K02013	2.4e-94	314.8	226.0	88.80000000000001
GCF_002393225.1	WP_075212665.1	K02016	2.4e-72	242.5	157.77	84.72999999999999
GCF_002393225.1	WP_023855209.1	K02036	2.7999999999999998e-140	465.7	268.53	197.17
GCF_002393225.1	WP_003183532.1	K02037	1.4000000000000001e-98	329.6	260.07	69.53000000000003
GCF_002393225.1	WP_025811149.1	K02038	9e-95	316.5	255.13	61.370000000000005
GCF_002393225.1	WP_023855212.1	K02040	1.3e-76	256.6	55.67	200.93
GCF_002393225.1	WP_020453106.1	K02406	6.2e-128	426.1	135.0	291.1
GCF_002393225.1	WP_020452604.1	K02556	4.7999999999999996e-95	317.0	97.97	219.03
GCF_002393225.1	WP_020451148.1	K02557	8.8e-73	243.9	144.87	99.03
GCF_002393225.1	WP_023857200.1	K03407	1.1e-223	742.9	509.2	233.7
GCF_002393225.1	WP_003181796.1	K03413	2.5e-46	156.7	135.0	21.69999999999999
GCF_002393225.1	WP_020452146.1	K06390	3.2e-131	435.8	217.4	218.4
GCF_002393225.1	WP_020452551.1	K07636	1.1e-123	411.9	327.73	84.16999999999996
GCF_002393225.1	WP_003185730.1	K07692	2.4e-112	372.3	267.17	105.13
GCF_002393225.1	WP_020452888.1	K23188	1.7999999999999998e-138	460.8	460.43	0.3700000000000045
GCF_002811125.1	WP_100740267.1	K00004	2.9e-139	462.2	376.97	85.22999999999996
GCF_002811125.1	WP_082022741.1	K01077	3.3e-117	390.7	67.97	322.73
GCF_002811125.1	WP_039075954.1	K01113	2.6999999999999998e-166	553.1	94.03	459.0700000000001
GCF_002811125.1	WP_010328577.1	K01915	5.4e-108	360.3	37.7	322.6
GCF_002811125.1	WP_100741562.1	K02013	7.5e-114	378.8	226.0	152.8
GCF_002811125.1	WP_100741160.1	K02015	4e-106	353.7	343.37	10.329999999999984
GCF_002811125.1	WP_039075534.1	K02016	2.7999999999999997e-68	228.9	157.77	71.13
GCF_002811125.1	WP_039074488.1	K02036	1.5e-141	469.6	268.53	201.07000000000005
GCF_002811125.1	WP_039074490.1	K02037	3.4000000000000003e-100	334.7	260.07	74.63
GCF_002811125.1	WP_010328221.1	K02038	4e-94	314.2	255.13	59.06999999999999
GCF_002811125.1	WP_039074558.1	K02040	4.2e-77	258.1	55.67	202.43
GCF_002811125.1	WP_039075354.1	K02406	3.2e-132	440.1	135.0	305.1
GCF_002811125.1	WP_039074773.1	K02556	5.299999999999999e-96	319.9	97.97	221.93
GCF_002811125.1	WP_039073751.1	K02557	5.8000000000000006e-71	237.8	144.87	92.93
GCF_002811125.1	WP_039073971.1	K03407	1.5e-225	748.9	509.2	239.7
GCF_002811125.1	WP_039073963.1	K03413	1.2999999999999999e-46	157.5	135.0	22.5
GCF_002811125.1	WP_100740140.1	K06390	1.6e-133	443.2	217.4	225.8
GCF_002811125.1	WP_100740516.1	K07636	2.5e-127	423.7	327.73	95.96999999999996
GCF_002811125.1	WP_003219701.1	K07692	7.1e-113	373.9	267.17	106.72999999999996
GCF_002811125.1	WP_039075146.1	K19549	1.1999999999999999e-247	819.1	689.47	129.63
GCF_002811125.1	WP_039075147.1	K19550	1.1999999999999999e-141	468.1	388.33	79.77000000000004
GCF_002811125.1	WP_039075145.1	K19552	9.9e-254	839.2	730.4	108.80000000000008
GCF_002811125.1	WP_082022707.1	K23188	8.5e-142	471.6	460.43	11.170000000000016
GCF_002966955.1	WP_016885148.1	K00372	9.000000000000001e-278	922.1	909.57	12.529999999999973
GCF_002966955.1	WP_003183293.1	K01077	8.6e-102	339.9	67.97	271.92999999999995
GCF_002966955.1	WP_003178586.1	K01113	2e-168	560.2	94.03	466.1700000000001
GCF_002966955.1	WP_003182145.1	K01915	1.5e-108	362.3	37.7	324.6
GCF_002966955.1	WP_003186508.1	K02013	1.1999999999999999e-95	319.0	226.0	93.0
GCF_002966955.1	WP_003185150.1	K02016	9.400000000000001e-72	240.5	157.77	82.72999999999999
GCF_002966955.1	WP_043928725.1	K02036	1.3999999999999999e-140	466.7	268.53	198.17
GCF_002966955.1	WP_003183532.1	K02037	1.3e-98	329.6	260.07	69.53000000000003
GCF_002966955.1	WP_003183530.1	K02038	8.6e-95	316.5	255.13	61.370000000000005
GCF_002966955.1	WP_003183534.1	K02040	3.4e-77	258.5	55.67	202.83
GCF_002966955.1	WP_003185695.1	K02406	3.1e-132	440.3	135.0	305.3
GCF_002966955.1	WP_009329389.1	K02556	2.2e-94	314.7	97.97	216.73
GCF_002966955.1	WP_003181091.1	K02557	2.7000000000000003e-73	245.5	144.87	100.63
GCF_002966955.1	WP_016885474.1	K03407	1.2e-224	746.1	509.2	236.90000000000003
GCF_002966955.1	WP_003181796.1	K03413	2.3999999999999997e-46	156.7	135.0	21.69999999999999
GCF_002966955.1	WP_003183411.1	K06390	1.4e-130	433.6	217.4	216.2
GCF_002966955.1	WP_003184312.1	K07636	4.2e-124	413.2	327.73	85.46999999999997
GCF_002966955.1	WP_003185730.1	K07692	2.3e-112	372.3	267.17	105.13
GCF_002993945.1	WP_105979288.1	K00372	2.1000000000000002e-277	920.9	909.57	11.329999999999927
GCF_002993945.1	WP_020452100.1	K01077	6.100000000000001e-101	337.1	67.97	269.13
GCF_002993945.1	WP_020449993.1	K01113	7.6e-168	558.3	94.03	464.27
GCF_002993945.1	WP_025811550.1	K01915	1.6e-108	362.2	37.7	324.5
GCF_002993945.1	WP_105980594.1	K02013	2.8e-94	314.5	226.0	88.5
GCF_002993945.1	WP_023856248.1	K02016	1.8e-72	242.8	157.77	85.03
GCF_002993945.1	WP_023855209.1	K02036	2.6e-140	465.7	268.53	197.17
GCF_002993945.1	WP_003183532.1	K02037	1.3e-98	329.6	260.07	69.53000000000003
GCF_002993945.1	WP_025811149.1	K02038	8.6e-95	316.5	255.13	61.370000000000005
GCF_002993945.1	WP_023855212.1	K02040	1.3e-76	256.6	55.67	200.93
GCF_002993945.1	WP_025810704.1	K02406	8.7e-134	445.4	135.0	310.4
GCF_002993945.1	WP_020452604.1	K02556	4.6e-95	317.0	97.97	219.03
GCF_002993945.1	WP_020451148.1	K02557	8.500000000000001e-73	243.9	144.87	99.03
GCF_002993945.1	WP_105978901.1	K03407	6.3e-224	743.6	509.2	234.40000000000003
GCF_002993945.1	WP_003181796.1	K03413	2.3999999999999997e-46	156.7	135.0	21.69999999999999
GCF_002993945.1	WP_199792214.1	K06390	1.9e-131	436.4	217.4	219.0
GCF_002993945.1	WP_020452551.1	K07636	1e-123	411.9	327.73	84.16999999999996
GCF_002993945.1	WP_003185730.1	K07692	2.3e-112	372.3	267.17	105.13
GCF_002993945.1	WP_020452888.1	K23188	1.7e-138	460.8	460.43	0.3700000000000045
GCF_003003575.1	WP_044152816.1	K00004	5.8e-141	467.8	376.97	90.82999999999998
GCF_003003575.1	WP_106295882.1	K01077	1.1e-115	385.6	67.97	317.63
GCF_003003575.1	WP_024121509.1	K01915	5.1999999999999995e-107	357.0	37.7	319.3
GCF_003003575.1	WP_106294344.1	K02013	2.6e-113	377.0	226.0	151.0
GCF_003003575.1	WP_044159082.1	K02015	9.5e-106	352.5	343.37	9.129999999999995
GCF_003003575.1	WP_106295665.1	K02016	1.3e-66	223.4	157.77	65.63
GCF_003003575.1	WP_044154551.1	K02036	5e-141	467.9	268.53	199.37
GCF_003003575.1	WP_024122067.1	K02037	1.2e-100	336.0	260.07	75.93
GCF_003003575.1	WP_024122066.1	K02038	8.6e-94	313.0	255.13	57.870000000000005
GCF_003003575.1	WP_044154545.1	K02040	6.1e-77	257.4	55.67	201.73
GCF_003003575.1	WP_024123018.1	K02406	2.5e-128	427.2	135.0	292.2
GCF_003003575.1	WP_044153831.1	K02556	1.9e-95	318.1	97.97	220.13
GCF_003003575.1	WP_059292887.1	K02557	1.1e-71	240.0	144.87	95.13
GCF_003003575.1	WP_044155876.1	K03407	4.0000000000000004e-226	750.7	509.2	241.50000000000009
GCF_003003575.1	WP_010334256.1	K03413	1.4e-47	160.6	135.0	25.599999999999994
GCF_003003575.1	WP_106293713.1	K06390	2.3e-134	445.9	217.4	228.5
GCF_003003575.1	WP_044153891.1	K07636	9.6e-126	418.4	327.73	90.66999999999996
GCF_003003575.1	WP_003219701.1	K07692	6.799999999999999e-113	373.9	267.17	106.72999999999996
GCF_003003575.1	WP_106294943.1	K19549	1.2e-250	828.9	689.47	139.42999999999995
GCF_003003575.1	WP_059335170.1	K19550	4.2e-143	472.8	388.33	84.47000000000003
GCF_003003575.1	WP_024123244.1	K19552	2.1e-255	844.6	730.4	114.20000000000005
GCF_003003575.1	WP_081638363.1	K23188	7.7e-142	471.7	460.43	11.269999999999982
GCF_003003625.1	WP_010787808.1	K00004	2e-137	456.2	376.97	79.22999999999996
GCF_003003625.1	WP_106272891.1	K01077	1.2e-112	375.6	67.97	307.63
GCF_003003625.1	WP_106273141.1	K01113	3.700000000000001e-164	546.0	94.03	451.97
GCF_003003625.1	WP_094232068.1	K01915	2.3e-108	361.5	37.7	323.8
GCF_003003625.1	WP_106271761.1	K02013	5.2e-106	353.0	226.0	127.0
GCF_003003625.1	WP_106272679.1	K02015	2.7e-106	354.3	343.37	10.930000000000009
GCF_003003625.1	WP_106272677.1	K02016	8.4e-67	224.0	157.77	66.22999999999999
GCF_003003625.1	WP_106270984.1	K02036	9.099999999999999e-141	467.1	268.53	198.57000000000005
GCF_003003625.1	WP_004429534.1	K02037	2e-98	328.8	260.07	68.73000000000002
GCF_003003625.1	WP_010789219.1	K02038	4.1999999999999997e-94	314.1	255.13	58.97000000000003
GCF_003003625.1	WP_004429533.1	K02040	2.2e-74	249.1	55.67	193.43
GCF_003003625.1	WP_106272550.1	K02406	3.8e-127	423.4	135.0	288.4
GCF_003003625.1	WP_003327311.1	K02556	3.5999999999999997e-93	310.6	97.97	212.63
GCF_003003625.1	WP_003327312.1	K02557	1.1e-72	243.4	144.87	98.53
GCF_003003625.1	WP_106271552.1	K03407	7.2e-222	736.7	509.2	227.50000000000009
GCF_003003625.1	WP_003328933.1	K03413	2.4e-47	159.9	135.0	24.90000000000001
GCF_003003625.1	WP_003325460.1	K06390	6.7e-133	441.1	217.4	223.7
GCF_003003625.1	WP_088117736.1	K07636	6.8e-123	409.1	327.73	81.37
GCF_003003625.1	WP_003219701.1	K07692	7.1e-113	373.9	267.17	106.72999999999996
GCF_003003625.1	WP_010789882.1	K23188	1.3e-140	467.7	460.43	7.269999999999982
GCF_003003645.1	WP_010787808.1	K00004	2.1e-137	456.2	376.97	79.22999999999996
GCF_003003645.1	WP_106360836.1	K00372	7.5e-275	912.4	909.57	2.8299999999999272
GCF_003003645.1	WP_106360728.1	K01077	4.7e-113	377.1	67.97	309.13
GCF_003003645.1	WP_106360862.1	K01113	1.5e-163	544.1	94.03	450.0700000000001
GCF_003003645.1	WP_094232068.1	K01915	2.4e-108	361.5	37.7	323.8
GCF_003003645.1	WP_106359701.1	K02013	1.7000000000000002e-106	354.7	226.0	128.7
GCF_003003645.1	WP_061669286.1	K02015	2.9e-106	354.3	343.37	10.930000000000009
GCF_003003645.1	WP_094232766.1	K02016	4.7e-67	224.9	157.77	67.13
GCF_003003645.1	WP_061669987.1	K02036	1.7999999999999998e-141	469.5	268.53	200.97000000000003
GCF_003003645.1	WP_106360528.1	K02038	1.1e-93	312.9	255.13	57.76999999999998
GCF_003003645.1	WP_088117587.1	K02040	4.500000000000001e-74	248.1	55.67	192.43
GCF_003003645.1	WP_094232853.1	K02406	2.2999999999999998e-127	424.2	135.0	289.2
GCF_003003645.1	WP_003327311.1	K02556	3.8e-93	310.6	97.97	212.63
GCF_003003645.1	WP_003327312.1	K02557	1.2e-72	243.4	144.87	98.53
GCF_003003645.1	WP_088117166.1	K03407	2.5e-221	735.0	509.2	225.8
GCF_003003645.1	WP_106359593.1	K03413	7.9e-48	161.6	135.0	26.599999999999994
GCF_003003645.1	WP_003325460.1	K06390	7.1e-133	441.1	217.4	223.7
GCF_003003645.1	WP_106360416.1	K07636	7.6e-123	409.0	327.73	81.26999999999998
GCF_003003645.1	WP_003219701.1	K07692	7.5e-113	373.9	267.17	106.72999999999996
GCF_003003645.1	WP_010789882.1	K23188	1.3999999999999999e-140	467.7	460.43	7.269999999999982
GCF_003441635.1	WP_003155800.1	K00004	2e-140	466.0	376.97	89.02999999999997
GCF_003441635.1	WP_003155322.1	K01077	1.2e-110	368.9	67.97	300.92999999999995
GCF_003441635.1	WP_043866804.1	K01113	6.2e-168	558.4	94.03	464.37
GCF_003441635.1	WP_003154048.1	K01915	1.3000000000000001e-108	362.3	37.7	324.6
GCF_003441635.1	WP_043867028.1	K02013	2.2e-109	364.0	226.0	138.0
GCF_003441635.1	WP_072588403.1	K02015	8.300000000000001e-104	346.1	343.37	2.730000000000018
GCF_003441635.1	WP_072588402.1	K02016	1e-68	230.3	157.77	72.53
GCF_003441635.1	WP_003153040.1	K02036	2e-137	456.0	268.53	187.47000000000003
GCF_003441635.1	WP_003153034.1	K02037	9e-98	326.6	260.07	66.53000000000003
GCF_003441635.1	WP_003153036.1	K02038	9.899999999999999e-91	303.0	255.13	47.870000000000005
GCF_003441635.1	WP_003153032.1	K02040	2.8e-76	255.3	55.67	199.63
GCF_003441635.1	WP_007407474.1	K02406	6.699999999999999e-138	458.8	135.0	323.8
GCF_003441635.1	WP_003152386.1	K02556	5.6e-97	323.1	97.97	225.13
GCF_003441635.1	WP_003154685.1	K02557	1.8e-72	242.6	144.87	97.73
GCF_003441635.1	WP_015388231.1	K03407	1.2e-225	749.2	509.2	240.00000000000009
GCF_003441635.1	WP_003154238.1	K03413	1.2e-47	160.8	135.0	25.80000000000001
GCF_003441635.1	WP_196479392.1	K03837	2.1e-170	564.8	526.93	37.870000000000005
GCF_003441635.1	WP_072588446.1	K06390	1.5000000000000001e-130	433.3	217.4	215.9
GCF_003441635.1	WP_015387864.1	K07636	4.6e-126	419.5	327.73	91.76999999999998
GCF_003441635.1	WP_003219701.1	K07692	6.9e-113	373.9	267.17	106.72999999999996
GCF_003441635.1	WP_060387230.1	K19549	4.3000000000000004e-252	833.7	689.47	144.23000000000002
GCF_003441635.1	WP_003151010.1	K19550	6.5e-141	465.6	388.33	77.27000000000004
GCF_003441635.1	WP_003151007.1	K19552	4.4e-257	850.2	730.4	119.80000000000008
GCF_003441635.1	WP_003151820.1	K23188	3.7e-143	476.0	460.43	15.569999999999991
GCF_003667745.1	WP_007408876.1	K00004	2.4e-140	465.9	376.97	88.92999999999995
GCF_003667745.1	WP_021494198.1	K00372	5.1e-277	919.5	909.57	9.92999999999995
GCF_003667745.1	WP_021494911.1	K01077	3.2000000000000002e-111	371.0	67.97	303.03
GCF_003667745.1	WP_021495297.1	K01113	1.6e-167	557.2	94.03	463.1700000000001
GCF_003667745.1	WP_007410365.1	K01915	1.4e-108	362.2	37.7	324.5
GCF_003667745.1	WP_021493796.1	K02013	2.6e-109	363.9	226.0	137.89999999999998
GCF_003667745.1	WP_014721787.1	K02015	2.5e-103	344.6	343.37	1.2300000000000182
GCF_003667745.1	WP_012118415.1	K02016	2e-68	229.4	157.77	71.63
GCF_003667745.1	WP_014418390.1	K02036	5.6e-138	458.0	268.53	189.47000000000003
GCF_003667745.1	WP_007612605.1	K02037	1.1e-97	326.5	260.07	66.43
GCF_003667745.1	WP_007408306.1	K02038	1.8e-91	305.5	255.13	50.370000000000005
GCF_003667745.1	WP_007408304.1	K02040	1.2e-76	256.7	55.67	201.03
GCF_003667745.1	WP_021494094.1	K02406	4.2999999999999994e-139	462.8	135.0	327.8
GCF_003667745.1	WP_003152386.1	K02556	5.999999999999999e-97	323.1	97.97	225.13
GCF_003667745.1	WP_017417652.1	K02557	2.2e-72	242.5	144.87	97.63
GCF_003667745.1	WP_021493681.1	K03407	6.6e-225	746.8	509.2	237.6
GCF_003667745.1	WP_003154238.1	K03413	1.2999999999999998e-47	160.8	135.0	25.80000000000001
GCF_003667745.1	WP_205600435.1	K03837	1.5e-170	565.4	526.93	38.47000000000003
GCF_003667745.1	WP_017418128.1	K06390	1.9000000000000003e-130	433.1	217.4	215.7
GCF_003667745.1	WP_021494433.1	K07636	1.2e-125	418.2	327.73	90.46999999999996
GCF_003667745.1	WP_003219701.1	K07692	7.3e-113	373.9	267.17	106.72999999999996
GCF_003667745.1	WP_021494772.1	K19549	4.8e-252	833.6	689.47	144.13
GCF_003667745.1	WP_021494773.1	K19550	4.7999999999999996e-141	466.2	388.33	77.87
GCF_003667745.1	WP_021494771.1	K19552	3e-257	850.8	730.4	120.39999999999998
GCF_003667745.1	WP_014418835.1	K23188	3.9e-143	476.0	460.43	15.569999999999991
GCF_004006435.1	WP_024120423.1	K00004	5.1999999999999996e-141	468.0	376.97	91.02999999999996
GCF_004006435.1	WP_127696022.1	K00372	6.5e-279	925.8	909.57	16.229999999999905
GCF_004006435.1	WP_127695865.1	K01077	8.799999999999999e-116	386.0	67.97	318.03
GCF_004006435.1	WP_127696073.1	K01113	3.2000000000000004e-164	546.3	94.03	452.27
GCF_004006435.1	WP_024121509.1	K01915	5.7e-107	357.0	37.7	319.3
GCF_004006435.1	WP_127695384.1	K02013	2.3999999999999998e-113	377.2	226.0	151.2
GCF_004006435.1	WP_127696485.1	K02015	3.2e-106	354.1	343.37	10.730000000000018
GCF_004006435.1	WP_127696484.1	K02016	5.899999999999999e-68	227.9	157.77	70.13
GCF_004006435.1	WP_024122064.1	K02036	6.9e-142	470.8	268.53	202.27000000000004
GCF_004006435.1	WP_024122067.1	K02037	1.4e-100	336.0	260.07	75.93
GCF_004006435.1	WP_127696764.1	K02038	3.2999999999999997e-93	311.2	255.13	56.06999999999999
GCF_004006435.1	WP_024122068.1	K02040	5.4e-77	257.7	55.67	202.03
GCF_004006435.1	WP_106019634.1	K02406	3.8999999999999995e-129	430.0	135.0	295.0
GCF_004006435.1	WP_024122512.1	K02556	1.6e-95	318.4	97.97	220.43
GCF_004006435.1	WP_024121173.1	K02557	1.2e-71	240.0	144.87	95.13
GCF_004006435.1	WP_106020713.1	K03407	3.7e-226	750.9	509.2	241.7
GCF_004006435.1	WP_010334256.1	K03413	1.4999999999999998e-47	160.6	135.0	25.599999999999994
GCF_004006435.1	WP_024122021.1	K06390	4.4e-134	445.0	217.4	227.6
GCF_004006435.1	WP_106020250.1	K07636	2.4e-125	417.2	327.73	89.46999999999997
GCF_004006435.1	WP_003219701.1	K07692	7.4e-113	373.9	267.17	106.72999999999996
GCF_004006435.1	WP_024123243.1	K19549	3.2e-250	827.6	689.47	138.13
GCF_004006435.1	WP_105954423.1	K19550	4.9e-143	472.7	388.33	84.37
GCF_004006435.1	WP_024123244.1	K19552	2.3e-255	844.6	730.4	114.20000000000005
GCF_004006435.1	WP_081638363.1	K23188	8.3e-142	471.7	460.43	11.269999999999982
GCF_004116955.1	WP_010329049.1	K00004	5e-140	464.8	376.97	87.82999999999998
GCF_004116955.1	WP_010331339.1	K00372	6.7e-282	935.7	909.57	26.129999999999995
GCF_004116955.1	WP_010331132.1	K01077	3.7e-117	390.7	67.97	322.73
GCF_004116955.1	WP_010331406.1	K01113	3.2999999999999996e-166	552.9	94.03	458.87
GCF_004116955.1	WP_010328577.1	K01915	5.8e-108	360.3	37.7	322.6
GCF_004116955.1	WP_010330477.1	K02013	5.9e-114	379.3	226.0	153.3
GCF_004116955.1	WP_010330049.1	K02015	1.4e-106	355.4	343.37	12.029999999999973
GCF_004116955.1	WP_010330050.1	K02016	2.6e-68	229.1	157.77	71.32999999999998
GCF_004116955.1	WP_026014432.1	K02036	8.4e-142	470.6	268.53	202.07000000000005
GCF_004116955.1	WP_010328220.1	K02037	4.6e-100	334.3	260.07	74.23000000000002
GCF_004116955.1	WP_010328221.1	K02038	4.3e-94	314.2	255.13	59.06999999999999
GCF_004116955.1	WP_010328219.1	K02040	4.3e-77	258.1	55.67	202.43
GCF_004116955.1	WP_010328745.1	K02406	6e-127	422.8	135.0	287.8
GCF_004116955.1	WP_010329592.1	K02556	8.7e-96	319.3	97.97	221.33
GCF_004116955.1	WP_041952540.1	K02557	5.6e-71	237.9	144.87	93.03
GCF_004116955.1	WP_010331082.1	K03407	2.6e-225	748.2	509.2	239.00000000000009
GCF_004116955.1	WP_010331092.1	K03413	5.5e-47	158.8	135.0	23.80000000000001
GCF_004116955.1	WP_010328279.1	K06390	1.7000000000000002e-133	443.1	217.4	225.7
GCF_004116955.1	WP_010329692.1	K07636	4.899999999999999e-127	422.9	327.73	95.16999999999996
GCF_004116955.1	WP_003219701.1	K07692	7.6e-113	373.9	267.17	106.72999999999996
GCF_004116955.1	WP_010328993.1	K19549	2.9999999999999997e-248	821.2	689.47	131.73000000000002
GCF_004116955.1	WP_010328992.1	K19550	1e-141	468.4	388.33	80.07
GCF_004116955.1	WP_026014463.1	K19552	2.6000000000000002e-253	837.9	730.4	107.5
GCF_004116955.1	WP_082246356.1	K23188	6.6e-142	472.0	460.43	11.569999999999991
GCF_004328925.1	WP_003234015.1	K00004	1.5e-141	469.8	376.97	92.82999999999998
GCF_004328925.1	WP_131227095.1	K00372	3e-279	927.0	909.57	17.42999999999995
GCF_004328925.1	WP_131227262.1	K01077	4.2e-113	377.2	67.97	309.23
GCF_004328925.1	WP_131227084.1	K01113	2.7000000000000002e-165	549.8	94.03	455.77
GCF_004328925.1	WP_015252037.1	K01915	3.6e-107	357.7	37.7	320.0
GCF_004328925.1	WP_131227360.1	K02013	1.6e-115	384.4	226.0	158.39999999999998
GCF_004328925.1	WP_046381317.1	K02015	1.6999999999999998e-105	351.8	343.37	8.430000000000007
GCF_004328925.1	WP_003243040.1	K02016	1.4999999999999998e-68	229.8	157.77	72.03
GCF_004328925.1	WP_014480273.1	K02036	3.9999999999999994e-142	471.7	268.53	203.17
GCF_004328925.1	WP_014477352.1	K02037	1.6e-100	335.8	260.07	75.73000000000002
GCF_004328925.1	WP_029317900.1	K02038	2.7e-94	314.9	255.13	59.76999999999998
GCF_004328925.1	WP_017696171.1	K02040	2.2e-77	259.1	55.67	203.43
GCF_004328925.1	WP_021480711.1	K02406	1.4000000000000001e-126	421.6	135.0	286.6
GCF_004328925.1	WP_015714528.1	K02556	1.5e-94	315.2	97.97	217.23
GCF_004328925.1	WP_131227367.1	K02557	4.4e-72	241.6	144.87	96.73
GCF_004328925.1	WP_131227422.1	K03407	4.0000000000000004e-225	747.6	509.2	238.40000000000003
GCF_004328925.1	WP_014476812.1	K03413	5.7e-48	162.1	135.0	27.099999999999994
GCF_004328925.1	WP_003230226.1	K06390	4.7e-132	438.4	217.4	221.0
GCF_004328925.1	WP_131227831.1	K07636	1.7000000000000001e-125	417.8	327.73	90.07
GCF_004328925.1	WP_003219701.1	K07692	7.7e-113	373.9	267.17	106.72999999999996
GCF_004328925.1	WP_131228211.1	K19549	3.3e-253	837.5	689.47	148.02999999999997
GCF_004328925.1	WP_131228210.1	K19550	6.400000000000001e-144	475.6	388.33	87.27000000000004
GCF_004328925.1	WP_080529927.1	K19552	1.0999999999999999e-256	849.1	730.4	118.70000000000005
GCF_004328925.1	WP_010886609.1	K23188	8.6e-142	471.7	460.43	11.269999999999982
GCF_004378445.1	WP_007408876.1	K00004	2.2e-140	465.9	376.97	88.92999999999995
GCF_004378445.1	WP_029973912.1	K00372	1.4e-276	918.0	909.57	8.42999999999995
GCF_004378445.1	WP_017417347.1	K01077	1.9e-111	371.6	67.97	303.63
GCF_004378445.1	WP_029973941.1	K01113	2.5e-168	559.7	94.03	465.6700000000001
GCF_004378445.1	WP_007410365.1	K01915	1.3000000000000001e-108	362.2	37.7	324.5
GCF_004378445.1	WP_029974684.1	K02013	6.3e-110	365.8	226.0	139.8
GCF_004378445.1	WP_014721787.1	K02015	2.4e-103	344.6	343.37	1.2300000000000182
GCF_004378445.1	WP_014418855.1	K02016	4.7e-68	228.1	157.77	70.32999999999998
GCF_004378445.1	WP_014418390.1	K02036	5.2999999999999997e-138	458.0	268.53	189.47000000000003
GCF_004378445.1	WP_014418391.1	K02037	1.1e-97	326.3	260.07	66.23000000000002
GCF_004378445.1	WP_007408306.1	K02038	1.6999999999999999e-91	305.5	255.13	50.370000000000005
GCF_004378445.1	WP_007408304.1	K02040	1.1e-76	256.7	55.67	201.03
GCF_004378445.1	WP_021494094.1	K02406	4.0999999999999994e-139	462.8	135.0	327.8
GCF_004378445.1	WP_007408775.1	K02556	1.2999999999999999e-96	321.9	97.97	223.93
GCF_004378445.1	WP_017417652.1	K02557	2.0000000000000002e-72	242.5	144.87	97.63
GCF_004378445.1	WP_029973461.1	K03407	1.1e-224	746.0	509.2	236.8
GCF_004378445.1	WP_003154238.1	K03413	1.2e-47	160.8	135.0	25.80000000000001
GCF_004378445.1	WP_199768232.1	K03837	1.6000000000000002e-170	565.2	526.93	38.270000000000095
GCF_004378445.1	WP_017418128.1	K06390	1.8e-130	433.1	217.4	215.7
GCF_004378445.1	WP_029973338.1	K07636	8.7e-126	418.6	327.73	90.87
GCF_004378445.1	WP_003219701.1	K07692	6.9e-113	373.9	267.17	106.72999999999996
GCF_004378445.1	WP_021494772.1	K19549	4.600000000000001e-252	833.6	689.47	144.13
GCF_004378445.1	WP_021494773.1	K19550	4.5e-141	466.2	388.33	77.87
GCF_004378445.1	WP_029972889.1	K19552	4.6e-257	850.1	730.4	119.70000000000005
GCF_004378445.1	WP_014418835.1	K23188	3.7e-143	476.0	460.43	15.569999999999991
GCF_004563755.2	WP_008342621.1	K00004	2.2e-140	465.9	376.97	88.92999999999995
GCF_004563755.2	WP_135009145.1	K00372	1.3e-278	924.7	909.57	15.129999999999995
GCF_004563755.2	WP_096881187.1	K01077	2e-107	358.4	67.97	290.42999999999995
GCF_004563755.2	WP_007499421.1	K01915	2.3e-108	361.5	37.7	323.8
GCF_004563755.2	WP_135009475.1	K02013	8.9e-118	391.7	226.0	165.7
GCF_004563755.2	WP_135009692.1	K02015	4.1e-106	353.7	343.37	10.329999999999984
GCF_004563755.2	WP_135009691.1	K02016	1.6e-67	226.4	157.77	68.63
GCF_004563755.2	WP_017367606.1	K02036	3.7e-139	461.8	268.53	193.27000000000004
GCF_004563755.2	WP_017357999.1	K02037	2.5e-96	321.9	260.07	61.829999999999984
GCF_004563755.2	WP_007501259.1	K02038	5.699999999999999e-96	320.3	255.13	65.17000000000002
GCF_004563755.2	WP_017367609.1	K02040	1.6e-75	252.8	55.67	197.13
GCF_004563755.2	WP_041092274.1	K02406	6.799999999999999e-129	429.1	135.0	294.1
GCF_004563755.2	WP_008346088.1	K02556	2.1e-92	308.1	97.97	210.13
GCF_004563755.2	WP_024719648.1	K02557	6.6e-70	234.3	144.87	89.43
GCF_004563755.2	WP_024720362.1	K03407	5.899999999999999e-226	750.2	509.2	241.00000000000009
GCF_004563755.2	WP_003212360.1	K03413	4e-47	159.2	135.0	24.19999999999999
GCF_004563755.2	WP_024718857.1	K06390	1.8e-133	443.0	217.4	225.6
GCF_004563755.2	WP_017358268.1	K07636	1.3000000000000002e-124	414.8	327.73	87.07
GCF_004563755.2	WP_008348273.1	K07692	5.2e-113	374.3	267.17	107.13
GCF_004563755.2	WP_186365897.1	K19549	2.1e-224	742.5	689.47	53.02999999999997
GCF_004563755.2	WP_328593038.1	K19550	2.5e-131	434.3	388.33	45.97000000000003
GCF_004563755.2	WP_008347057.1	K23188	3.5e-140	466.2	460.43	5.769999999999982
GCF_005234095.1	WP_086343528.1	K00004	2.1999999999999998e-141	469.3	376.97	92.32999999999998
GCF_005234095.1	WP_128737487.1	K00372	2.7e-280	930.3	909.57	20.729999999999905
GCF_005234095.1	WP_080009778.1	K01077	2.9e-113	377.7	67.97	309.73
GCF_005234095.1	WP_014475691.1	K01113	1.6e-165	550.5	94.03	456.47
GCF_005234095.1	WP_003231737.1	K01915	1.8e-107	358.6	37.7	320.90000000000003
GCF_005234095.1	WP_134982463.1	K02013	4.4999999999999996e-116	386.2	226.0	160.2
GCF_005234095.1	WP_086344301.1	K02015	1.6e-105	351.8	343.37	8.430000000000007
GCF_005234095.1	WP_086344302.1	K02016	9.1e-70	233.8	157.77	76.03
GCF_005234095.1	WP_014480273.1	K02036	3.8e-142	471.7	268.53	203.17
GCF_005234095.1	WP_015714268.1	K02037	1.8e-100	335.6	260.07	75.53000000000003
GCF_005234095.1	WP_003230103.1	K02038	1.9e-94	315.3	255.13	60.170000000000016
GCF_005234095.1	WP_014477353.1	K02040	3e-77	258.5	55.67	202.83
GCF_005234095.1	WP_032726957.1	K02406	9.5e-131	435.3	135.0	300.3
GCF_005234095.1	WP_014477672.1	K02556	1.8e-94	315.0	97.97	217.03
GCF_005234095.1	WP_003232473.1	K02557	4.2e-72	241.5	144.87	96.63
GCF_005234095.1	WP_015483230.1	K03407	2.8e-225	748.0	509.2	238.8
GCF_005234095.1	WP_014476812.1	K03413	5.4e-48	162.1	135.0	27.099999999999994
GCF_005234095.1	WP_086344072.1	K06390	4.5e-132	438.4	217.4	221.0
GCF_005234095.1	WP_134982329.1	K07636	4.2000000000000005e-125	416.4	327.73	88.66999999999996
GCF_005234095.1	WP_003219701.1	K07692	7.3e-113	373.9	267.17	106.72999999999996
GCF_005234095.1	WP_003242568.1	K19549	1.7e-254	841.6	689.47	152.13
GCF_005234095.1	WP_029726228.1	K19550	4.2e-144	476.2	388.33	87.87
GCF_005234095.1	WP_080529927.1	K19552	1e-256	849.1	730.4	118.70000000000005
GCF_005234095.1	WP_010886609.1	K23188	8.2e-142	471.7	460.43	11.269999999999982
GCF_008831405.1	WP_003234015.1	K00004	1.5e-141	469.8	376.97	92.82999999999998
GCF_008831405.1	WP_038427346.1	K00372	6.3e-281	932.5	909.57	22.92999999999995
GCF_008831405.1	WP_072692869.1	K01077	4.7e-113	377.0	67.97	309.03
GCF_008831405.1	WP_038427315.1	K01113	9.9e-166	551.3	94.03	457.27
GCF_008831405.1	WP_015252037.1	K01915	3.5e-107	357.7	37.7	320.0
GCF_008831405.1	WP_029727026.1	K02013	2.6e-115	383.7	226.0	157.7
GCF_008831405.1	WP_009968147.1	K02015	2.5e-105	351.2	343.37	7.829999999999984
GCF_008831405.1	WP_003243040.1	K02016	1.4999999999999998e-68	229.8	157.77	72.03
GCF_008831405.1	WP_014480273.1	K02036	3.8999999999999996e-142	471.7	268.53	203.17
GCF_008831405.1	WP_015714268.1	K02037	1.8e-100	335.6	260.07	75.53000000000003
GCF_008831405.1	WP_003230103.1	K02038	1.9e-94	315.3	255.13	60.170000000000016
GCF_008831405.1	WP_029726710.1	K02040	1.7e-77	259.4	55.67	203.73
GCF_008831405.1	WP_029725988.1	K02406	3.6e-133	443.3	135.0	308.3
GCF_008831405.1	WP_014477672.1	K02556	1.8e-94	315.0	97.97	217.03
GCF_008831405.1	WP_003232473.1	K02557	4.3e-72	241.5	144.87	96.63
GCF_008831405.1	WP_014476817.1	K03407	2.5e-225	748.2	509.2	239.00000000000009
GCF_008831405.1	WP_014476812.1	K03413	5.5e-48	162.1	135.0	27.099999999999994
GCF_008831405.1	WP_032722103.1	K06390	3.8e-132	438.7	217.4	221.3
GCF_008831405.1	WP_029726381.1	K07636	6.900000000000001e-125	415.8	327.73	88.07
GCF_008831405.1	WP_003219701.1	K07692	7.4e-113	373.9	267.17	106.72999999999996
GCF_008831405.1	WP_038427998.1	K19549	4.7e-254	840.2	689.47	150.73000000000002
GCF_008831405.1	WP_038427997.1	K19550	2.4e-144	477.0	388.33	88.67000000000002
GCF_008831405.1	WP_014481236.1	K19552	5.899999999999999e-257	849.9	730.4	119.5
GCF_008831405.1	WP_010886609.1	K23188	8.4e-142	471.7	460.43	11.269999999999982
GCF_012955605.1	WP_170008294.1	K01077	3.9000000000000004e-98	327.3	67.97	259.33000000000004
GCF_012955605.1	WP_170007272.1	K01915	5.3e-108	359.9	37.7	322.2
GCF_012955605.1	WP_170007555.1	K02013	5.7e-103	342.6	226.0	116.60000000000002
GCF_012955605.1	WP_170006210.1	K02016	2.2e-48	163.0	157.77	5.22999999999999
GCF_012955605.1	WP_170007673.1	K02036	1.6e-142	472.5	268.53	203.97000000000003
GCF_012955605.1	WP_170007675.1	K02037	5.2000000000000004e-108	360.1	260.07	100.03000000000004
GCF_012955605.1	WP_170007674.1	K02038	2.3e-97	324.5	255.13	69.37
GCF_012955605.1	WP_170007676.1	K02040	6.600000000000001e-78	260.3	55.67	204.63
GCF_012955605.1	WP_170008372.1	K02556	6.9e-94	312.6	97.97	214.63
GCF_012955605.1	WP_170007949.1	K02557	1.3e-74	249.4	144.87	104.53
GCF_012955605.1	WP_170007394.1	K03407	2.3000000000000004e-224	744.6	509.2	235.40000000000003
GCF_012955605.1	WP_170007404.1	K03413	9.7e-47	157.5	135.0	22.5
GCF_012955605.1	WP_170007253.1	K03833	2.4000000000000004e-130	434.0	304.43	129.57
GCF_012955605.1	WP_170007624.1	K06390	1.6e-124	413.2	217.4	195.8
GCF_012955605.1	WP_228027619.1	K07636	1.2e-129	431.0	327.73	103.26999999999998
GCF_012955605.1	WP_170008243.1	K07692	4.8e-110	364.2	267.17	97.02999999999996
GCF_012955605.1	WP_170006391.1	K23187	6.3e-110	365.6	357.63	7.970000000000027
GCF_012955605.1	WP_170008095.1	K23188	5e-140	465.4	460.43	4.96999999999997
GCF_013342875.1	WP_029946299.1	K00004	2.5e-141	469.1	376.97	92.13
GCF_013342875.1	WP_047182059.1	K00372	4.3e-279	926.4	909.57	16.829999999999927
GCF_013342875.1	WP_080344160.1	K01077	4e-113	377.3	67.97	309.33000000000004
GCF_013342875.1	WP_015382673.1	K01113	1.5000000000000001e-165	550.7	94.03	456.6700000000001
GCF_013342875.1	WP_003231737.1	K01915	1.8999999999999998e-107	358.6	37.7	320.90000000000003
GCF_013342875.1	WP_015483147.1	K02013	1.4e-116	387.9	226.0	161.89999999999998
GCF_013342875.1	WP_047183161.1	K02015	1.3999999999999998e-105	352.1	343.37	8.730000000000018
GCF_013342875.1	WP_015384616.1	K02016	5.1e-69	231.4	157.77	73.63
GCF_013342875.1	WP_014480273.1	K02036	3.8999999999999996e-142	471.7	268.53	203.17
GCF_013342875.1	WP_015714268.1	K02037	1.9e-100	335.6	260.07	75.53000000000003
GCF_013342875.1	WP_174616720.1	K02038	2.8e-94	314.8	255.13	59.670000000000016
GCF_013342875.1	WP_047182883.1	K02040	9.4e-78	260.3	55.67	204.63
GCF_013342875.1	WP_029725988.1	K02406	3.6e-133	443.3	135.0	308.3
GCF_013342875.1	WP_014477672.1	K02556	1.9e-94	315.0	97.97	217.03
GCF_013342875.1	WP_003232473.1	K02557	4.4e-72	241.5	144.87	96.63
GCF_013342875.1	WP_015483230.1	K03407	2.9000000000000004e-225	748.0	509.2	238.8
GCF_013342875.1	WP_014476812.1	K03413	5.6e-48	162.1	135.0	27.099999999999994
GCF_013342875.1	WP_003230226.1	K06390	4.6e-132	438.4	217.4	221.0
GCF_013342875.1	WP_047183011.1	K07636	4.4e-126	419.7	327.73	91.96999999999996
GCF_013342875.1	WP_003219701.1	K07692	7.6e-113	373.9	267.17	106.72999999999996
GCF_013342875.1	WP_174616694.1	K19549	2.9e-252	834.4	689.47	144.92999999999995
GCF_013342875.1	WP_029726228.1	K19550	4.4e-144	476.2	388.33	87.87
GCF_013342875.1	WP_015384956.1	K19552	1.5e-256	848.6	730.4	118.20000000000005
GCF_013342875.1	WP_010886609.1	K23188	8.5e-142	471.7	460.43	11.269999999999982
GCF_013347105.1	WP_024120423.1	K00004	5.399999999999999e-141	468.0	376.97	91.02999999999996
GCF_013347105.1	WP_106021076.1	K00372	3e-279	927.0	909.57	17.42999999999995
GCF_013347105.1	WP_106020847.1	K01077	4.7e-116	387.0	67.97	319.03
GCF_013347105.1	WP_106021195.1	K01113	2.9e-164	546.5	94.03	452.47
GCF_013347105.1	WP_024121509.1	K01915	5.9e-107	357.0	37.7	319.3
GCF_013347105.1	WP_106020420.1	K02013	5e-113	376.2	226.0	150.2
GCF_013347105.1	WP_106019542.1	K02015	4e-106	353.9	343.37	10.529999999999973
GCF_013347105.1	WP_024122808.1	K02016	6.5e-68	227.8	157.77	70.03
GCF_013347105.1	WP_024122064.1	K02036	7.1e-142	470.8	268.53	202.27000000000004
GCF_013347105.1	WP_024122067.1	K02037	1.4e-100	336.0	260.07	75.93
GCF_013347105.1	WP_024122066.1	K02038	9.7e-94	313.0	255.13	57.870000000000005
GCF_013347105.1	WP_024122068.1	K02040	5.6e-77	257.7	55.67	202.03
GCF_013347105.1	WP_106019634.1	K02406	4e-129	430.0	135.0	295.0
GCF_013347105.1	WP_024122512.1	K02556	1.7e-95	318.4	97.97	220.43
GCF_013347105.1	WP_024121173.1	K02557	1.3000000000000001e-71	240.0	144.87	95.13
GCF_013347105.1	WP_106020713.1	K03407	3.8e-226	750.9	509.2	241.7
GCF_013347105.1	WP_010334256.1	K03413	1.6e-47	160.6	135.0	25.599999999999994
GCF_013347105.1	WP_024122021.1	K06390	4.6e-134	445.0	217.4	227.6
GCF_013347105.1	WP_106020250.1	K07636	2.5000000000000004e-125	417.2	327.73	89.46999999999997
GCF_013347105.1	WP_003219701.1	K07692	7.6e-113	373.9	267.17	106.72999999999996
GCF_013347105.1	WP_024123243.1	K19549	3.3e-250	827.6	689.47	138.13
GCF_013347105.1	WP_105954423.1	K19550	5e-143	472.7	388.33	84.37
GCF_013347105.1	WP_024123244.1	K19552	2.4e-255	844.6	730.4	114.20000000000005
GCF_013347105.1	WP_081638363.1	K23188	8.6e-142	471.7	460.43	11.269999999999982
GCF_013348705.1	WP_012116982.1	K00004	1.6e-140	466.3	376.97	89.32999999999998
GCF_013348705.1	WP_011996307.1	K00372	4.1000000000000004e-277	919.7	909.57	10.129999999999995
GCF_013348705.1	WP_012117173.1	K01077	7e-111	369.7	67.97	301.73
GCF_013348705.1	WP_011996268.1	K01113	7.6e-168	558.1	94.03	464.0700000000001
GCF_013348705.1	WP_007410365.1	K01915	1.3000000000000001e-108	362.2	37.7	324.5
GCF_013348705.1	WP_012117397.1	K02013	3.6e-111	369.9	226.0	143.89999999999998
GCF_013348705.1	WP_012118414.1	K02015	9.100000000000001e-104	345.9	343.37	2.5299999999999727
GCF_013348705.1	WP_012118415.1	K02016	1.7999999999999998e-68	229.4	157.77	71.63
GCF_013348705.1	WP_003153040.1	K02036	2e-137	456.0	268.53	187.47000000000003
GCF_013348705.1	WP_012117997.1	K02037	8.6e-98	326.6	260.07	66.53000000000003
GCF_013348705.1	WP_012117996.1	K02038	1.9e-91	305.3	255.13	50.170000000000016
GCF_013348705.1	WP_012117998.1	K02040	1.7e-76	256.0	55.67	200.33
GCF_013348705.1	WP_007614094.1	K02406	5.2999999999999997e-138	459.1	135.0	324.1
GCF_013348705.1	WP_012118208.1	K02556	1.2999999999999999e-96	321.8	97.97	223.83
GCF_013348705.1	WP_003154685.1	K02557	1.8e-72	242.6	144.87	97.73
GCF_013348705.1	WP_023356898.1	K03407	3.5000000000000003e-225	747.6	509.2	238.40000000000003
GCF_013348705.1	WP_003154238.1	K03413	1.2e-47	160.8	135.0	25.80000000000001
GCF_013348705.1	WP_012117969.1	K06390	8.9e-131	434.1	217.4	216.7
GCF_013348705.1	WP_012118165.1	K07636	6.1e-126	419.1	327.73	91.37
GCF_013348705.1	WP_003219701.1	K07692	6.7e-113	373.9	267.17	106.72999999999996
GCF_013348705.1	WP_012118704.1	K19549	8.4e-252	832.7	689.47	143.23000000000002
GCF_013348705.1	WP_007407669.1	K19550	2.1e-141	467.2	388.33	78.87
GCF_013348705.1	WP_012118705.1	K19552	4.4e-257	850.2	730.4	119.80000000000008
GCF_013348705.1	WP_012118397.1	K23188	2.7e-143	476.4	460.43	15.96999999999997
GCF_014042035.1	WP_182069286.1	K00372	3.7999999999999995e-279	926.6	909.57	17.029999999999973
GCF_014042035.1	WP_182070412.1	K01077	1.7e-99	332.3	67.97	264.33000000000004
GCF_014042035.1	WP_182069465.1	K01113	2.2000000000000003e-168	560.0	94.03	465.97
GCF_014042035.1	WP_003182145.1	K01915	1.4e-108	362.3	37.7	324.6
GCF_014042035.1	WP_182071119.1	K02013	5.0999999999999996e-95	316.8	226.0	90.8
GCF_014042035.1	WP_182070076.1	K02016	5.9e-72	241.1	157.77	83.32999999999998
GCF_014042035.1	WP_023855209.1	K02036	2.6e-140	465.7	268.53	197.17
GCF_014042035.1	WP_003183532.1	K02037	1.3e-98	329.6	260.07	69.53000000000003
GCF_014042035.1	WP_182070370.1	K02038	2e-95	318.6	255.13	63.47000000000003
GCF_014042035.1	WP_043928726.1	K02040	6.2e-75	251.0	55.67	195.33
GCF_014042035.1	WP_146874673.1	K02406	2.6e-130	433.9	135.0	298.9
GCF_014042035.1	WP_076791151.1	K02556	8.1e-94	312.8	97.97	214.83
GCF_014042035.1	WP_154996025.1	K02557	2.5000000000000002e-73	245.6	144.87	100.73
GCF_014042035.1	WP_182070680.1	K03407	3.0000000000000003e-224	744.7	509.2	235.50000000000009
GCF_014042035.1	WP_003181796.1	K03413	2.3e-46	156.7	135.0	21.69999999999999
GCF_014042035.1	WP_182070395.1	K06390	1.8e-131	436.5	217.4	219.1
GCF_014042035.1	WP_182070238.1	K07636	2.7e-124	413.8	327.73	86.07
GCF_014042035.1	WP_003185730.1	K07692	2.1999999999999998e-112	372.3	267.17	105.13
GCF_014042035.1	WP_154998210.1	K23188	1.5e-138	461.0	460.43	0.5699999999999932
GCF_014673515.1	WP_011197552.1	K00372	1.5000000000000001e-277	921.3	909.57	11.729999999999905
GCF_014673515.1	WP_011198101.1	K01077	5.4e-102	340.5	67.97	272.53
GCF_014673515.1	WP_003178586.1	K01113	1.9e-168	560.2	94.03	466.1700000000001
GCF_014673515.1	WP_003182145.1	K01915	1.4e-108	362.3	37.7	324.6
GCF_014673515.1	WP_003186508.1	K02013	1.1e-95	319.0	226.0	93.0
GCF_014673515.1	WP_003185150.1	K02016	8.9e-72	240.5	157.77	82.72999999999999
GCF_014673515.1	WP_043928725.1	K02036	1.3e-140	466.7	268.53	198.17
GCF_014673515.1	WP_003183532.1	K02037	1.2e-98	329.6	260.07	69.53000000000003
GCF_014673515.1	WP_003183530.1	K02038	8.2e-95	316.5	255.13	61.370000000000005
GCF_014673515.1	WP_031314660.1	K02040	3.2e-76	255.2	55.67	199.53
GCF_014673515.1	WP_263282247.1	K02406	4.7e-44	149.3	135.0	14.300000000000011
GCF_014673515.1	WP_011198198.1	K02556	2.8e-94	314.4	97.97	216.43
GCF_014673515.1	WP_003181091.1	K02557	2.6e-73	245.5	144.87	100.63
GCF_014673515.1	WP_009328508.1	K03407	1e-224	746.2	509.2	237.00000000000009
GCF_014673515.1	WP_003181796.1	K03413	2.3e-46	156.7	135.0	21.69999999999999
GCF_014673515.1	WP_003183411.1	K06390	1.3e-130	433.6	217.4	216.2
GCF_014673515.1	WP_009329362.1	K07636	3.9e-124	413.3	327.73	85.57
GCF_014673515.1	WP_003185730.1	K07692	2.1999999999999998e-112	372.3	267.17	105.13
GCF_014842935.1	WP_007408876.1	K00004	2.2e-140	465.9	376.97	88.92999999999995
GCF_014842935.1	WP_039252838.1	K00372	9.999999999999999e-277	918.4	909.57	8.829999999999927
GCF_014842935.1	WP_033575133.1	K01113	1.6e-167	557.1	94.03	463.0700000000001
GCF_014842935.1	WP_007410365.1	K01915	1.3000000000000001e-108	362.2	37.7	324.5
GCF_014842935.1	WP_039251686.1	K02013	1e-109	365.2	226.0	139.2
GCF_014842935.1	WP_039253900.1	K02015	2.1e-104	348.0	343.37	4.629999999999996
GCF_014842935.1	WP_039253898.1	K02016	1.8999999999999998e-68	229.4	157.77	71.63
GCF_014842935.1	WP_003153040.1	K02036	2e-137	456.0	268.53	187.47000000000003
GCF_014842935.1	WP_039254462.1	K02037	8e-98	326.8	260.07	66.73000000000002
GCF_014842935.1	WP_007408306.1	K02038	1.6999999999999999e-91	305.5	255.13	50.370000000000005
GCF_014842935.1	WP_039254459.1	K02040	1.4e-76	256.3	55.67	200.63
GCF_014842935.1	WP_039253658.1	K02406	7.5e-137	455.4	135.0	320.4
GCF_014842935.1	WP_007408775.1	K02556	1.2999999999999999e-96	321.9	97.97	223.93
GCF_014842935.1	WP_003154685.1	K02557	1.9e-72	242.6	144.87	97.73
GCF_014842935.1	WP_039251503.1	K03407	1.5e-225	748.9	509.2	239.7
GCF_014842935.1	WP_003154238.1	K03413	1.2e-47	160.8	135.0	25.80000000000001
GCF_014842935.1	WP_039254506.1	K06390	1.2000000000000002e-130	433.7	217.4	216.3
GCF_014842935.1	WP_039254239.1	K07636	3.7000000000000004e-125	416.5	327.73	88.76999999999998
GCF_014842935.1	WP_003219701.1	K07692	6.9e-113	373.9	267.17	106.72999999999996
GCF_014842935.1	WP_039253428.1	K19549	4.2e-251	830.4	689.47	140.92999999999995
GCF_014842935.1	WP_007407669.1	K19550	2.1999999999999998e-141	467.2	388.33	78.87
GCF_014842935.1	WP_007407671.1	K19552	1.5e-257	851.7	730.4	121.30000000000008
GCF_014842935.1	WP_012118397.1	K23188	2.8e-143	476.4	460.43	15.96999999999997
GCF_015732475.1	WP_003155800.1	K00004	2.1e-140	466.0	376.97	89.02999999999997
GCF_015732475.1	WP_003155322.1	K01077	1.3000000000000001e-110	368.9	67.97	300.92999999999995
GCF_015732475.1	WP_014304274.1	K01113	1.6e-167	557.1	94.03	463.0700000000001
GCF_015732475.1	WP_003154048.1	K01915	1.3000000000000001e-108	362.3	37.7	324.6
GCF_015732475.1	WP_024085216.1	K02013	1.1000000000000001e-110	368.4	226.0	142.39999999999998
GCF_015732475.1	WP_024085782.1	K02015	8.8e-104	346.1	343.37	2.730000000000018
GCF_015732475.1	WP_044052914.1	K02016	1.6e-68	229.7	157.77	71.92999999999998
GCF_015732475.1	WP_003153040.1	K02036	2.1e-137	456.0	268.53	187.47000000000003
GCF_015732475.1	WP_003153034.1	K02037	9.4e-98	326.6	260.07	66.53000000000003
GCF_015732475.1	WP_003153036.1	K02038	1e-90	303.0	255.13	47.870000000000005
GCF_015732475.1	WP_012117998.1	K02040	1.8e-76	256.0	55.67	200.33
GCF_015732475.1	WP_015387631.1	K02406	8.499999999999999e-139	461.8	135.0	326.8
GCF_015732475.1	WP_003152386.1	K02556	5.9e-97	323.1	97.97	225.13
GCF_015732475.1	WP_003154685.1	K02557	1.9e-72	242.6	144.87	97.73
GCF_015732475.1	WP_015388231.1	K03407	1.3e-225	749.2	509.2	240.00000000000009
GCF_015732475.1	WP_003154238.1	K03413	1.2999999999999998e-47	160.8	135.0	25.80000000000001
GCF_015732475.1	WP_196479392.1	K03837	2.2e-170	564.8	526.93	37.870000000000005
GCF_015732475.1	WP_044053459.1	K06390	1.2000000000000002e-130	433.8	217.4	216.4
GCF_015732475.1	WP_015387864.1	K07636	4.8e-126	419.5	327.73	91.76999999999998
GCF_015732475.1	WP_003219701.1	K07692	7.2e-113	373.9	267.17	106.72999999999996
GCF_015732475.1	WP_014306032.1	K19549	3.1000000000000003e-252	834.2	689.47	144.73000000000002
GCF_015732475.1	WP_025649393.1	K19550	4.8999999999999995e-141	466.1	388.33	77.77000000000004
GCF_015732475.1	WP_014306033.1	K19552	5.6e-257	849.9	730.4	119.5
GCF_015732475.1	WP_003151820.1	K23188	3.8e-143	476.0	460.43	15.569999999999991
GCF_016904925.1	WP_003155800.1	K00004	2e-140	466.0	376.97	89.02999999999997
GCF_016904925.1	WP_204530400.1	K01077	4.8e-111	370.4	67.97	302.42999999999995
GCF_016904925.1	WP_204530239.1	K01113	2.3e-167	556.6	94.03	462.5700000000001
GCF_016904925.1	WP_003154048.1	K01915	1.3000000000000001e-108	362.3	37.7	324.6
GCF_016904925.1	WP_204530501.1	K02013	5.400000000000001e-110	366.1	226.0	140.10000000000002
GCF_016904925.1	WP_017418939.1	K02015	1.2e-103	345.6	343.37	2.230000000000018
GCF_016904925.1	WP_017418938.1	K02016	1.2e-68	230.2	157.77	72.42999999999998
GCF_016904925.1	WP_095318405.1	K02036	1.9e-137	456.2	268.53	187.67
GCF_016904925.1	WP_103526753.1	K02037	8.6e-98	326.7	260.07	66.63
GCF_016904925.1	WP_103526754.1	K02038	1.1999999999999999e-90	302.7	255.13	47.56999999999999
GCF_016904925.1	WP_102421890.1	K02040	7.7e-77	257.2	55.67	201.53
GCF_016904925.1	WP_007407474.1	K02406	7e-138	458.8	135.0	323.8
GCF_016904925.1	WP_156735661.1	K02556	2.5e-96	321.1	97.97	223.13
GCF_016904925.1	WP_014417581.1	K02557	1.9e-72	242.7	144.87	97.82999999999998
GCF_016904925.1	WP_156735039.1	K03407	1.3e-225	749.1	509.2	239.90000000000003
GCF_016904925.1	WP_003154238.1	K03413	1.2e-47	160.8	135.0	25.80000000000001
GCF_016904925.1	WP_044053459.1	K06390	1.1000000000000001e-130	433.8	217.4	216.4
GCF_016904925.1	WP_109567112.1	K07636	4.7e-126	419.6	327.73	91.87
GCF_016904925.1	WP_003219701.1	K07692	7.2e-113	373.9	267.17	106.72999999999996
GCF_016904925.1	WP_156735425.1	K19549	3.7e-251	830.7	689.47	141.23000000000002
GCF_016904925.1	WP_017418688.1	K19550	4.7e-141	466.1	388.33	77.77000000000004
GCF_016904925.1	WP_032857143.1	K19552	4.6e-257	850.2	730.4	119.80000000000008
GCF_016904925.1	WP_003151820.1	K23188	3.8e-143	476.0	460.43	15.569999999999991
GCF_017338795.1	WP_016885148.1	K00372	8.899999999999999e-278	922.1	909.57	12.529999999999973
GCF_017338795.1	WP_003183293.1	K01077	8.6e-102	339.9	67.97	271.92999999999995
GCF_017338795.1	WP_003178586.1	K01113	2e-168	560.2	94.03	466.1700000000001
GCF_017338795.1	WP_003182145.1	K01915	1.4e-108	362.3	37.7	324.6
GCF_017338795.1	WP_003186508.1	K02013	1.1999999999999999e-95	319.0	226.0	93.0
GCF_017338795.1	WP_003185150.1	K02016	9.3e-72	240.5	157.77	82.72999999999999
GCF_017338795.1	WP_043928725.1	K02036	1.3999999999999999e-140	466.7	268.53	198.17
GCF_017338795.1	WP_003183532.1	K02037	1.3e-98	329.6	260.07	69.53000000000003
GCF_017338795.1	WP_003183530.1	K02038	8.6e-95	316.5	255.13	61.370000000000005
GCF_017338795.1	WP_003183534.1	K02040	3.4e-77	258.5	55.67	202.83
GCF_017338795.1	WP_057957824.1	K02406	1.1e-134	448.3	135.0	313.3
GCF_017338795.1	WP_009329389.1	K02556	2.2e-94	314.7	97.97	216.73
GCF_017338795.1	WP_003181091.1	K02557	2.7000000000000003e-73	245.5	144.87	100.63
GCF_017338795.1	WP_009328508.1	K03407	1.1e-224	746.2	509.2	237.00000000000009
GCF_017338795.1	WP_003181796.1	K03413	2.3999999999999997e-46	156.7	135.0	21.69999999999999
GCF_017338795.1	WP_003183411.1	K06390	1.4e-130	433.6	217.4	216.2
GCF_017338795.1	WP_003184312.1	K07636	4.2e-124	413.2	327.73	85.46999999999997
GCF_017338795.1	WP_003185730.1	K07692	2.3e-112	372.3	267.17	105.13
GCF_018530835.1	WP_003234015.1	K00004	1.5e-141	469.8	376.97	92.82999999999998
GCF_018530835.1	WP_061891261.1	K00372	4.3e-278	923.1	909.57	13.529999999999973
GCF_018530835.1	WP_080480994.1	K01077	1.4e-113	378.7	67.97	310.73
GCF_018530835.1	WP_014478721.1	K01113	1.4e-165	550.8	94.03	456.77
GCF_018530835.1	WP_003231737.1	K01915	1.8e-107	358.6	37.7	320.90000000000003
GCF_018530835.1	WP_019712473.1	K02013	7.2e-116	385.5	226.0	159.5
GCF_018530835.1	WP_046381317.1	K02015	1.6e-105	351.8	343.37	8.430000000000007
GCF_018530835.1	WP_046381318.1	K02016	1.2e-68	230.2	157.77	72.42999999999998
GCF_018530835.1	WP_069322759.1	K02036	8.9e-142	470.5	268.53	201.97000000000003
GCF_018530835.1	WP_014477352.1	K02037	1.6e-100	335.8	260.07	75.73000000000002
GCF_018530835.1	WP_003230103.1	K02038	1.9e-94	315.3	255.13	60.170000000000016
GCF_018530835.1	WP_015714269.1	K02040	1.3e-77	259.8	55.67	204.13
GCF_018530835.1	WP_003228021.1	K02406	7.3e-130	432.4	135.0	297.4
GCF_018530835.1	WP_014477672.1	K02556	1.8e-94	315.0	97.97	217.03
GCF_018530835.1	WP_003232473.1	K02557	4.2e-72	241.5	144.87	96.63
GCF_018530835.1	WP_014476817.1	K03407	2.5e-225	748.2	509.2	239.00000000000009
GCF_018530835.1	WP_014476812.1	K03413	5.4e-48	162.1	135.0	27.099999999999994
GCF_018530835.1	WP_029317922.1	K06390	4.5e-132	438.4	217.4	221.0
GCF_018530835.1	WP_004398493.1	K07636	3.7000000000000004e-125	416.6	327.73	88.87
GCF_018530835.1	WP_003219701.1	K07692	7.3e-113	373.9	267.17	106.72999999999996
GCF_018530835.1	WP_014481235.1	K19549	1.1000000000000001e-253	839.0	689.47	149.52999999999997
GCF_018530835.1	WP_042975433.1	K19550	6.5e-144	475.5	388.33	87.17000000000002
GCF_018530835.1	WP_014481236.1	K19552	5.7999999999999996e-257	849.9	730.4	119.5
GCF_018530835.1	WP_010886609.1	K23188	8.2e-142	471.7	460.43	11.269999999999982
GCF_019285615.1	WP_007408876.1	K00004	2.4e-140	465.9	376.97	88.92999999999995
GCF_019285615.1	WP_218791480.1	K00372	2.1000000000000002e-277	920.8	909.57	11.229999999999905
GCF_019285615.1	WP_015239477.1	K01077	4.2000000000000005e-111	370.6	67.97	302.63
GCF_019285615.1	WP_218791468.1	K01113	1.8e-167	557.0	94.03	462.97
GCF_019285615.1	WP_007410365.1	K01915	1.5e-108	362.2	37.7	324.5
GCF_019285615.1	WP_122503860.1	K02013	1.2e-109	365.1	226.0	139.10000000000002
GCF_019285615.1	WP_025285248.1	K02015	3.5e-104	347.4	343.37	4.029999999999973
GCF_019285615.1	WP_012118415.1	K02016	2e-68	229.4	157.77	71.63
GCF_019285615.1	WP_032870592.1	K02036	1.1e-137	457.0	268.53	188.47000000000003
GCF_019285615.1	WP_085342194.1	K02037	9.6e-98	326.6	260.07	66.53000000000003
GCF_019285615.1	WP_025285004.1	K02038	6.699999999999999e-91	303.6	255.13	48.47000000000003
GCF_019285615.1	WP_007408304.1	K02040	1.2e-76	256.7	55.67	201.03
GCF_019285615.1	WP_007614094.1	K02406	5.9e-138	459.1	135.0	324.1
GCF_019285615.1	WP_218791327.1	K02556	4.1999999999999995e-95	317.1	97.97	219.13
GCF_019285615.1	WP_003154685.1	K02557	2.0000000000000002e-72	242.6	144.87	97.73
GCF_019285615.1	WP_122503907.1	K03407	3.6e-225	747.7	509.2	238.50000000000009
GCF_019285615.1	WP_003154238.1	K03413	1.2999999999999998e-47	160.8	135.0	25.80000000000001
GCF_019285615.1	WP_007408342.1	K06390	1.4e-130	433.6	217.4	216.2
GCF_019285615.1	WP_025285095.1	K07636	6.7e-126	419.1	327.73	91.37
GCF_019285615.1	WP_003219701.1	K07692	7.5e-113	373.9	267.17	106.72999999999996
GCF_019285615.1	WP_025285436.1	K19549	2.4999999999999997e-251	831.3	689.47	141.82999999999993
GCF_019285615.1	WP_007407669.1	K19550	2.3999999999999998e-141	467.2	388.33	78.87
GCF_019285615.1	WP_124692678.1	K19552	1.7e-256	848.4	730.4	118.0
GCF_019285615.1	WP_012118397.1	K23188	3e-143	476.4	460.43	15.96999999999997
GCF_019880425.1	WP_007408876.1	K00004	2.3e-140	465.9	376.97	88.92999999999995
GCF_019880425.1	WP_174747470.1	K00372	1.9e-276	917.6	909.57	8.029999999999973
GCF_019880425.1	WP_043021357.1	K01077	1.9e-111	371.7	67.97	303.73
GCF_019880425.1	WP_021495297.1	K01113	1.6e-167	557.2	94.03	463.1700000000001
GCF_019880425.1	WP_007410365.1	K01915	1.4e-108	362.2	37.7	324.5
GCF_019880425.1	WP_029974684.1	K02013	6.6e-110	365.8	226.0	139.8
GCF_019880425.1	WP_222893422.1	K02015	3.6e-103	344.0	343.37	0.6299999999999955
GCF_019880425.1	WP_012118415.1	K02016	2e-68	229.4	157.77	71.63
GCF_019880425.1	WP_014418390.1	K02036	5.5e-138	458.0	268.53	189.47000000000003
GCF_019880425.1	WP_007612605.1	K02037	1.1e-97	326.5	260.07	66.43
GCF_019880425.1	WP_007408306.1	K02038	1.8e-91	305.5	255.13	50.370000000000005
GCF_019880425.1	WP_007408304.1	K02040	1.1e-76	256.7	55.67	201.03
GCF_019880425.1	WP_022553864.1	K02406	2.0999999999999997e-139	463.8	135.0	328.8
GCF_019880425.1	WP_007408775.1	K02556	1.3999999999999999e-96	321.9	97.97	223.93
GCF_019880425.1	WP_017417652.1	K02557	2.1e-72	242.5	144.87	97.63
GCF_019880425.1	WP_022553341.1	K03407	5.9e-225	746.9	509.2	237.7
GCF_019880425.1	WP_003154238.1	K03413	1.2999999999999998e-47	160.8	135.0	25.80000000000001
GCF_019880425.1	WP_201741795.1	K03837	1.5e-170	565.4	526.93	38.47000000000003
GCF_019880425.1	WP_007408342.1	K06390	1.3e-130	433.6	217.4	216.2
GCF_019880425.1	WP_022552838.1	K07636	1.5000000000000002e-125	417.9	327.73	90.16999999999996
GCF_019880425.1	WP_003219701.1	K07692	7.2e-113	373.9	267.17	106.72999999999996
GCF_019880425.1	WP_021494772.1	K19549	4.8e-252	833.6	689.47	144.13
GCF_019880425.1	WP_021494773.1	K19550	4.7e-141	466.2	388.33	77.87
GCF_019880425.1	WP_021494771.1	K19552	2.8999999999999998e-257	850.8	730.4	120.39999999999998
GCF_019880425.1	WP_014418835.1	K23188	3.9e-143	476.0	460.43	15.569999999999991
GCF_020149955.1	WP_003155800.1	K00004	2.1e-140	466.0	376.97	89.02999999999997
GCF_020149955.1	WP_017419377.1	K00372	6.500000000000001e-277	919.1	909.57	9.529999999999973
GCF_020149955.1	WP_017417347.1	K01077	2e-111	371.6	67.97	303.63
GCF_020149955.1	WP_129093581.1	K01113	6.1000000000000006e-167	555.2	94.03	461.1700000000001
GCF_020149955.1	WP_017417829.1	K01915	1.1e-108	362.5	37.7	324.8
GCF_020149955.1	WP_017417635.1	K02013	5.9e-109	362.7	226.0	136.7
GCF_020149955.1	WP_071181985.1	K02015	1.3e-103	345.5	343.37	2.1299999999999955
GCF_020149955.1	WP_071181986.1	K02016	1.3e-68	230.0	157.77	72.22999999999999
GCF_020149955.1	WP_003153040.1	K02036	2.1e-137	456.0	268.53	187.47000000000003
GCF_020149955.1	WP_007612605.1	K02037	1.1e-97	326.5	260.07	66.43
GCF_020149955.1	WP_017418153.1	K02038	3.3999999999999997e-91	304.6	255.13	49.47000000000003
GCF_020149955.1	WP_017418155.1	K02040	2.1999999999999998e-75	252.4	55.67	196.73
GCF_020149955.1	WP_017418819.1	K02406	3.6e-139	463.1	135.0	328.1
GCF_020149955.1	WP_007408775.1	K02556	1.3999999999999999e-96	321.9	97.97	223.93
GCF_020149955.1	WP_017417652.1	K02557	2.1e-72	242.5	144.87	97.63
GCF_020149955.1	WP_021493681.1	K03407	6.5e-225	746.8	509.2	237.6
GCF_020149955.1	WP_003154238.1	K03413	1.2999999999999998e-47	160.8	135.0	25.80000000000001
GCF_020149955.1	WP_017418128.1	K06390	1.9000000000000003e-130	433.1	217.4	215.7
GCF_020149955.1	WP_065181001.1	K07636	7.900000000000001e-126	418.8	327.73	91.07
GCF_020149955.1	WP_003219701.1	K07692	7.2e-113	373.9	267.17	106.72999999999996
GCF_020149955.1	WP_017418687.1	K19549	3.2e-251	830.9	689.47	141.42999999999995
GCF_020149955.1	WP_025649393.1	K19550	4.8999999999999995e-141	466.1	388.33	77.77000000000004
GCF_020149955.1	WP_007407671.1	K19552	1.6e-257	851.7	730.4	121.30000000000008
GCF_020149955.1	WP_014418835.1	K23188	3.9e-143	476.0	460.43	15.569999999999991
GCF_021892375.1	WP_007408876.1	K00004	2.2e-140	465.9	376.97	88.92999999999995
GCF_021892375.1	WP_108725174.1	K00372	4.1000000000000004e-277	919.7	909.57	10.129999999999995
GCF_021892375.1	WP_108725077.1	K01077	2e-111	371.5	67.97	303.53
GCF_021892375.1	WP_021495297.1	K01113	1.5000000000000001e-167	557.2	94.03	463.1700000000001
GCF_021892375.1	WP_007410365.1	K01915	1.4e-108	362.2	37.7	324.5
GCF_021892375.1	WP_237436651.1	K02013	3.1e-108	360.3	226.0	134.3
GCF_021892375.1	WP_025285248.1	K02015	3.3e-104	347.4	343.37	4.029999999999973
GCF_021892375.1	WP_007410050.1	K02016	9.2e-68	227.2	157.77	69.42999999999998
GCF_021892375.1	WP_003153040.1	K02036	2e-137	456.0	268.53	187.47000000000003
GCF_021892375.1	WP_012117997.1	K02037	8.9e-98	326.6	260.07	66.53000000000003
GCF_021892375.1	WP_007408306.1	K02038	1.6999999999999999e-91	305.5	255.13	50.370000000000005
GCF_021892375.1	WP_007408304.1	K02040	1.1e-76	256.7	55.67	201.03
GCF_021892375.1	WP_038460035.1	K02406	7e-138	458.8	135.0	323.8
GCF_021892375.1	WP_007408775.1	K02556	1.2999999999999999e-96	321.9	97.97	223.93
GCF_021892375.1	WP_003154685.1	K02557	1.9e-72	242.6	144.87	97.73
GCF_021892375.1	WP_007409792.1	K03407	1.0000000000000001e-225	749.4	509.2	240.2
GCF_021892375.1	WP_003154238.1	K03413	1.2e-47	160.8	135.0	25.80000000000001
GCF_021892375.1	WP_007408342.1	K06390	1.3e-130	433.6	217.4	216.2
GCF_021892375.1	WP_237436586.1	K07636	7.700000000000001e-126	418.8	327.73	91.07
GCF_021892375.1	WP_003219701.1	K07692	6.999999999999999e-113	373.9	267.17	106.72999999999996
GCF_021892375.1	WP_053104075.1	K19549	3.0999999999999996e-251	830.8	689.47	141.32999999999993
GCF_021892375.1	WP_007407669.1	K19550	2.1999999999999998e-141	467.2	388.33	78.87
GCF_021892375.1	WP_007407671.1	K19552	1.5e-257	851.7	730.4	121.30000000000008
GCF_021892375.1	WP_007410075.1	K23188	2.9e-143	476.4	460.43	15.96999999999997
GCF_022808645.1	WP_243298696.1	K01077	8.5e-118	392.8	67.97	324.83000000000004
GCF_022808645.1	WP_243296512.1	K01915	1.0999999999999999e-107	359.3	37.7	321.6
GCF_022808645.1	WP_243297802.1	K02013	2.7e-106	354.0	226.0	128.0
GCF_022808645.1	WP_243298340.1	K02015	3e-110	367.5	343.37	24.129999999999995
GCF_022808645.1	WP_243298341.1	K02016	7.899999999999999e-69	230.8	157.77	73.03
GCF_022808645.1	WP_243297213.1	K02036	9.9e-148	490.2	268.53	221.67
GCF_022808645.1	WP_243297211.1	K02037	5.8e-106	353.9	260.07	93.82999999999998
GCF_022808645.1	WP_243297212.1	K02038	2.6e-113	377.7	255.13	122.57
GCF_022808645.1	WP_243297210.1	K02040	1.6e-84	282.7	55.67	227.03
GCF_022808645.1	WP_243299769.1	K02406	6.6e-133	442.5	135.0	307.5
GCF_022808645.1	WP_243299215.1	K02556	1.2e-97	325.5	97.97	227.53
GCF_022808645.1	WP_279326852.1	K02557	6e-73	244.4	144.87	99.53
GCF_022808645.1	WP_243296417.1	K03407	1.4e-222	739.2	509.2	230.00000000000009
GCF_022808645.1	WP_243296407.1	K03413	6.400000000000001e-48	161.9	135.0	26.90000000000001
GCF_022808645.1	WP_243300371.1	K03833	2.2e-137	457.8	304.43	153.37
GCF_022808645.1	WP_243297255.1	K06390	4.2e-128	425.5	217.4	208.1
GCF_022808645.1	WP_243300148.1	K07636	6.800000000000001e-130	432.3	327.73	104.57
GCF_022808645.1	WP_243299891.1	K07692	8e-113	373.8	267.17	106.63
GCF_022808645.1	WP_243298914.1	K23188	1.5e-138	461.0	460.43	0.5699999999999932
GCF_022808785.1	WP_243354671.1	K01077	1.3000000000000001e-117	392.2	67.97	324.23
GCF_022808785.1	WP_243296512.1	K01915	1.2e-107	359.3	37.7	321.6
GCF_022808785.1	WP_243297802.1	K02013	2.8e-106	354.0	226.0	128.0
GCF_022808785.1	WP_243354518.1	K02015	9.6e-111	369.2	343.37	25.829999999999984
GCF_022808785.1	WP_243298341.1	K02016	8e-69	230.8	157.77	73.03
GCF_022808785.1	WP_243355067.1	K02036	1.7e-147	489.4	268.53	220.87
GCF_022808785.1	WP_243355065.1	K02037	1.3e-104	349.5	260.07	89.43
GCF_022808785.1	WP_243355066.1	K02038	3e-113	377.5	255.13	122.37
GCF_022808785.1	WP_243355064.1	K02040	1.8e-84	282.5	55.67	226.83
GCF_022808785.1	WP_279326373.1	K02406	6e-118	393.2	135.0	258.2
GCF_022808785.1	WP_243299215.1	K02556	1.2e-97	325.5	97.97	227.53
GCF_022808785.1	WP_279326268.1	K02557	3.5000000000000004e-73	245.2	144.87	100.32999999999998
GCF_022808785.1	WP_243296417.1	K03407	1.4e-222	739.2	509.2	230.00000000000009
GCF_022808785.1	WP_243296407.1	K03413	6.5e-48	161.9	135.0	26.90000000000001
GCF_022808785.1	WP_243354258.1	K03833	3.7999999999999996e-138	460.4	304.43	155.96999999999997
GCF_022808785.1	WP_243355099.1	K06390	8.299999999999999e-129	427.8	217.4	210.4
GCF_022808785.1	WP_243300148.1	K07636	7e-130	432.3	327.73	104.57
GCF_022808785.1	WP_243299891.1	K07692	8.2e-113	373.8	267.17	106.63
GCF_022808785.1	WP_243298914.1	K23188	1.5e-138	461.0	460.43	0.5699999999999932
GCF_024262145.1	WP_008342621.1	K00004	2.1e-140	465.9	376.97	88.92999999999995
GCF_024262145.1	WP_025207473.1	K00372	8.799999999999999e-278	921.9	909.57	12.329999999999927
GCF_024262145.1	WP_041507529.1	K01077	3.9e-107	357.3	67.97	289.33000000000004
GCF_024262145.1	WP_007499421.1	K01915	2.2e-108	361.5	37.7	323.8
GCF_024262145.1	WP_254506198.1	K02013	5.4e-118	392.4	226.0	166.39999999999998
GCF_024262145.1	WP_047945401.1	K02015	2.8e-106	354.2	343.37	10.829999999999984
GCF_024262145.1	WP_025207962.1	K02016	1.4999999999999998e-68	229.7	157.77	71.92999999999998
GCF_024262145.1	WP_008342337.1	K02036	5.2e-139	461.2	268.53	192.67
GCF_024262145.1	WP_017357999.1	K02037	2.3999999999999998e-96	321.9	260.07	61.829999999999984
GCF_024262145.1	WP_007501259.1	K02038	5.5e-96	320.3	255.13	65.17000000000002
GCF_024262145.1	WP_007501261.1	K02040	1.3e-75	253.0	55.67	197.33
GCF_024262145.1	WP_008346306.1	K02406	6e-129	429.2	135.0	294.2
GCF_024262145.1	WP_008346088.1	K02556	2e-92	308.1	97.97	210.13
GCF_024262145.1	WP_019743067.1	K02557	1.5e-69	233.1	144.87	88.22999999999999
GCF_024262145.1	WP_052320408.1	K03407	2.0000000000000002e-225	748.4	509.2	239.2
GCF_024262145.1	WP_007499584.1	K03413	1.6999999999999998e-47	160.3	135.0	25.30000000000001
GCF_024262145.1	WP_254505592.1	K06390	6.300000000000001e-134	444.4	217.4	227.0
GCF_024262145.1	WP_048001854.1	K07636	1.4000000000000002e-124	414.7	327.73	86.96999999999997
GCF_024262145.1	WP_008348273.1	K07692	5e-113	374.3	267.17	107.13
GCF_024262145.1	WP_254505990.1	K19549	9.700000000000001e-225	743.6	689.47	54.13
GCF_024262145.1	WP_276606733.1	K19550	3.8e-132	436.9	388.33	48.56999999999999
GCF_024262145.1	WP_008347057.1	K23188	3.3e-140	466.2	460.43	5.769999999999982
GCF_024262185.1	WP_003234015.1	K00004	1.5999999999999998e-141	469.8	376.97	92.82999999999998
GCF_024262185.1	WP_088467517.1	K00372	9.1e-281	932.0	909.57	22.42999999999995
GCF_024262185.1	WP_072692869.1	K01077	5e-113	377.0	67.97	309.03
GCF_024262185.1	WP_254462364.1	K01113	2.3e-165	550.1	94.03	456.0700000000001
GCF_024262185.1	WP_003231737.1	K01915	2e-107	358.6	37.7	320.90000000000003
GCF_024262185.1	WP_015715764.1	K02013	4.1e-116	386.4	226.0	160.39999999999998
GCF_024262185.1	WP_029725913.1	K02015	1.3e-105	352.2	343.37	8.829999999999984
GCF_024262185.1	WP_015714689.1	K02016	1.7999999999999998e-68	229.6	157.77	71.82999999999998
GCF_024262185.1	WP_014480273.1	K02036	4.1e-142	471.7	268.53	203.17
GCF_024262185.1	WP_014477352.1	K02037	1.7000000000000001e-100	335.8	260.07	75.73000000000002
GCF_024262185.1	WP_003230103.1	K02038	2e-94	315.3	255.13	60.170000000000016
GCF_024262185.1	WP_017696171.1	K02040	2.3e-77	259.1	55.67	203.43
GCF_024262185.1	WP_015714795.1	K02406	3.3e-128	427.0	135.0	292.0
GCF_024262185.1	WP_014477672.1	K02556	1.9e-94	315.0	97.97	217.03
GCF_024262185.1	WP_003232473.1	K02557	4.6e-72	241.5	144.87	96.63
GCF_024262185.1	WP_014476817.1	K03407	2.7000000000000002e-225	748.2	509.2	239.00000000000009
GCF_024262185.1	WP_014476812.1	K03413	5.8e-48	162.1	135.0	27.099999999999994
GCF_024262185.1	WP_043857806.1	K06390	6.4e-132	438.0	217.4	220.6
GCF_024262185.1	WP_019712901.1	K07636	1.8e-125	417.8	327.73	90.07
GCF_024262185.1	WP_003219701.1	K07692	7.9e-113	373.9	267.17	106.72999999999996
GCF_024262185.1	WP_015714909.1	K19549	8.700000000000001e-253	836.1	689.47	146.63
GCF_024262185.1	WP_015714908.1	K19550	2e-143	474.0	388.33	85.67000000000002
GCF_024262185.1	WP_019712823.1	K19552	1.9e-256	848.3	730.4	117.89999999999998
GCF_024262185.1	WP_080265401.1	K23188	1.8e-142	473.9	460.43	13.46999999999997
GCF_024919095.1	WP_007408876.1	K00004	2.2e-140	465.9	376.97	88.92999999999995
GCF_024919095.1	WP_259424950.1	K00372	3.4e-276	916.7	909.57	7.129999999999996
GCF_024919095.1	WP_259425202.1	K01077	3.6e-111	370.7	67.97	302.73
GCF_024919095.1	WP_033575133.1	K01113	1.6e-167	557.1	94.03	463.0700000000001
GCF_024919095.1	WP_007410365.1	K01915	1.3000000000000001e-108	362.2	37.7	324.5
GCF_024919095.1	WP_259425402.1	K02013	1.2e-110	368.2	226.0	142.2
GCF_024919095.1	WP_259424535.1	K02015	2e-103	344.8	343.37	1.4300000000000068
GCF_024919095.1	WP_012118415.1	K02016	1.8999999999999998e-68	229.4	157.77	71.63
GCF_024919095.1	WP_259424272.1	K02036	8.1e-138	457.4	268.53	188.87
GCF_024919095.1	WP_012117997.1	K02037	8.8e-98	326.6	260.07	66.53000000000003
GCF_024919095.1	WP_007408306.1	K02038	1.6999999999999999e-91	305.5	255.13	50.370000000000005
GCF_024919095.1	WP_012117998.1	K02040	1.7e-76	256.0	55.67	200.33
GCF_024919095.1	WP_259424624.1	K02406	1.4e-137	457.8	135.0	322.8
GCF_024919095.1	WP_007408775.1	K02556	1.2999999999999999e-96	321.9	97.97	223.93
GCF_024919095.1	WP_003154685.1	K02557	1.8e-72	242.6	144.87	97.73
GCF_024919095.1	WP_259425509.1	K03407	4.8e-225	747.2	509.2	238.00000000000009
GCF_024919095.1	WP_003154238.1	K03413	1.2e-47	160.8	135.0	25.80000000000001
GCF_024919095.1	WP_259425601.1	K03837	1.2e-170	565.6	526.93	38.67000000000007
GCF_024919095.1	WP_007408342.1	K06390	1.3e-130	433.6	217.4	216.2
GCF_024919095.1	WP_259424375.1	K07636	4.3e-125	416.3	327.73	88.57
GCF_024919095.1	WP_003219701.1	K07692	6.9e-113	373.9	267.17	106.72999999999996
GCF_024919095.1	WP_259424708.1	K19549	5e-250	826.9	689.47	137.42999999999995
GCF_024919095.1	WP_007407669.1	K19550	2.1999999999999998e-141	467.2	388.33	78.87
GCF_024919095.1	WP_012118705.1	K19552	4.4999999999999995e-257	850.2	730.4	119.80000000000008
GCF_024919095.1	WP_012118397.1	K23188	2.8e-143	476.4	460.43	15.96999999999997
GCF_025426155.1	WP_003234015.1	K00004	1.4e-141	469.8	376.97	92.82999999999998
GCF_025426155.1	WP_015382724.1	K00372	7.1e-280	928.9	909.57	19.329999999999927
GCF_025426155.1	WP_015382905.1	K01077	2.7e-113	377.8	67.97	309.83000000000004
GCF_025426155.1	WP_015382673.1	K01113	1.4e-165	550.7	94.03	456.6700000000001
GCF_025426155.1	WP_003231737.1	K01915	1.8e-107	358.6	37.7	320.90000000000003
GCF_025426155.1	WP_015483147.1	K02013	1.4e-116	387.9	226.0	161.89999999999998
GCF_025426155.1	WP_015483679.1	K02015	1.4999999999999999e-105	351.8	343.37	8.430000000000007
GCF_025426155.1	WP_015384616.1	K02016	4.799999999999999e-69	231.4	157.77	73.63
GCF_025426155.1	WP_014480273.1	K02036	3.7e-142	471.7	268.53	203.17
GCF_025426155.1	WP_014477352.1	K02037	1.5e-100	335.8	260.07	75.73000000000002
GCF_025426155.1	WP_003230103.1	K02038	1.8e-94	315.3	255.13	60.170000000000016
GCF_025426155.1	WP_015384104.1	K02040	7.3e-78	260.6	55.67	204.93
GCF_025426155.1	WP_029725988.1	K02406	3.4000000000000005e-133	443.3	135.0	308.3
GCF_025426155.1	WP_014477672.1	K02556	1.8e-94	315.0	97.97	217.03
GCF_025426155.1	WP_003232473.1	K02557	4.1e-72	241.5	144.87	96.63
GCF_025426155.1	WP_015483230.1	K03407	2.8e-225	748.0	509.2	238.8
GCF_025426155.1	WP_014476812.1	K03413	5.3e-48	162.1	135.0	27.099999999999994
GCF_025426155.1	WP_003230226.1	K06390	4.4e-132	438.4	217.4	221.0
GCF_025426155.1	WP_015483551.1	K07636	2.5e-126	420.4	327.73	92.66999999999996
GCF_025426155.1	WP_003219701.1	K07692	7.2e-113	373.9	267.17	106.72999999999996
GCF_025426155.1	WP_015384955.1	K19549	9.6e-254	839.2	689.47	149.73000000000002
GCF_025426155.1	WP_015483848.1	K19550	7.5e-144	475.3	388.33	86.97000000000003
GCF_025426155.1	WP_015384956.1	K19552	1.3999999999999998e-256	848.6	730.4	118.20000000000005
GCF_025426155.1	WP_010886609.1	K23188	7.999999999999999e-142	471.7	460.43	11.269999999999982
GCF_025460705.1	WP_003234015.1	K00004	1.5e-141	469.8	376.97	92.82999999999998
GCF_025460705.1	WP_262120075.1	K00372	9.7e-280	928.6	909.57	19.029999999999973
GCF_025460705.1	WP_015382905.1	K01077	2.9e-113	377.8	67.97	309.83000000000004
GCF_025460705.1	WP_014475691.1	K01113	1.7e-165	550.5	94.03	456.47
GCF_025460705.1	WP_003231737.1	K01915	1.8999999999999998e-107	358.6	37.7	320.90000000000003
GCF_025460705.1	WP_213385248.1	K02013	3.6e-116	386.6	226.0	160.60000000000002
GCF_025460705.1	WP_042974729.1	K02015	7.3e-106	353.0	343.37	9.629999999999995
GCF_025460705.1	WP_069322893.1	K02016	1.1e-68	230.3	157.77	72.53
GCF_025460705.1	WP_262119317.1	K02036	5.1999999999999996e-141	468.0	268.53	199.47000000000003
GCF_025460705.1	WP_015714268.1	K02037	1.9e-100	335.6	260.07	75.53000000000003
GCF_025460705.1	WP_003230103.1	K02038	1.9e-94	315.3	255.13	60.170000000000016
GCF_025460705.1	WP_004398774.1	K02040	1.6e-77	259.5	55.67	203.83
GCF_025460705.1	WP_021480711.1	K02406	1.4000000000000001e-126	421.6	135.0	286.6
GCF_025460705.1	WP_015714528.1	K02556	1.5e-94	315.2	97.97	217.23
GCF_025460705.1	WP_003232473.1	K02557	4.4e-72	241.5	144.87	96.63
GCF_025460705.1	WP_262119808.1	K03407	3.6e-225	747.7	509.2	238.50000000000009
GCF_025460705.1	WP_014476812.1	K03413	5.6e-48	162.1	135.0	27.099999999999994
GCF_025460705.1	WP_262119336.1	K06390	6.3e-132	438.0	217.4	220.6
GCF_025460705.1	WP_262119192.1	K07636	1.2e-125	418.3	327.73	90.57
GCF_025460705.1	WP_003219701.1	K07692	7.6e-113	373.9	267.17	106.72999999999996
GCF_025460705.1	WP_262118795.1	K19549	2e-253	838.2	689.47	148.73000000000002
GCF_025460705.1	WP_262118798.1	K19550	2.8e-143	473.5	388.33	85.17000000000002
GCF_025460705.1	WP_014481236.1	K19552	6e-257	849.9	730.4	119.5
GCF_025460705.1	WP_010886609.1	K23188	8.5e-142	471.7	460.43	11.269999999999982
GCF_025837035.1	WP_003234015.1	K00004	1.5e-141	469.8	376.97	92.82999999999998
GCF_025837035.1	WP_264099452.1	K00372	5.7e-281	932.6	909.57	23.029999999999973
GCF_025837035.1	WP_029725845.1	K01077	1.3e-113	378.9	67.97	310.92999999999995
GCF_025837035.1	WP_264099440.1	K01113	4.2000000000000004e-165	549.2	94.03	455.1700000000001
GCF_025837035.1	WP_015252037.1	K01915	3.5e-107	357.7	37.7	320.0
GCF_025837035.1	WP_264099754.1	K02013	2e-116	387.3	226.0	161.3
GCF_025837035.1	WP_264099250.1	K02015	1.6e-105	351.8	343.37	8.430000000000007
GCF_025837035.1	WP_264099251.1	K02016	1.4999999999999998e-68	229.8	157.77	72.03
GCF_025837035.1	WP_014480273.1	K02036	3.8e-142	471.7	268.53	203.17
GCF_025837035.1	WP_014477352.1	K02037	1.6e-100	335.8	260.07	75.73000000000002
GCF_025837035.1	WP_029317900.1	K02038	2.6e-94	314.9	255.13	59.76999999999998
GCF_025837035.1	WP_033884719.1	K02040	1e-77	260.1	55.67	204.43
GCF_025837035.1	WP_029725988.1	K02406	3.5000000000000004e-133	443.3	135.0	308.3
GCF_025837035.1	WP_014477672.1	K02556	1.8e-94	315.0	97.97	217.03
GCF_025837035.1	WP_003232473.1	K02557	4.3e-72	241.5	144.87	96.63
GCF_025837035.1	WP_264099823.1	K03407	3.4e-225	747.8	509.2	238.6
GCF_025837035.1	WP_014476812.1	K03413	5.5e-48	162.1	135.0	27.099999999999994
GCF_025837035.1	WP_015714242.1	K06390	6.5e-132	437.9	217.4	220.5
GCF_025837035.1	WP_264099128.1	K07636	5.400000000000001e-125	416.1	327.73	88.37
GCF_025837035.1	WP_003219701.1	K07692	7.4e-113	373.9	267.17	106.72999999999996
GCF_025837035.1	WP_173614351.1	K19549	6.8e-254	839.7	689.47	150.23000000000002
GCF_025837035.1	WP_264099354.1	K19550	2.1e-144	477.2	388.33	88.87
GCF_025837035.1	WP_221777335.1	K19552	5.599999999999999e-256	846.6	730.4	116.20000000000005
GCF_025837035.1	WP_080265401.1	K23188	1.6999999999999998e-142	473.9	460.43	13.46999999999997
GCF_026787105.1	WP_025092841.1	K00004	2.4e-140	465.8	376.97	88.82999999999998
GCF_026787105.1	WP_073205901.1	K00372	5.2e-275	912.8	909.57	3.2299999999999045
GCF_026787105.1	WP_024425291.1	K01077	5.2e-106	353.6	67.97	285.63
GCF_026787105.1	WP_122631366.1	K01915	1e-108	362.6	37.7	324.90000000000003
GCF_026787105.1	WP_268415672.1	K02013	2.9999999999999997e-116	386.7	226.0	160.7
GCF_026787105.1	WP_024423440.1	K02015	7.599999999999999e-107	356.1	343.37	12.730000000000018
GCF_026787105.1	WP_024426031.1	K02016	3.6999999999999996e-68	228.4	157.77	70.63
GCF_026787105.1	WP_017367606.1	K02036	3.6e-139	461.8	268.53	193.27000000000004
GCF_026787105.1	WP_024422994.1	K02037	3.7e-96	321.3	260.07	61.23000000000002
GCF_026787105.1	WP_025092964.1	K02038	6.6999999999999996e-96	320.0	255.13	64.87
GCF_026787105.1	WP_024422995.1	K02040	1.6999999999999998e-75	252.7	55.67	197.03
GCF_026787105.1	WP_034623420.1	K02406	1.3e-127	424.9	135.0	289.9
GCF_026787105.1	WP_024424680.1	K02556	1e-92	309.1	97.97	211.13
GCF_026787105.1	WP_024424679.1	K02557	1.1999999999999998e-69	233.4	144.87	88.53
GCF_026787105.1	WP_268416240.1	K03407	9.800000000000001e-225	746.1	509.2	236.90000000000003
GCF_026787105.1	WP_268416247.1	K03413	3.7e-47	159.2	135.0	24.19999999999999
GCF_026787105.1	WP_024428002.1	K06390	2.9e-131	435.7	217.4	218.3
GCF_026787105.1	WP_024424787.1	K07636	4.5000000000000004e-124	413.0	327.73	85.26999999999998
GCF_026787105.1	WP_008348273.1	K07692	5e-113	374.3	267.17	107.13
GCF_026787105.1	WP_008347057.1	K23188	3.4e-140	466.2	460.43	5.769999999999982
GCF_026787785.1	WP_058014595.1	K00004	8.1e-140	464.1	376.97	87.13
GCF_026787785.1	WP_058014429.1	K01077	1.3e-105	352.4	67.97	284.42999999999995
GCF_026787785.1	WP_058013910.1	K01915	9e-109	362.9	37.7	325.2
GCF_026787785.1	WP_268466917.1	K02013	1.6e-116	387.7	226.0	161.7
GCF_026787785.1	WP_268466680.1	K02015	5.7e-107	356.6	343.37	13.230000000000018
GCF_026787785.1	WP_058013706.1	K02016	6.8999999999999995e-68	227.6	157.77	69.82999999999998
GCF_026787785.1	WP_034661308.1	K02036	5.2e-138	458.1	268.53	189.57000000000005
GCF_026787785.1	WP_003217329.1	K02037	3.3999999999999997e-96	321.5	260.07	61.43000000000001
GCF_026787785.1	WP_003217489.1	K02038	7.0999999999999995e-96	320.0	255.13	64.87
GCF_026787785.1	WP_058014668.1	K02040	6.3e-76	254.2	55.67	198.53
GCF_026787785.1	WP_058014260.1	K02406	5.9e-132	439.3	135.0	304.3
GCF_026787785.1	WP_003212085.1	K02556	4.6e-93	310.3	97.97	212.33
GCF_026787785.1	WP_058014151.1	K02557	1e-68	230.4	144.87	85.53
GCF_026787785.1	WP_058013981.1	K03407	9.9e-225	746.2	509.2	237.00000000000009
GCF_026787785.1	WP_007499584.1	K03413	1.8e-47	160.3	135.0	25.30000000000001
GCF_026787785.1	WP_268466068.1	K06390	2e-133	442.8	217.4	225.4
GCF_026787785.1	WP_058015094.1	K07636	5.4e-124	412.8	327.73	85.07
GCF_026787785.1	WP_008348273.1	K07692	5.3e-113	374.3	267.17	107.13
GCF_026787785.1	WP_058013418.1	K19549	1.1e-228	756.7	689.47	67.23000000000002
GCF_026787785.1	WP_321165902.1	K19550	9.500000000000001e-133	438.9	388.33	50.56999999999999
GCF_026787785.1	WP_003213584.1	K23188	3.8999999999999997e-140	466.1	460.43	5.670000000000016
GCF_026793695.1	WP_268271808.1	K00004	5.6e-141	467.9	376.97	90.92999999999996
GCF_026793695.1	WP_268312828.1	K00372	6.5e-279	925.8	909.57	16.229999999999905
GCF_026793695.1	WP_080428964.1	K01077	5.1e-115	383.5	67.97	315.53
GCF_026793695.1	WP_003241303.1	K01113	1.2000000000000001e-164	547.6	94.03	453.5700000000001
GCF_026793695.1	WP_003238339.1	K01915	4.4999999999999996e-107	357.3	37.7	319.6
GCF_026793695.1	WP_268289864.1	K02013	2.3999999999999998e-113	377.2	226.0	151.2
GCF_026793695.1	WP_268287665.1	K02015	7e-105	349.7	343.37	6.329999999999984
GCF_026793695.1	WP_268283390.1	K02016	6.4e-68	227.8	157.77	70.03
GCF_026793695.1	WP_060399032.1	K02036	3.2e-142	471.9	268.53	203.37
GCF_026793695.1	WP_019258908.1	K02037	3.3e-100	334.8	260.07	74.73000000000002
GCF_026793695.1	WP_003237008.1	K02038	1.4e-93	312.5	255.13	57.370000000000005
GCF_026793695.1	WP_003237013.1	K02040	1e-76	256.8	55.67	201.13
GCF_026793695.1	WP_268280983.1	K02406	1.5999999999999998e-129	431.2	135.0	296.2
GCF_026793695.1	WP_060400050.1	K02556	1.6e-95	318.4	97.97	220.43
GCF_026793695.1	WP_268272378.1	K02557	8.999999999999999e-71	237.2	144.87	92.32999999999998
GCF_026793695.1	WP_225515030.1	K03407	1.1e-225	749.4	509.2	240.2
GCF_026793695.1	WP_003220882.1	K03413	1.0999999999999999e-47	161.1	135.0	26.099999999999994
GCF_026793695.1	WP_003236905.1	K06390	3.9e-133	441.9	217.4	224.5
GCF_026793695.1	WP_268312974.1	K07636	5.9e-124	412.7	327.73	84.96999999999997
GCF_026793695.1	WP_003219701.1	K07692	7.4e-113	373.9	267.17	106.72999999999996
GCF_026793695.1	WP_232919879.1	K19549	1.8e-252	835.0	689.47	145.52999999999997
GCF_026793695.1	WP_119914425.1	K19550	7.4e-144	475.4	388.33	87.07
GCF_026793695.1	WP_119914427.1	K19552	5.1999999999999996e-256	846.7	730.4	116.30000000000008
GCF_026793695.1	WP_075749192.1	K23188	1.5999999999999998e-141	470.7	460.43	10.269999999999982
GCF_026793855.1	WP_010787808.1	K00004	2.1e-137	456.2	376.97	79.22999999999996
GCF_026793855.1	WP_088116603.1	K01077	1.6999999999999998e-113	378.5	67.97	310.53
GCF_026793855.1	WP_268529406.1	K01113	1.9000000000000003e-164	547.0	94.03	452.97
GCF_026793855.1	WP_094232068.1	K01915	2.4e-108	361.5	37.7	323.8
GCF_026793855.1	WP_268528007.1	K02013	7.2e-106	352.6	226.0	126.60000000000002
GCF_026793855.1	WP_268527263.1	K02015	3.1000000000000003e-106	354.2	343.37	10.829999999999984
GCF_026793855.1	WP_268527259.1	K02016	4.6e-68	228.2	157.77	70.42999999999998
GCF_026793855.1	WP_061669987.1	K02036	1.7999999999999998e-141	469.5	268.53	200.97000000000003
GCF_026793855.1	WP_004429534.1	K02037	2e-98	328.8	260.07	68.73000000000002
GCF_026793855.1	WP_106046752.1	K02038	5.3e-94	313.8	255.13	58.670000000000016
GCF_026793855.1	WP_004429533.1	K02040	2.3000000000000002e-74	249.1	55.67	193.43
GCF_026793855.1	WP_268370730.1	K02406	8.999999999999999e-128	425.5	135.0	290.5
GCF_026793855.1	WP_003327311.1	K02556	3.7e-93	310.6	97.97	212.63
GCF_026793855.1	WP_003327312.1	K02557	1.1e-72	243.4	144.87	98.53
GCF_026793855.1	WP_003328922.1	K03407	1.2999999999999999e-221	736.0	509.2	226.8
GCF_026793855.1	WP_003328933.1	K03413	2.5e-47	159.9	135.0	24.90000000000001
GCF_026793855.1	WP_003325460.1	K06390	7e-133	441.1	217.4	223.7
GCF_026793855.1	WP_003325115.1	K07636	9.4e-123	408.7	327.73	80.96999999999997
GCF_026793855.1	WP_003219701.1	K07692	7.4e-113	373.9	267.17	106.72999999999996
GCF_026793855.1	WP_003326993.1	K23188	1.4999999999999999e-140	467.5	460.43	7.069999999999993
GCF_027497645.1	WP_016937045.1	K00004	2e-140	466.0	376.97	89.02999999999997
GCF_027497645.1	WP_269775463.1	K01077	6.5000000000000005e-111	369.9	67.97	301.92999999999995
GCF_027497645.1	WP_269775373.1	K01113	1.5000000000000001e-167	557.2	94.03	463.1700000000001
GCF_027497645.1	WP_016936014.1	K01915	3.3e-109	364.3	37.7	326.6
GCF_027497645.1	WP_269775214.1	K02013	1.6000000000000001e-111	371.1	226.0	145.10000000000002
GCF_027497645.1	WP_269774313.1	K02015	1.6e-103	345.1	343.37	1.7300000000000182
GCF_027497645.1	WP_188154467.1	K02016	3.8e-67	225.2	157.77	67.42999999999998
GCF_027497645.1	WP_269774800.1	K02036	2.4e-137	455.8	268.53	187.27000000000004
GCF_027497645.1	WP_013352890.1	K02037	5e-98	327.5	260.07	67.43
GCF_027497645.1	WP_016938946.1	K02038	3.3999999999999997e-91	304.5	255.13	49.370000000000005
GCF_027497645.1	WP_016938944.1	K02040	4.4e-77	258.0	55.67	202.33
GCF_027497645.1	WP_198698154.1	K02406	4.3e-140	466.1	135.0	331.1
GCF_027497645.1	WP_269774634.1	K02556	9.999999999999999e-98	325.6	97.97	227.63
GCF_027497645.1	WP_269775196.1	K02557	3.4e-72	241.8	144.87	96.93
GCF_027497645.1	WP_003154238.1	K03413	1.2e-47	160.8	135.0	25.80000000000001
GCF_027497645.1	WP_198697869.1	K06390	3e-130	432.4	217.4	215.0
GCF_027497645.1	WP_269774665.1	K07636	3.3e-126	420.0	327.73	92.26999999999998
GCF_027497645.1	WP_003219701.1	K07692	6.999999999999999e-113	373.9	267.17	106.72999999999996
GCF_027497645.1	WP_269774136.1	K19550	1e-134	445.4	388.33	57.06999999999999
GCF_027497645.1	WP_016937987.1	K23188	9e-143	474.8	460.43	14.370000000000005
GCF_027706145.1	WP_270802240.1	K01077	9.4e-116	385.8	67.97	317.83000000000004
GCF_027706145.1	WP_270803200.1	K01113	1.3e-162	540.8	94.03	446.77
GCF_027706145.1	WP_172295371.1	K01915	9.2e-110	366.0	37.7	328.3
GCF_027706145.1	WP_270800515.1	K02013	3e-95	317.5	226.0	91.5
GCF_027706145.1	WP_270800510.1	K02015	4.4e-106	353.5	343.37	10.129999999999995
GCF_027706145.1	WP_270800511.1	K02016	2e-69	232.6	157.77	74.82999999999998
GCF_027706145.1	WP_270798193.1	K02036	7.7e-141	467.3	268.53	198.77000000000004
GCF_027706145.1	WP_270798191.1	K02037	3e-99	331.4	260.07	71.32999999999998
GCF_027706145.1	WP_270798192.1	K02038	9.699999999999999e-93	309.6	255.13	54.47000000000003
GCF_027706145.1	WP_270798190.1	K02040	1.4e-75	252.9	55.67	197.23
GCF_027706145.1	WP_270800771.1	K02406	1.6000000000000002e-130	434.4	135.0	299.4
GCF_027706145.1	WP_270802724.1	K02556	1.4999999999999998e-91	305.2	97.97	207.23
GCF_027706145.1	WP_270799530.1	K02557	2.4e-71	239.0	144.87	94.13
GCF_027706145.1	WP_270799164.1	K03407	2.3e-223	741.6	509.2	232.40000000000003
GCF_027706145.1	WP_270799181.1	K03413	1.4e-46	157.3	135.0	22.30000000000001
GCF_027706145.1	WP_270798242.1	K06390	1.8e-130	433.0	217.4	215.6
GCF_027706145.1	WP_270802629.1	K07636	2.1999999999999998e-121	404.0	327.73	76.26999999999998
GCF_027706145.1	WP_172299730.1	K07692	5e-112	371.0	267.17	103.82999999999998
GCF_029691445.1	WP_003155800.1	K00004	2e-140	466.0	376.97	89.02999999999997
GCF_029691445.1	WP_003155322.1	K01077	1.2e-110	368.9	67.97	300.92999999999995
GCF_029691445.1	WP_014304274.1	K01113	1.5000000000000001e-167	557.1	94.03	463.0700000000001
GCF_029691445.1	WP_003154048.1	K01915	1.3000000000000001e-108	362.3	37.7	324.6
GCF_029691445.1	WP_048367181.1	K02013	1.1000000000000001e-110	368.4	226.0	142.39999999999998
GCF_029691445.1	WP_024085782.1	K02015	8.4e-104	346.1	343.37	2.730000000000018
GCF_029691445.1	WP_003151784.1	K02016	1.4999999999999998e-68	229.8	157.77	72.03
GCF_029691445.1	WP_003153040.1	K02036	2e-137	456.0	268.53	187.47000000000003
GCF_029691445.1	WP_032856869.1	K02037	1.3e-97	326.1	260.07	66.03000000000003
GCF_029691445.1	WP_207579558.1	K02038	1.1e-90	302.8	255.13	47.670000000000016
GCF_029691445.1	WP_032856870.1	K02040	8.5e-76	253.7	55.67	198.03
GCF_029691445.1	WP_015387631.1	K02406	8.1e-139	461.8	135.0	326.8
GCF_029691445.1	WP_003152386.1	K02556	5.6e-97	323.1	97.97	225.13
GCF_029691445.1	WP_003154685.1	K02557	1.8e-72	242.6	144.87	97.73
GCF_029691445.1	WP_015388231.1	K03407	1.2e-225	749.2	509.2	240.00000000000009
GCF_029691445.1	WP_003154238.1	K03413	1.2e-47	160.8	135.0	25.80000000000001
GCF_029691445.1	WP_024084930.1	K03837	2e-170	564.9	526.93	37.97000000000003
GCF_029691445.1	WP_003153125.1	K06390	9.999999999999999e-131	433.9	217.4	216.5
GCF_029691445.1	WP_014305565.1	K07636	1.2e-125	418.2	327.73	90.46999999999996
GCF_029691445.1	WP_003219701.1	K07692	6.9e-113	373.9	267.17	106.72999999999996
GCF_029691445.1	WP_014306032.1	K19549	2.9999999999999995e-252	834.2	689.47	144.73000000000002
GCF_029691445.1	WP_024085927.1	K19550	1.2e-140	464.7	388.33	76.37
GCF_029691445.1	WP_014306033.1	K19552	5.4e-257	849.9	730.4	119.5
GCF_029691445.1	WP_003151820.1	K23188	3.7e-143	476.0	460.43	15.569999999999991
GCF_029916985.1	WP_003234015.1	K00004	1.5e-141	469.8	376.97	92.82999999999998
GCF_029916985.1	WP_029727068.1	K00372	1.2999999999999999e-279	928.1	909.57	18.529999999999973
GCF_029916985.1	WP_029725845.1	K01077	1.3e-113	378.9	67.97	310.92999999999995
GCF_029916985.1	WP_014475691.1	K01113	1.6e-165	550.5	94.03	456.47
GCF_029916985.1	WP_003231737.1	K01915	1.8999999999999998e-107	358.6	37.7	320.90000000000003
GCF_029916985.1	WP_029727026.1	K02013	2.6e-115	383.7	226.0	157.7
GCF_029916985.1	WP_029725913.1	K02015	1.3e-105	352.2	343.37	8.829999999999984
GCF_029916985.1	WP_015714689.1	K02016	1.7999999999999998e-68	229.6	157.77	71.82999999999998
GCF_029916985.1	WP_014480273.1	K02036	3.8999999999999996e-142	471.7	268.53	203.17
GCF_029916985.1	WP_015714268.1	K02037	1.8e-100	335.6	260.07	75.53000000000003
GCF_029916985.1	WP_003230103.1	K02038	1.9e-94	315.3	255.13	60.170000000000016
GCF_029916985.1	WP_029726710.1	K02040	1.7e-77	259.4	55.67	203.73
GCF_029916985.1	WP_029725988.1	K02406	3.6e-133	443.3	135.0	308.3
GCF_029916985.1	WP_014477672.1	K02556	1.8e-94	315.0	97.97	217.03
GCF_029916985.1	WP_003232473.1	K02557	4.4e-72	241.5	144.87	96.63
GCF_029916985.1	WP_014476817.1	K03407	2.5e-225	748.2	509.2	239.00000000000009
GCF_029916985.1	WP_014476812.1	K03413	5.6e-48	162.1	135.0	27.099999999999994
GCF_029916985.1	WP_015251728.1	K06390	6.3e-132	438.0	217.4	220.6
GCF_029916985.1	WP_113712819.1	K07636	1.4e-125	418.1	327.73	90.37
GCF_029916985.1	WP_003219701.1	K07692	7.5e-113	373.9	267.17	106.72999999999996
GCF_029916985.1	WP_032722710.1	K19549	5.7e-254	840.0	689.47	150.52999999999997
GCF_029916985.1	WP_003244095.1	K19550	4.9e-144	476.0	388.33	87.67000000000002
GCF_029916985.1	WP_119899908.1	K19552	5.2999999999999997e-256	846.8	730.4	116.39999999999998
GCF_029916985.1	WP_010886609.1	K23188	8.5e-142	471.7	460.43	11.269999999999982
GCF_030273385.1	WP_003234015.1	K00004	1.5e-141	469.8	376.97	92.82999999999998
GCF_030273385.1	WP_015715220.1	K00372	3.3e-280	930.1	909.57	20.529999999999973
GCF_030273385.1	WP_015382905.1	K01077	2.9e-113	377.8	67.97	309.83000000000004
GCF_030273385.1	WP_032722881.1	K01113	1.5000000000000001e-165	550.7	94.03	456.6700000000001
GCF_030273385.1	WP_003231737.1	K01915	1.8999999999999998e-107	358.6	37.7	320.90000000000003
GCF_030273385.1	WP_120363342.1	K02013	1.5e-115	384.5	226.0	158.5
GCF_030273385.1	WP_019712959.1	K02015	1.4999999999999999e-105	352.0	343.37	8.629999999999995
GCF_030273385.1	WP_041850549.1	K02016	3.2999999999999995e-69	232.0	157.77	74.22999999999999
GCF_030273385.1	WP_014480273.1	K02036	3.8999999999999996e-142	471.7	268.53	203.17
GCF_030273385.1	WP_015714268.1	K02037	1.9e-100	335.6	260.07	75.53000000000003
GCF_030273385.1	WP_003230103.1	K02038	2e-94	315.3	255.13	60.170000000000016
GCF_030273385.1	WP_029726710.1	K02040	1.7e-77	259.4	55.67	203.73
GCF_030273385.1	WP_003228021.1	K02406	7.600000000000001e-130	432.4	135.0	297.4
GCF_030273385.1	WP_015714528.1	K02556	1.5e-94	315.2	97.97	217.23
GCF_030273385.1	WP_003232473.1	K02557	4.4e-72	241.5	144.87	96.63
GCF_030273385.1	WP_014476817.1	K03407	2.6e-225	748.2	509.2	239.00000000000009
GCF_030273385.1	WP_014476812.1	K03413	5.6e-48	162.1	135.0	27.099999999999994
GCF_030273385.1	WP_015714242.1	K06390	6.7e-132	437.9	217.4	220.5
GCF_030273385.1	WP_015714502.1	K07636	3.2000000000000004e-125	416.9	327.73	89.16999999999996
GCF_030273385.1	WP_003219701.1	K07692	7.6e-113	373.9	267.17	106.72999999999996
GCF_030273385.1	WP_032722710.1	K19549	5.8e-254	840.0	689.47	150.52999999999997
GCF_030273385.1	WP_003227505.1	K19550	5.0999999999999995e-143	472.7	388.33	84.37
GCF_030273385.1	WP_120363548.1	K19552	6.4999999999999995e-257	849.8	730.4	119.39999999999998
GCF_030273385.1	WP_010886609.1	K23188	8.6e-142	471.7	460.43	11.269999999999982
GCF_030292035.1	WP_025092841.1	K00004	2.3e-140	465.8	376.97	88.82999999999998
GCF_030292035.1	WP_185854474.1	K00372	1.5999999999999998e-275	914.4	909.57	4.829999999999927
GCF_030292035.1	WP_286099009.1	K01077	5.2e-106	353.6	67.97	285.63
GCF_030292035.1	WP_024427046.1	K01915	1.8e-108	361.8	37.7	324.1
GCF_030292035.1	WP_286098837.1	K02013	5.5e-116	385.7	226.0	159.7
GCF_030292035.1	WP_286098730.1	K02015	4e-107	356.9	343.37	13.529999999999973
GCF_030292035.1	WP_024426031.1	K02016	3.5999999999999997e-68	228.4	157.77	70.63
GCF_030292035.1	WP_098677419.1	K02036	3.6e-139	461.7	268.53	193.17
GCF_030292035.1	WP_024422994.1	K02037	3.5999999999999997e-96	321.3	260.07	61.23000000000002
GCF_030292035.1	WP_025092964.1	K02038	6.499999999999999e-96	320.0	255.13	64.87
GCF_030292035.1	WP_024422995.1	K02040	1.6e-75	252.7	55.67	197.03
GCF_030292035.1	WP_251180678.1	K02406	6.6e-132	439.0	135.0	304.0
GCF_030292035.1	WP_024424680.1	K02556	1e-92	309.1	97.97	211.13
GCF_030292035.1	WP_024424679.1	K02557	1.0999999999999999e-69	233.4	144.87	88.53
GCF_030292035.1	WP_024424158.1	K03407	4.0000000000000004e-225	747.4	509.2	238.2
GCF_030292035.1	WP_007499584.1	K03413	1.6999999999999998e-47	160.3	135.0	25.30000000000001
GCF_030292035.1	WP_024428002.1	K06390	2.8e-131	435.7	217.4	218.3
GCF_030292035.1	WP_212051498.1	K07636	1.3000000000000001e-123	411.4	327.73	83.66999999999996
GCF_030292035.1	WP_008348273.1	K07692	4.8999999999999997e-113	374.3	267.17	107.13
GCF_030292035.1	WP_008347057.1	K23188	3.3e-140	466.2	460.43	5.769999999999982
GCF_030517005.1	WP_007408876.1	K00004	2.2e-140	465.9	376.97	88.92999999999995
GCF_030517005.1	WP_032872794.1	K00372	9.999999999999999e-277	918.4	909.57	8.829999999999927
GCF_030517005.1	WP_032874278.1	K01077	1.3000000000000001e-111	372.1	67.97	304.13
GCF_030517005.1	WP_032872722.1	K01113	1.6e-167	557.0	94.03	462.97
GCF_030517005.1	WP_007410365.1	K01915	1.3000000000000001e-108	362.2	37.7	324.5
GCF_030517005.1	WP_032874672.1	K02013	4.4000000000000005e-110	366.3	226.0	140.3
GCF_030517005.1	WP_032876563.1	K02015	7.9e-104	346.1	343.37	2.730000000000018
GCF_030517005.1	WP_032876560.1	K02016	3.3e-68	228.6	157.77	70.82999999999998
GCF_030517005.1	WP_032873997.1	K02036	1.5999999999999999e-137	456.3	268.53	187.77000000000004
GCF_030517005.1	WP_007612605.1	K02037	9.8e-98	326.5	260.07	66.43
GCF_030517005.1	WP_007408306.1	K02038	1.6999999999999999e-91	305.5	255.13	50.370000000000005
GCF_030517005.1	WP_007408304.1	K02040	1.1e-76	256.7	55.67	201.03
GCF_030517005.1	WP_032876173.1	K02406	1.7999999999999998e-138	460.6	135.0	325.6
GCF_030517005.1	WP_007408775.1	K02556	1.2999999999999999e-96	321.9	97.97	223.93
GCF_030517005.1	WP_003154685.1	K02557	1.8e-72	242.6	144.87	97.73
GCF_030517005.1	WP_032874918.1	K03407	9.6e-226	749.5	509.2	240.3
GCF_030517005.1	WP_003154238.1	K03413	1.2e-47	160.8	135.0	25.80000000000001
GCF_030517005.1	WP_032874043.1	K06390	1.7000000000000002e-130	433.2	217.4	215.8
GCF_030517005.1	WP_032873702.1	K07636	6.5e-126	419.0	327.73	91.26999999999998
GCF_030517005.1	WP_003219701.1	K07692	6.7e-113	373.9	267.17	106.72999999999996
GCF_030517005.1	WP_032875852.1	K19549	4.1e-252	833.7	689.47	144.23000000000002
GCF_030517005.1	WP_007407669.1	K19550	2.1e-141	467.2	388.33	78.87
GCF_030517005.1	WP_007407671.1	K19552	1.5e-257	851.7	730.4	121.30000000000008
GCF_030517005.1	WP_012118397.1	K23188	2.7e-143	476.4	460.43	15.96999999999997
GCF_030517045.1	WP_007408876.1	K00004	2.2e-140	465.9	376.97	88.92999999999995
GCF_030517045.1	WP_032872794.1	K00372	9.999999999999999e-277	918.4	909.57	8.829999999999927
GCF_030517045.1	WP_032874278.1	K01077	1.3000000000000001e-111	372.1	67.97	304.13
GCF_030517045.1	WP_032872722.1	K01113	1.6e-167	557.0	94.03	462.97
GCF_030517045.1	WP_007410365.1	K01915	1.3000000000000001e-108	362.2	37.7	324.5
GCF_030517045.1	WP_032874672.1	K02013	4.4000000000000005e-110	366.3	226.0	140.3
GCF_030517045.1	WP_032876563.1	K02015	7.9e-104	346.1	343.37	2.730000000000018
GCF_030517045.1	WP_032876560.1	K02016	3.3e-68	228.6	157.77	70.82999999999998
GCF_030517045.1	WP_032873997.1	K02036	1.5999999999999999e-137	456.3	268.53	187.77000000000004
GCF_030517045.1	WP_007612605.1	K02037	9.8e-98	326.5	260.07	66.43
GCF_030517045.1	WP_007408306.1	K02038	1.6999999999999999e-91	305.5	255.13	50.370000000000005
GCF_030517045.1	WP_007408304.1	K02040	1.1e-76	256.7	55.67	201.03
GCF_030517045.1	WP_032876173.1	K02406	1.7999999999999998e-138	460.6	135.0	325.6
GCF_030517045.1	WP_007408775.1	K02556	1.2999999999999999e-96	321.9	97.97	223.93
GCF_030517045.1	WP_003154685.1	K02557	1.8e-72	242.6	144.87	97.73
GCF_030517045.1	WP_032874918.1	K03407	9.6e-226	749.5	509.2	240.3
GCF_030517045.1	WP_003154238.1	K03413	1.2e-47	160.8	135.0	25.80000000000001
GCF_030517045.1	WP_032874043.1	K06390	1.7000000000000002e-130	433.2	217.4	215.8
GCF_030517045.1	WP_032873702.1	K07636	6.5e-126	419.0	327.73	91.26999999999998
GCF_030517045.1	WP_003219701.1	K07692	6.7e-113	373.9	267.17	106.72999999999996
GCF_030517045.1	WP_032875852.1	K19549	4.1e-252	833.7	689.47	144.23000000000002
GCF_030517045.1	WP_007407669.1	K19550	2.1e-141	467.2	388.33	78.87
GCF_030517045.1	WP_007407671.1	K19552	1.5e-257	851.7	730.4	121.30000000000008
GCF_030517045.1	WP_012118397.1	K23188	2.7e-143	476.4	460.43	15.96999999999997
GCF_030643845.1	WP_003234015.1	K00004	1.5999999999999998e-141	469.8	376.97	92.82999999999998
GCF_030643845.1	WP_019712387.1	K00372	1.2e-279	928.3	909.57	18.729999999999905
GCF_030643845.1	WP_080287651.1	K01077	3.3e-113	377.6	67.97	309.63
GCF_030643845.1	WP_032722881.1	K01113	1.5000000000000001e-165	550.7	94.03	456.6700000000001
GCF_030643845.1	WP_003231737.1	K01915	1.8999999999999998e-107	358.6	37.7	320.90000000000003
GCF_030643845.1	WP_019712473.1	K02013	7.599999999999999e-116	385.5	226.0	159.5
GCF_030643845.1	WP_015714688.1	K02015	1.3e-105	352.2	343.37	8.829999999999984
GCF_030643845.1	WP_015714689.1	K02016	1.7999999999999998e-68	229.6	157.77	71.82999999999998
GCF_030643845.1	WP_004399074.1	K02036	4.8e-142	471.4	268.53	202.87
GCF_030643845.1	WP_015714268.1	K02037	1.9e-100	335.6	260.07	75.53000000000003
GCF_030643845.1	WP_003230103.1	K02038	2e-94	315.3	255.13	60.170000000000016
GCF_030643845.1	WP_029726710.1	K02040	1.8e-77	259.4	55.67	203.73
GCF_030643845.1	WP_003228021.1	K02406	7.8e-130	432.4	135.0	297.4
GCF_030643845.1	WP_014477672.1	K02556	1.9e-94	315.0	97.97	217.03
GCF_030643845.1	WP_003232473.1	K02557	4.5e-72	241.5	144.87	96.63
GCF_030643845.1	WP_014476817.1	K03407	2.6e-225	748.2	509.2	239.00000000000009
GCF_030643845.1	WP_032722103.1	K06390	4e-132	438.7	217.4	221.3
GCF_030643845.1	WP_032722335.1	K07636	1.8e-125	417.7	327.73	89.96999999999997
GCF_030643845.1	WP_003219701.1	K07692	7.8e-113	373.9	267.17	106.72999999999996
GCF_030643845.1	WP_032722710.1	K19549	5.9e-254	840.0	689.47	150.52999999999997
GCF_030643845.1	WP_003227505.1	K19550	5.2e-143	472.7	388.33	84.37
GCF_030643845.1	WP_003227502.1	K19552	3.7e-257	850.6	730.4	120.20000000000005
GCF_030643845.1	WP_080015536.1	K23188	7.7e-142	471.8	460.43	11.370000000000005
GCF_030717805.1	WP_058014595.1	K00004	7.6e-140	464.1	376.97	87.13
GCF_030717805.1	WP_306011919.1	K01077	4.8000000000000005e-106	353.7	67.97	285.73
GCF_030717805.1	WP_058013910.1	K01915	8.4e-109	362.9	37.7	325.2
GCF_030717805.1	WP_306011500.1	K02013	6.900000000000001e-117	388.7	226.0	162.7
GCF_030717805.1	WP_169055976.1	K02015	4e-107	357.0	343.37	13.629999999999995
GCF_030717805.1	WP_306011181.1	K02016	1.3e-68	229.9	157.77	72.13
GCF_030717805.1	WP_169056981.1	K02036	4.4e-138	458.2	268.53	189.67
GCF_030717805.1	WP_003217329.1	K02037	3.1999999999999997e-96	321.5	260.07	61.43000000000001
GCF_030717805.1	WP_003217489.1	K02038	6.6999999999999996e-96	320.0	255.13	64.87
GCF_030717805.1	WP_034661310.1	K02040	6.200000000000001e-76	254.1	55.67	198.43
GCF_030717805.1	WP_306012016.1	K02406	1.4e-131	437.9	135.0	302.9
GCF_030717805.1	WP_003212085.1	K02556	4.3e-93	310.3	97.97	212.33
GCF_030717805.1	WP_058014151.1	K02557	9.7e-69	230.4	144.87	85.53
GCF_030717805.1	WP_306012137.1	K03407	1.1e-224	746.0	509.2	236.8
GCF_030717805.1	WP_007499584.1	K03413	1.6999999999999998e-47	160.3	135.0	25.30000000000001
GCF_030717805.1	WP_306010862.1	K06390	2.1e-133	442.7	217.4	225.3
GCF_030717805.1	WP_306011035.1	K07636	4.9000000000000005e-124	412.8	327.73	85.07
GCF_030717805.1	WP_008348273.1	K07692	5e-113	374.3	267.17	107.13
GCF_030717805.1	WP_306012283.1	K19549	5e-227	751.1	689.47	61.63
GCF_030717805.1	WP_306011383.1	K19550	6.6e-133	439.4	388.33	51.06999999999999
GCF_030717805.1	WP_003213584.1	K23188	3.6e-140	466.1	460.43	5.670000000000016
GCF_033568485.1	WP_024120423.1	K00004	5.3e-141	468.0	376.97	91.02999999999996
GCF_033568485.1	WP_254518029.1	K00372	5.6e-279	926.0	909.57	16.42999999999995
GCF_033568485.1	WP_095714196.1	K01077	2e-116	388.2	67.97	320.23
GCF_033568485.1	WP_254518012.1	K01113	1.0000000000000001e-163	544.6	94.03	450.5700000000001
GCF_033568485.1	WP_024121509.1	K01915	5.7e-107	357.0	37.7	319.3
GCF_033568485.1	WP_127695384.1	K02013	2.3999999999999998e-113	377.2	226.0	151.2
GCF_033568485.1	WP_106019542.1	K02015	3.9e-106	353.9	343.37	10.529999999999973
GCF_033568485.1	WP_024122808.1	K02016	6.4e-68	227.8	157.77	70.03
GCF_033568485.1	WP_024122064.1	K02036	7e-142	470.8	268.53	202.27000000000004
GCF_033568485.1	WP_024122067.1	K02037	1.4e-100	336.0	260.07	75.93
GCF_033568485.1	WP_024122066.1	K02038	9.5e-94	313.0	255.13	57.870000000000005
GCF_033568485.1	WP_024122068.1	K02040	5.4e-77	257.7	55.67	202.03
GCF_033568485.1	WP_010332058.1	K02406	1.4e-128	428.2	135.0	293.2
GCF_033568485.1	WP_024122512.1	K02556	1.7e-95	318.4	97.97	220.43
GCF_033568485.1	WP_024121173.1	K02557	1.2e-71	240.0	144.87	95.13
GCF_033568485.1	WP_106020713.1	K03407	3.8e-226	750.9	509.2	241.7
GCF_033568485.1	WP_010334256.1	K03413	1.4999999999999998e-47	160.6	135.0	25.599999999999994
GCF_033568485.1	WP_044154635.1	K06390	3.9e-134	445.2	217.4	227.8
GCF_033568485.1	WP_106020250.1	K07636	2.4e-125	417.2	327.73	89.46999999999997
GCF_033568485.1	WP_003219701.1	K07692	7.4e-113	373.9	267.17	106.72999999999996
GCF_033568485.1	WP_024123243.1	K19549	3.2e-250	827.6	689.47	138.13
GCF_033568485.1	WP_105954423.1	K19550	4.9e-143	472.7	388.33	84.37
GCF_033568485.1	WP_024123244.1	K19552	2.3e-255	844.6	730.4	114.20000000000005
GCF_033568485.1	WP_081638363.1	K23188	8.4e-142	471.7	460.43	11.269999999999982
GCF_034427495.1	WP_019257652.1	K00004	9.799999999999999e-141	467.1	376.97	90.13
GCF_034427495.1	WP_060397888.1	K00372	5e-279	926.2	909.57	16.629999999999995
GCF_034427495.1	WP_080428964.1	K01077	5.1e-115	383.5	67.97	315.53
GCF_034427495.1	WP_060397859.1	K01113	1.5000000000000002e-164	547.3	94.03	453.27
GCF_034427495.1	WP_003238339.1	K01915	4.6e-107	357.3	37.7	319.6
GCF_034427495.1	WP_060398477.1	K02013	5.4e-115	382.6	226.0	156.60000000000002
GCF_034427495.1	WP_060399463.1	K02015	3.2e-105	350.8	343.37	7.430000000000007
GCF_034427495.1	WP_060399464.1	K02016	6.599999999999999e-69	231.0	157.77	73.22999999999999
GCF_034427495.1	WP_060399032.1	K02036	3.2e-142	471.9	268.53	203.37
GCF_034427495.1	WP_060399034.1	K02037	2.6e-100	335.1	260.07	75.03000000000003
GCF_034427495.1	WP_003237008.1	K02038	1.4e-93	312.5	255.13	57.370000000000005
GCF_034427495.1	WP_003237013.1	K02040	1e-76	256.8	55.67	201.13
GCF_034427495.1	WP_060399591.1	K02406	4e-133	443.2	135.0	308.2
GCF_034427495.1	WP_060400050.1	K02556	1.7e-95	318.4	97.97	220.43
GCF_034427495.1	WP_060398498.1	K02557	4.7e-71	238.1	144.87	93.23
GCF_034427495.1	WP_060398633.1	K03407	9.499999999999999e-226	749.6	509.2	240.40000000000003
GCF_034427495.1	WP_003220882.1	K03413	1.0999999999999999e-47	161.1	135.0	26.099999999999994
GCF_034427495.1	WP_060399006.1	K06390	4.7e-133	441.7	217.4	224.3
GCF_034427495.1	WP_060399261.1	K07636	8e-125	415.5	327.73	87.76999999999998
GCF_034427495.1	WP_003219701.1	K07692	7.4e-113	373.9	267.17	106.72999999999996
GCF_034427495.1	WP_060399749.1	K19549	1e-252	835.9	689.47	146.42999999999995
GCF_034427495.1	WP_060399748.1	K19550	4.3e-144	476.2	388.33	87.87
GCF_034427495.1	WP_060399750.1	K19552	2.1e-255	844.8	730.4	114.39999999999998
GCF_034427495.1	WP_075749192.1	K23188	1.5999999999999998e-141	470.7	460.43	10.269999999999982
GCF_035809815.1	WP_268388804.1	K00372	9.4e-278	922.0	909.57	12.42999999999995
GCF_035809815.1	WP_011198101.1	K01077	5.5e-102	340.5	67.97	272.53
GCF_035809815.1	WP_003178586.1	K01113	2e-168	560.2	94.03	466.1700000000001
GCF_035809815.1	WP_003182145.1	K01915	1.4e-108	362.3	37.7	324.6
GCF_035809815.1	WP_073425253.1	K02013	1.4e-95	318.8	226.0	92.8
GCF_035809815.1	WP_003185150.1	K02016	9.100000000000001e-72	240.5	157.77	82.72999999999999
GCF_035809815.1	WP_016885933.1	K02036	1.1e-140	466.9	268.53	198.37
GCF_035809815.1	WP_003183532.1	K02037	1.3e-98	329.6	260.07	69.53000000000003
GCF_035809815.1	WP_003183530.1	K02038	8.399999999999999e-95	316.5	255.13	61.370000000000005
GCF_035809815.1	WP_003183534.1	K02040	3.3e-77	258.5	55.67	202.83
GCF_035809815.1	WP_009329669.1	K02406	4.9e-134	446.2	135.0	311.2
GCF_035809815.1	WP_009329389.1	K02556	2.2e-94	314.7	97.97	216.73
GCF_035809815.1	WP_003181091.1	K02557	2.7000000000000003e-73	245.5	144.87	100.63
GCF_035809815.1	WP_009328508.1	K03407	1e-224	746.2	509.2	237.00000000000009
GCF_035809815.1	WP_003181796.1	K03413	2.3999999999999997e-46	156.7	135.0	21.69999999999999
GCF_035809815.1	WP_003183411.1	K06390	1.4e-130	433.6	217.4	216.2
GCF_035809815.1	WP_003184312.1	K07636	4.1e-124	413.2	327.73	85.46999999999997
GCF_035809815.1	WP_003185730.1	K07692	2.3e-112	372.3	267.17	105.13
GCF_035822295.1	WP_014663040.1	K00004	2.5999999999999998e-141	469.0	376.97	92.02999999999996
GCF_035822295.1	WP_326350499.1	K00372	1.0999999999999999e-278	925.0	909.57	15.42999999999995
GCF_035822295.1	WP_082033066.1	K01077	6.9e-114	379.8	67.97	311.83000000000004
GCF_035822295.1	WP_326350481.1	K01113	6.2e-166	551.9	94.03	457.87
GCF_035822295.1	WP_014664076.1	K01915	2.9e-107	357.9	37.7	320.2
GCF_035822295.1	WP_326350245.1	K02013	6.2e-114	379.1	226.0	153.10000000000002
GCF_035822295.1	WP_326246330.1	K02015	9.5e-107	355.8	343.37	12.430000000000009
GCF_035822295.1	WP_326246329.1	K02016	2.2999999999999998e-69	232.5	157.77	74.72999999999999
GCF_035822295.1	WP_095431699.1	K02036	2e-141	469.3	268.53	200.77000000000004
GCF_035822295.1	WP_040082615.1	K02037	2.1e-99	332.1	260.07	72.03000000000003
GCF_035822295.1	WP_040082617.1	K02038	2.6e-94	314.8	255.13	59.670000000000016
GCF_035822295.1	WP_014664620.1	K02040	3e-77	258.6	55.67	202.93
GCF_035822295.1	WP_069150414.1	K02406	1.9999999999999999e-128	427.6	135.0	292.6
GCF_035822295.1	WP_040082125.1	K02556	3.7e-94	313.9	97.97	215.93
GCF_035822295.1	WP_014663750.1	K02557	7.8e-72	240.7	144.87	95.82999999999998
GCF_035822295.1	WP_326245417.1	K03407	7.2e-226	750.0	509.2	240.8
GCF_035822295.1	WP_014476812.1	K03413	5.3e-48	162.1	135.0	27.099999999999994
GCF_035822295.1	WP_069149854.1	K06390	2e-132	439.5	217.4	222.1
GCF_035822295.1	WP_306645255.1	K07636	3.5000000000000005e-125	416.7	327.73	88.96999999999997
GCF_035822295.1	WP_003219701.1	K07692	7.2e-113	373.9	267.17	106.72999999999996
GCF_035822295.1	WP_326350367.1	K19549	6.9e-253	836.4	689.47	146.92999999999995
GCF_035822295.1	WP_151257546.1	K19550	1.6e-143	474.2	388.33	85.87
GCF_035822295.1	WP_326350368.1	K19552	2.2e-255	844.6	730.4	114.20000000000005
GCF_035822295.1	WP_079288351.1	K23188	1.1999999999999999e-141	471.2	460.43	10.769999999999982
GCF_035822435.1	WP_003234015.1	K00004	1.5e-141	469.8	376.97	92.82999999999998
GCF_035822435.1	WP_088467517.1	K00372	8.8e-281	932.0	909.57	22.42999999999995
GCF_035822435.1	WP_198878818.1	K01077	5.499999999999999e-113	376.9	67.97	308.92999999999995
GCF_035822435.1	WP_046664298.1	K01113	1.5000000000000001e-165	550.7	94.03	456.6700000000001
GCF_035822435.1	WP_003231737.1	K01915	1.8999999999999998e-107	358.6	37.7	320.90000000000003
GCF_035822435.1	WP_198878725.1	K02013	8.799999999999999e-116	385.3	226.0	159.3
GCF_035822435.1	WP_042974729.1	K02015	7.3e-106	353.0	343.37	9.629999999999995
GCF_035822435.1	WP_103030990.1	K02016	1e-68	230.4	157.77	72.63
GCF_035822435.1	WP_198878628.1	K02036	6.9e-142	470.9	268.53	202.37
GCF_035822435.1	WP_015714268.1	K02037	1.9e-100	335.6	260.07	75.53000000000003
GCF_035822435.1	WP_003230103.1	K02038	1.9e-94	315.3	255.13	60.170000000000016
GCF_035822435.1	WP_015714269.1	K02040	1.3e-77	259.8	55.67	204.13
GCF_035822435.1	WP_070547858.1	K02406	3.4000000000000005e-130	433.5	135.0	298.5
GCF_035822435.1	WP_014477672.1	K02556	1.9e-94	315.0	97.97	217.03
GCF_035822435.1	WP_003232473.1	K02557	4.4e-72	241.5	144.87	96.63
GCF_035822435.1	WP_015483230.1	K03407	2.9000000000000004e-225	748.0	509.2	238.8
GCF_035822435.1	WP_014476812.1	K03413	5.6e-48	162.1	135.0	27.099999999999994
GCF_035822435.1	WP_043857806.1	K06390	6.1e-132	438.0	217.4	220.6
GCF_035822435.1	WP_014480538.1	K07636	2.7000000000000003e-125	417.1	327.73	89.37
GCF_035822435.1	WP_003219701.1	K07692	7.6e-113	373.9	267.17	106.72999999999996
GCF_035822435.1	WP_032722710.1	K19549	5.7e-254	840.0	689.47	150.52999999999997
GCF_035822435.1	WP_003244095.1	K19550	5e-144	476.0	388.33	87.67000000000002
GCF_035822435.1	WP_019712823.1	K19552	1.7999999999999998e-256	848.3	730.4	117.89999999999998
GCF_035822435.1	WP_010886609.1	K23188	8.5e-142	471.7	460.43	11.269999999999982
GCF_035985545.1	WP_020450190.1	K00372	1.2e-277	921.7	909.57	12.129999999999995
GCF_035985545.1	WP_020452100.1	K01077	6.200000000000001e-101	337.1	67.97	269.13
GCF_035985545.1	WP_020449993.1	K01113	7.700000000000001e-168	558.3	94.03	464.27
GCF_035985545.1	WP_020451550.1	K01915	2.2e-108	361.7	37.7	324.0
GCF_035985545.1	WP_050820802.1	K02013	1.9e-94	315.0	226.0	89.0
GCF_035985545.1	WP_041817314.1	K02016	2.3e-72	242.5	157.77	84.72999999999999
GCF_035985545.1	WP_020452203.1	K02036	1.8e-140	466.3	268.53	197.77000000000004
GCF_035985545.1	WP_003183532.1	K02037	1.3e-98	329.6	260.07	69.53000000000003
GCF_035985545.1	WP_020452205.1	K02038	8e-95	316.7	255.13	61.56999999999999
GCF_035985545.1	WP_020452206.1	K02040	1.0999999999999999e-75	253.6	55.67	197.93
GCF_035985545.1	WP_020453106.1	K02406	6.1e-128	426.1	135.0	291.1
GCF_035985545.1	WP_020452604.1	K02556	4.7e-95	317.0	97.97	219.03
GCF_035985545.1	WP_020451148.1	K02557	8.600000000000001e-73	243.9	144.87	99.03
GCF_035985545.1	WP_020451411.1	K03407	1.2000000000000001e-223	742.8	509.2	233.6
GCF_035985545.1	WP_003181796.1	K03413	2.5e-46	156.7	135.0	21.69999999999999
GCF_035985545.1	WP_020452146.1	K06390	3.1e-131	435.8	217.4	218.4
GCF_035985545.1	WP_020452551.1	K07636	1.1e-123	411.9	327.73	84.16999999999996
GCF_035985545.1	WP_003185730.1	K07692	2.4e-112	372.3	267.17	105.13
GCF_035985545.1	WP_020452888.1	K23188	1.7e-138	460.8	460.43	0.3700000000000045
GCF_036209985.1	WP_268507541.1	K00004	1.3e-137	456.8	376.97	79.82999999999998
GCF_036209985.1	WP_327852933.1	K00372	1.5000000000000001e-274	911.3	909.57	1.7299999999999045
GCF_036209985.1	WP_327852417.1	K01077	1.3e-113	378.8	67.97	310.83000000000004
GCF_036209985.1	WP_327852956.1	K01113	7.800000000000001e-164	544.9	94.03	450.87
GCF_036209985.1	WP_094232068.1	K01915	2.3e-108	361.5	37.7	323.8
GCF_036209985.1	WP_327851712.1	K02013	4.2e-107	356.6	226.0	130.60000000000002
GCF_036209985.1	WP_106047043.1	K02015	3.4000000000000003e-106	354.0	343.37	10.629999999999995
GCF_036209985.1	WP_003326966.1	K02016	2.1e-67	226.0	157.77	68.22999999999999
GCF_036209985.1	WP_327852127.1	K02036	1.1999999999999999e-141	470.0	268.53	201.47000000000003
GCF_036209985.1	WP_268505560.1	K02037	2e-98	328.8	260.07	68.73000000000002
GCF_036209985.1	WP_327852126.1	K02038	3.8e-94	314.3	255.13	59.170000000000016
GCF_036209985.1	WP_004429533.1	K02040	2.2e-74	249.1	55.67	193.43
GCF_036209985.1	WP_268532662.1	K02406	3.8e-127	423.4	135.0	288.4
GCF_036209985.1	WP_063637606.1	K02556	2.4e-93	311.2	97.97	213.23
GCF_036209985.1	WP_327851688.1	K02557	1.4e-72	243.0	144.87	98.13
GCF_036209985.1	WP_327851607.1	K03407	4.8e-222	737.3	509.2	228.1
GCF_036209985.1	WP_003328933.1	K03413	2.4e-47	159.9	135.0	24.90000000000001
GCF_036209985.1	WP_003325460.1	K06390	6.7e-133	441.1	217.4	223.7
GCF_036209985.1	WP_327851979.1	K07636	2.7e-122	407.1	327.73	79.37
GCF_036209985.1	WP_003219701.1	K07692	7.1e-113	373.9	267.17	106.72999999999996
GCF_036209985.1	WP_010789882.1	K23188	1.3e-140	467.7	460.43	7.269999999999982
GCF_036210315.1	WP_095240207.1	K00372	4.5999999999999994e-278	923.1	909.57	13.529999999999973
GCF_036210315.1	WP_003183293.1	K01077	8.699999999999999e-102	339.9	67.97	271.92999999999995
GCF_036210315.1	WP_003178586.1	K01113	2.1000000000000002e-168	560.2	94.03	466.1700000000001
GCF_036210315.1	WP_003182145.1	K01915	1.5e-108	362.3	37.7	324.6
GCF_036210315.1	WP_003186508.1	K02013	1.1999999999999999e-95	319.0	226.0	93.0
GCF_036210315.1	WP_003185150.1	K02016	9.5e-72	240.5	157.77	82.72999999999999
GCF_036210315.1	WP_016885933.1	K02036	1.1e-140	466.9	268.53	198.37
GCF_036210315.1	WP_003183532.1	K02037	1.3e-98	329.6	260.07	69.53000000000003
GCF_036210315.1	WP_026699154.1	K02038	3e-94	314.8	255.13	59.670000000000016
GCF_036210315.1	WP_003183534.1	K02040	3.4e-77	258.5	55.67	202.83
GCF_036210315.1	WP_003185695.1	K02406	3.1e-132	440.3	135.0	305.3
GCF_036210315.1	WP_009329389.1	K02556	2.3e-94	314.7	97.97	216.73
GCF_036210315.1	WP_003181091.1	K02557	2.8e-73	245.5	144.87	100.63
GCF_036210315.1	WP_003181814.1	K03407	1.4000000000000001e-224	745.9	509.2	236.7
GCF_036210315.1	WP_003181796.1	K03413	2.5e-46	156.7	135.0	21.69999999999999
GCF_036210315.1	WP_003183411.1	K06390	1.4e-130	433.6	217.4	216.2
GCF_036210315.1	WP_003184312.1	K07636	4.3e-124	413.2	327.73	85.46999999999997
GCF_036210315.1	WP_003185730.1	K07692	2.4e-112	372.3	267.17	105.13
GCF_036210355.1	WP_025810124.1	K00372	3.6999999999999996e-278	923.4	909.57	13.829999999999927
GCF_036210355.1	WP_020452100.1	K01077	6.3e-101	337.1	67.97	269.13
GCF_036210355.1	WP_143261176.1	K01113	5.100000000000001e-168	558.9	94.03	464.87
GCF_036210355.1	WP_020451550.1	K01915	2.3e-108	361.7	37.7	324.0
GCF_036210355.1	WP_043054605.1	K02013	2.3e-94	314.8	226.0	88.80000000000001
GCF_036210355.1	WP_023856248.1	K02016	1.9e-72	242.8	157.77	85.03
GCF_036210355.1	WP_412675191.1	K02036	7.2e-140	464.3	268.53	195.77000000000004
GCF_036210355.1	WP_003183532.1	K02037	1.3e-98	329.6	260.07	69.53000000000003
GCF_036210355.1	WP_023855211.1	K02038	1.2e-94	316.1	255.13	60.97000000000003
GCF_036210355.1	WP_023855212.1	K02040	1.3e-76	256.6	55.67	200.93
GCF_036210355.1	WP_025810704.1	K02406	9e-134	445.4	135.0	310.4
GCF_036210355.1	WP_020452604.1	K02556	4.7999999999999996e-95	317.0	97.97	219.03
GCF_036210355.1	WP_020451148.1	K02557	8.8e-73	243.9	144.87	99.03
GCF_036210355.1	WP_145608119.1	K03407	4.5000000000000004e-223	740.9	509.2	231.7
GCF_036210355.1	WP_003181796.1	K03413	2.5e-46	156.7	135.0	21.69999999999999
GCF_036210355.1	WP_023855174.1	K06390	7.9e-131	434.5	217.4	217.1
GCF_036210355.1	WP_020452551.1	K07636	1.1e-123	411.9	327.73	84.16999999999996
GCF_036210355.1	WP_003185730.1	K07692	2.4e-112	372.3	267.17	105.13
GCF_036210355.1	WP_020452888.1	K23188	1.7e-138	460.8	460.43	0.3700000000000045
GCF_036210515.1	WP_265624830.1	K00372	1.3999999999999999e-278	924.9	909.57	15.329999999999927
GCF_036210515.1	WP_265626201.1	K01077	2.3e-114	381.4	67.97	313.42999999999995
GCF_036210515.1	WP_265624959.1	K01113	3.4000000000000005e-167	556.2	94.03	462.1700000000001
GCF_036210515.1	WP_025811550.1	K01915	1.6e-108	362.2	37.7	324.5
GCF_036210515.1	WP_265627902.1	K02013	2.9e-94	314.5	226.0	88.5
GCF_036210515.1	WP_265625694.1	K02016	3e-72	242.1	157.77	84.32999999999998
GCF_036210515.1	WP_265626312.1	K02036	2.6e-140	465.8	268.53	197.27000000000004
GCF_036210515.1	WP_265626311.1	K02037	1e-98	329.9	260.07	69.82999999999998
GCF_036210515.1	WP_152846954.1	K02038	1.1e-94	316.3	255.13	61.170000000000016
GCF_036210515.1	WP_301441057.1	K02040	2.8e-75	252.2	55.67	196.53
GCF_036210515.1	WP_265625518.1	K02406	9.7e-130	432.1	135.0	297.1
GCF_036210515.1	WP_265625930.1	K02556	6.3e-95	316.6	97.97	218.63
GCF_036210515.1	WP_243940001.1	K02557	4.5e-73	244.9	144.87	100.03
GCF_036210515.1	WP_265627058.1	K03407	3.3e-224	744.6	509.2	235.40000000000003
GCF_036210515.1	WP_003181796.1	K03413	2.5e-46	156.7	135.0	21.69999999999999
GCF_036210515.1	WP_265626357.1	K06390	8.300000000000001e-130	431.1	217.4	213.7
GCF_036210515.1	WP_265625964.1	K07636	3.3000000000000003e-124	413.6	327.73	85.87
GCF_036210515.1	WP_003185730.1	K07692	2.4e-112	372.3	267.17	105.13
GCF_036210515.1	WP_020452888.1	K23188	1.7e-138	460.8	460.43	0.3700000000000045
GCF_036210525.1	WP_265624830.1	K00372	1.3999999999999999e-278	924.9	909.57	15.329999999999927
GCF_036210525.1	WP_265626201.1	K01077	2.3e-114	381.4	67.97	313.42999999999995
GCF_036210525.1	WP_265624959.1	K01113	3.5e-167	556.2	94.03	462.1700000000001
GCF_036210525.1	WP_025811550.1	K01915	1.6e-108	362.2	37.7	324.5
GCF_036210525.1	WP_265627902.1	K02013	2.9e-94	314.5	226.0	88.5
GCF_036210525.1	WP_265625694.1	K02016	3e-72	242.1	157.77	84.32999999999998
GCF_036210525.1	WP_265626312.1	K02036	2.6e-140	465.8	268.53	197.27000000000004
GCF_036210525.1	WP_265626311.1	K02037	1e-98	329.9	260.07	69.82999999999998
GCF_036210525.1	WP_152846954.1	K02038	1.1e-94	316.3	255.13	61.170000000000016
GCF_036210525.1	WP_301441057.1	K02040	2.8e-75	252.2	55.67	196.53
GCF_036210525.1	WP_265625518.1	K02406	9.8e-130	432.1	135.0	297.1
GCF_036210525.1	WP_265625930.1	K02556	6.3e-95	316.6	97.97	218.63
GCF_036210525.1	WP_243940001.1	K02557	4.5e-73	244.9	144.87	100.03
GCF_036210525.1	WP_265627058.1	K03407	3.3e-224	744.6	509.2	235.40000000000003
GCF_036210525.1	WP_003181796.1	K03413	2.5e-46	156.7	135.0	21.69999999999999
GCF_036210525.1	WP_265626357.1	K06390	8.300000000000001e-130	431.1	217.4	213.7
GCF_036210525.1	WP_265625964.1	K07636	3.3000000000000003e-124	413.6	327.73	85.87
GCF_036210525.1	WP_003185730.1	K07692	2.4e-112	372.3	267.17	105.13
GCF_036210525.1	WP_020452888.1	K23188	1.7e-138	460.8	460.43	0.3700000000000045
GCF_037104725.1	WP_336471569.1	K00366	3.1999999999999997e-208	691.7	617.37	74.33000000000004
GCF_037104725.1	WP_336471186.1	K01077	2.1e-118	395.0	67.97	327.03
GCF_037104725.1	WP_090912947.1	K01915	1.4e-108	362.5	37.7	324.8
GCF_037104725.1	WP_336473170.1	K02013	2e-109	364.6	226.0	138.60000000000002
GCF_037104725.1	WP_336473702.1	K02016	5.5e-52	175.5	157.77	17.72999999999999
GCF_037104725.1	WP_336471232.1	K02036	4.1e-144	478.4	268.53	209.87
GCF_037104725.1	WP_090913751.1	K02037	9.1e-101	336.9	260.07	76.82999999999998
GCF_037104725.1	WP_336471231.1	K02038	9.599999999999999e-105	349.6	255.13	94.47000000000004
GCF_037104725.1	WP_336473754.1	K02040	5e-74	248.2	55.67	192.53
GCF_037104725.1	WP_336471493.1	K03413	3.8e-41	139.9	135.0	4.900000000000006
GCF_037104725.1	WP_336474714.1	K03837	2.9e-169	561.4	526.93	34.47000000000003
GCF_037104725.1	WP_090913888.1	K06390	3.2e-131	435.9	217.4	218.5
GCF_037104725.1	WP_336471022.1	K07636	1.9e-126	421.1	327.73	93.37
GCF_037201805.1	WP_338753010.1	K00004	1.7e-146	486.0	376.97	109.02999999999996
GCF_037201805.1	WP_338754499.1	K00366	8.500000000000001e-209	693.1	617.37	75.73000000000002
GCF_037201805.1	WP_338754156.1	K01915	3.6e-106	354.1	37.7	316.40000000000003
GCF_037201805.1	WP_338753283.1	K02013	7.0999999999999995e-96	319.5	226.0	93.5
GCF_037201805.1	WP_413789055.1	K02015	1.9e-109	364.6	343.37	21.230000000000015
GCF_037201805.1	WP_338753279.1	K02016	4.5e-68	228.1	157.77	70.32999999999998
GCF_037201805.1	WP_338750115.1	K02036	4e-141	468.2	268.53	199.67
GCF_037201805.1	WP_338754790.1	K02037	5.4e-101	337.2	260.07	77.13
GCF_037201805.1	WP_413789099.1	K02038	1.3999999999999999e-114	381.6	255.13	126.47000000000004
GCF_037201805.1	WP_338750119.1	K02040	2.2e-85	285.3	55.67	229.63
GCF_037201805.1	WP_338752741.1	K02406	1.1e-133	444.8	135.0	309.8
GCF_037201805.1	WP_338750721.1	K02556	2.9e-95	317.4	97.97	219.43
GCF_037201805.1	WP_338750719.1	K02557	2.0000000000000002e-75	252.3	144.87	107.43
GCF_037201805.1	WP_338754034.1	K03407	1.9e-230	764.9	509.2	255.7
GCF_037201805.1	WP_338751514.1	K03413	3.2e-52	175.8	135.0	40.80000000000001
GCF_037201805.1	WP_338754787.1	K06390	4.7e-127	421.8	217.4	204.4
GCF_037201805.1	WP_338750608.1	K07636	7e-121	402.4	327.73	74.66999999999996
GCF_037201805.1	WP_338751662.1	K07692	5.8e-112	370.8	267.17	103.63
GCF_037889395.1	WP_003155800.1	K00004	2e-140	466.0	376.97	89.02999999999997
GCF_037889395.1	WP_003155322.1	K01077	1.3000000000000001e-110	368.9	67.97	300.92999999999995
GCF_037889395.1	WP_014304274.1	K01113	1.6e-167	557.1	94.03	463.0700000000001
GCF_037889395.1	WP_003154048.1	K01915	1.3000000000000001e-108	362.3	37.7	324.6
GCF_037889395.1	WP_239819489.1	K02013	5.5e-110	366.1	226.0	140.10000000000002
GCF_037889395.1	WP_072588403.1	K02015	8.4e-104	346.1	343.37	2.730000000000018
GCF_037889395.1	WP_025853869.1	K02016	1e-68	230.3	157.77	72.53
GCF_037889395.1	WP_003153040.1	K02036	2.1e-137	456.0	268.53	187.47000000000003
GCF_037889395.1	WP_003153034.1	K02037	9.2e-98	326.6	260.07	66.53000000000003
GCF_037889395.1	WP_003153036.1	K02038	1e-90	303.0	255.13	47.870000000000005
GCF_037889395.1	WP_239819194.1	K02040	5.2e-76	254.4	55.67	198.73
GCF_037889395.1	WP_007407474.1	K02406	6.8e-138	458.8	135.0	323.8
GCF_037889395.1	WP_015387843.1	K02556	6.6e-97	322.9	97.97	224.93
GCF_037889395.1	WP_003154685.1	K02557	1.9e-72	242.6	144.87	97.73
GCF_037889395.1	WP_015388231.1	K03407	1.2e-225	749.2	509.2	240.00000000000009
GCF_037889395.1	WP_003154238.1	K03413	1.2e-47	160.8	135.0	25.80000000000001
GCF_037889395.1	WP_239819549.1	K03837	2.2e-170	564.8	526.93	37.870000000000005
GCF_037889395.1	WP_171463563.1	K06390	9.999999999999999e-131	433.9	217.4	216.5
GCF_037889395.1	WP_219194677.1	K07636	4.8e-126	419.5	327.73	91.76999999999998
GCF_037889395.1	WP_003219701.1	K07692	6.999999999999999e-113	373.9	267.17	106.72999999999996
GCF_037889395.1	WP_014306032.1	K19549	3.1000000000000003e-252	834.2	689.47	144.73000000000002
GCF_037889395.1	WP_025649393.1	K19550	4.7999999999999996e-141	466.1	388.33	77.77000000000004
GCF_037889395.1	WP_014306033.1	K19552	5.4e-257	849.9	730.4	119.5
GCF_037889395.1	WP_003151820.1	K23188	3.7e-143	476.0	460.43	15.569999999999991
GCF_040256795.1	WP_350254763.1	K00004	4e-141	468.4	376.97	91.42999999999996
GCF_040256795.1	WP_105991536.1	K00372	1.9999999999999997e-279	927.5	909.57	17.92999999999995
GCF_040256795.1	WP_095714196.1	K01077	2e-116	388.2	67.97	320.23
GCF_040256795.1	WP_248337588.1	K01113	1.5000000000000002e-164	547.3	94.03	453.27
GCF_040256795.1	WP_105954294.1	K01915	2.8e-107	358.0	37.7	320.3
GCF_040256795.1	WP_350254204.1	K02013	6.4e-113	375.8	226.0	149.8
GCF_040256795.1	WP_105991586.1	K02015	3.9e-106	353.9	343.37	10.529999999999973
GCF_040256795.1	WP_105953871.1	K02016	7.299999999999999e-68	227.6	157.77	69.82999999999998
GCF_040256795.1	WP_105990439.1	K02036	1.5e-141	469.8	268.53	201.27000000000004
GCF_040256795.1	WP_105990436.1	K02037	9.9e-100	333.2	260.07	73.13
GCF_040256795.1	WP_105990437.1	K02038	9.8e-94	313.0	255.13	57.870000000000005
GCF_040256795.1	WP_105990435.1	K02040	4.8e-77	257.9	55.67	202.23
GCF_040256795.1	WP_024123018.1	K02406	2.7e-128	427.2	135.0	292.2
GCF_040256795.1	WP_105953384.1	K02556	8.8e-96	319.3	97.97	221.33
GCF_040256795.1	WP_105955530.1	K02557	1.7e-71	239.6	144.87	94.73
GCF_040256795.1	WP_105991188.1	K03407	3.6e-226	751.0	509.2	241.8
GCF_040256795.1	WP_010334256.1	K03413	1.4999999999999998e-47	160.6	135.0	25.599999999999994
GCF_040256795.1	WP_350253317.1	K06390	4.4e-134	445.1	217.4	227.7
GCF_040256795.1	WP_350253088.1	K07636	1.2e-125	418.3	327.73	90.57
GCF_040256795.1	WP_003219701.1	K07692	7.4e-113	373.9	267.17	106.72999999999996
GCF_040256795.1	WP_024123243.1	K19549	3.2e-250	827.6	689.47	138.13
GCF_040256795.1	WP_350252413.1	K19550	4.3999999999999996e-142	469.6	388.33	81.27000000000004
GCF_040256795.1	WP_350252411.1	K19552	4.1e-255	843.8	730.4	113.39999999999998
GCF_040256795.1	WP_024122786.1	K23188	1.4e-141	471.0	460.43	10.569999999999991
GCF_041225435.1	WP_369903604.1	K00366	1.4999999999999998e-206	685.9	617.37	68.52999999999997
GCF_041225435.1	WP_369902546.1	K01077	5.9e-118	393.3	67.97	325.33000000000004
GCF_041225435.1	WP_369903082.1	K01915	7.3e-107	356.6	37.7	318.90000000000003
GCF_041225435.1	WP_369901661.1	K02013	1.2e-97	325.5	226.0	99.5
GCF_041225435.1	WP_369902373.1	K02015	6.8e-174	577.5	343.37	234.13
GCF_041225435.1	WP_369902529.1	K02016	6.1e-50	168.6	157.77	10.829999999999984
GCF_041225435.1	WP_369902603.1	K02036	4.3e-144	478.1	268.53	209.57000000000005
GCF_041225435.1	WP_369902602.1	K02037	1.1999999999999999e-105	352.8	260.07	92.73000000000002
GCF_041225435.1	WP_034638849.1	K02038	2.9e-103	344.5	255.13	89.37
GCF_041225435.1	WP_369901024.1	K02040	3.9e-74	248.3	55.67	192.63
GCF_041225435.1	WP_369900227.1	K02406	6.4e-103	343.5	135.0	208.5
GCF_041225435.1	WP_369902390.1	K02556	3.7e-85	284.3	97.97	186.33
GCF_041225435.1	WP_369902391.1	K02557	3.5000000000000004e-73	245.1	144.87	100.23
GCF_041225435.1	WP_369900275.1	K03407	2.3e-208	692.1	509.2	182.90000000000003
GCF_041225435.1	WP_369900277.1	K03413	1.7e-42	144.1	135.0	9.099999999999994
GCF_041225435.1	WP_369902663.1	K06390	4.7e-131	435.1	217.4	217.7
GCF_041225435.1	WP_369902318.1	K07636	1.5e-128	427.8	327.73	100.07
GCF_041225435.1	WP_369902125.1	K07692	4.4e-81	269.7	267.17	2.5299999999999727
GCF_041225435.1	WP_369902373.1	K23186	3.800000000000001e-164	545.6	414.9	130.70000000000005
GCF_041225435.1	WP_369902373.1	K23187	1.6e-157	523.0	357.63	165.37
GCF_041431275.1	WP_050943700.1	K00004	2.7999999999999998e-140	465.5	376.97	88.52999999999997
GCF_041431275.1	WP_253622777.1	K01077	1.9e-105	351.7	67.97	283.73
GCF_041431275.1	WP_003211015.1	K01915	8.199999999999999e-109	362.9	37.7	325.2
GCF_041431275.1	WP_345808678.1	K02013	1.1e-117	391.4	226.0	165.39999999999998
GCF_041431275.1	WP_309215930.1	K02015	4.6e-107	356.8	343.37	13.430000000000009
GCF_041431275.1	WP_050944109.1	K02016	9.199999999999999e-69	230.4	157.77	72.63
GCF_041431275.1	WP_034620853.1	K02036	7.8e-138	457.4	268.53	188.87
GCF_041431275.1	WP_003217329.1	K02037	3.1999999999999997e-96	321.5	260.07	61.43000000000001
GCF_041431275.1	WP_003217489.1	K02038	6.6e-96	320.0	255.13	64.87
GCF_041431275.1	WP_003217324.1	K02040	1.0999999999999999e-75	253.2	55.67	197.53
GCF_041431275.1	WP_212046753.1	K02406	8e-132	438.7	135.0	303.7
GCF_041431275.1	WP_003212085.1	K02556	4.3e-93	310.3	97.97	212.33
GCF_041431275.1	WP_003211671.1	K02557	1.3e-68	229.9	144.87	85.03
GCF_041431275.1	WP_212045863.1	K03407	2.5000000000000004e-224	744.8	509.2	235.6
GCF_041431275.1	WP_003212360.1	K03413	3.7999999999999997e-47	159.2	135.0	24.19999999999999
GCF_041431275.1	WP_137054986.1	K06390	7.2e-133	440.9	217.4	223.5
GCF_041431275.1	WP_284906657.1	K07636	9.8e-125	415.1	327.73	87.37
GCF_041431275.1	WP_008348273.1	K07692	4.8999999999999997e-113	374.3	267.17	107.13
GCF_041431275.1	WP_212045670.1	K19549	1.5e-225	746.3	689.47	56.82999999999993
GCF_041431275.1	WP_276606902.1	K19550	8.8e-132	435.7	388.33	47.370000000000005
GCF_041431275.1	WP_003213584.1	K23188	3.6e-140	466.1	460.43	5.670000000000016
GCF_044905085.1	WP_003155800.1	K00004	2.1e-140	466.0	376.97	89.02999999999997
GCF_044905085.1	WP_201488845.1	K01077	1.3000000000000001e-110	368.9	67.97	300.92999999999995
GCF_044905085.1	WP_014304274.1	K01113	1.6e-167	557.1	94.03	463.0700000000001
GCF_044905085.1	WP_003154048.1	K01915	1.4e-108	362.3	37.7	324.6
GCF_044905085.1	WP_048367181.1	K02013	1.1000000000000001e-110	368.4	226.0	142.39999999999998
GCF_044905085.1	WP_003151785.1	K02015	1e-103	345.9	343.37	2.5299999999999727
GCF_044905085.1	WP_072588402.1	K02016	1.1e-68	230.3	157.77	72.53
GCF_044905085.1	WP_003153040.1	K02036	2.2e-137	456.0	268.53	187.47000000000003
GCF_044905085.1	WP_003153034.1	K02037	9.6e-98	326.6	260.07	66.53000000000003
GCF_044905085.1	WP_003153036.1	K02038	1.1e-90	303.0	255.13	47.870000000000005
GCF_044905085.1	WP_012117998.1	K02040	1.8e-76	256.0	55.67	200.33
GCF_044905085.1	WP_057080256.1	K02406	1.0999999999999999e-139	464.8	135.0	329.8
GCF_044905085.1	WP_156735661.1	K02556	2.5e-96	321.1	97.97	223.13
GCF_044905085.1	WP_003154685.1	K02557	2.0000000000000002e-72	242.6	144.87	97.73
GCF_044905085.1	WP_015388231.1	K03407	1.3e-225	749.2	509.2	240.00000000000009
GCF_044905085.1	WP_003154238.1	K03413	1.2999999999999998e-47	160.8	135.0	25.80000000000001
GCF_044905085.1	WP_201489005.1	K06390	1.5000000000000001e-130	433.4	217.4	216.0
GCF_044905085.1	WP_003152458.1	K07636	5.5000000000000005e-126	419.3	327.73	91.57
GCF_044905085.1	WP_003219701.1	K07692	7.3e-113	373.9	267.17	106.72999999999996
GCF_044905085.1	WP_103695200.1	K19549	2.8e-251	831.1	689.47	141.63
GCF_044905085.1	WP_201489106.1	K19550	2.6e-140	463.7	388.33	75.37
GCF_044905085.1	WP_003151007.1	K19552	4.6e-257	850.2	730.4	119.80000000000008
GCF_044905085.1	WP_003151820.1	K23188	3.9e-143	476.0	460.43	15.569999999999991
GCF_045344285.1	WP_003155800.1	K00004	1.9e-140	466.0	376.97	89.02999999999997
GCF_045344285.1	WP_003155322.1	K01077	1.2e-110	368.9	67.97	300.92999999999995
GCF_045344285.1	WP_173602926.1	K01113	1.7000000000000002e-167	556.9	94.03	462.87
GCF_045344285.1	WP_003154048.1	K01915	1.2e-108	362.3	37.7	324.6
GCF_045344285.1	WP_014304885.1	K02013	7.700000000000001e-111	368.8	226.0	142.8
GCF_045344285.1	WP_024085782.1	K02015	8.200000000000001e-104	346.1	343.37	2.730000000000018
GCF_045344285.1	WP_101235273.1	K02016	1.2e-68	230.0	157.77	72.22999999999999
GCF_045344285.1	WP_014305426.1	K02036	2.1e-137	455.9	268.53	187.37
GCF_045344285.1	WP_014305427.1	K02037	1.5e-97	325.8	260.07	65.73000000000002
GCF_045344285.1	WP_003153036.1	K02038	9.599999999999999e-91	303.0	255.13	47.870000000000005
GCF_045344285.1	WP_012117998.1	K02040	1.6e-76	256.0	55.67	200.33
GCF_045344285.1	WP_014305925.1	K02406	6.2e-138	458.9	135.0	323.9
GCF_045344285.1	WP_003152386.1	K02556	5.4e-97	323.1	97.97	225.13
GCF_045344285.1	WP_003154685.1	K02557	1.8e-72	242.6	144.87	97.73
GCF_045344285.1	WP_015388231.1	K03407	1.2e-225	749.2	509.2	240.00000000000009
GCF_045344285.1	WP_003154238.1	K03413	1.2e-47	160.8	135.0	25.80000000000001
GCF_045344285.1	WP_024084930.1	K03837	1.9000000000000002e-170	564.9	526.93	37.97000000000003
GCF_045344285.1	WP_003153125.1	K06390	9.7e-131	433.9	217.4	216.5
GCF_045344285.1	WP_014305565.1	K07636	1.2e-125	418.2	327.73	90.46999999999996
GCF_045344285.1	WP_003219701.1	K07692	6.7e-113	373.9	267.17	106.72999999999996
GCF_045344285.1	WP_060387230.1	K19549	4.2e-252	833.7	689.47	144.23000000000002
GCF_045344285.1	WP_024085927.1	K19550	1.2e-140	464.7	388.33	76.37
GCF_045344285.1	WP_406795325.1	K19552	1.2999999999999999e-256	848.6	730.4	118.20000000000005
GCF_045344285.1	WP_003151820.1	K23188	3.6e-143	476.0	460.43	15.569999999999991
GCF_045760535.1	WP_003155800.1	K00004	2e-140	466.0	376.97	89.02999999999997
GCF_045760535.1	WP_353574838.1	K01077	2.5e-111	371.2	67.97	303.23
GCF_045760535.1	WP_353575511.1	K01113	1.3000000000000001e-167	557.4	94.03	463.37
GCF_045760535.1	WP_003154048.1	K01915	1.3000000000000001e-108	362.3	37.7	324.6
GCF_045760535.1	WP_353574904.1	K02013	6.6000000000000005e-111	369.1	226.0	143.10000000000002
GCF_045760535.1	WP_146275481.1	K02015	8e-104	346.1	343.37	2.730000000000018
GCF_045760535.1	WP_266138923.1	K02016	5.4999999999999994e-68	227.9	157.77	70.13
GCF_045760535.1	WP_070082116.1	K02036	4e-137	455.1	268.53	186.57000000000005
GCF_045760535.1	WP_007612605.1	K02037	9.999999999999999e-98	326.5	260.07	66.43
GCF_045760535.1	WP_094247730.1	K02038	9.499999999999999e-91	303.0	255.13	47.870000000000005
GCF_045760535.1	WP_003153032.1	K02040	2.9e-76	255.3	55.67	199.63
GCF_045760535.1	WP_015387631.1	K02406	8.299999999999999e-139	461.8	135.0	326.8
GCF_045760535.1	WP_156735661.1	K02556	2.3999999999999998e-96	321.1	97.97	223.13
GCF_045760535.1	WP_069473375.1	K02557	5.6e-73	244.4	144.87	99.53
GCF_045760535.1	WP_017417784.1	K03407	1.1e-225	749.3	509.2	240.1
GCF_045760535.1	WP_003154238.1	K03413	1.2e-47	160.8	135.0	25.80000000000001
GCF_045760535.1	WP_015388013.1	K06390	1.6000000000000002e-130	433.3	217.4	215.9
GCF_045760535.1	WP_003152458.1	K07636	5.3e-126	419.3	327.73	91.57
GCF_045760535.1	WP_003219701.1	K07692	6.999999999999999e-113	373.9	267.17	106.72999999999996
GCF_045760535.1	WP_353575332.1	K19549	6.4999999999999994e-251	829.8	689.47	140.32999999999993
GCF_045760535.1	WP_017418688.1	K19550	4.6e-141	466.1	388.33	77.77000000000004
GCF_045760535.1	WP_071392434.1	K19552	3.0999999999999997e-257	850.7	730.4	120.30000000000008
GCF_045760535.1	WP_003151820.1	K23188	3.7e-143	476.0	460.43	15.569999999999991
GCF_049354995.1	WP_007408876.1	K00004	2.2e-140	465.9	376.97	88.92999999999995
GCF_049354995.1	WP_003155322.1	K01077	1.2e-110	368.9	67.97	300.92999999999995
GCF_049354995.1	WP_043866804.1	K01113	6.000000000000001e-168	558.4	94.03	464.37
GCF_049354995.1	WP_003154048.1	K01915	1.2e-108	362.3	37.7	324.6
GCF_049354995.1	WP_014304885.1	K02013	7.700000000000001e-111	368.8	226.0	142.8
GCF_049354995.1	WP_015387730.1	K02015	2.1e-103	344.7	343.37	1.329999999999984
GCF_049354995.1	WP_015387729.1	K02016	1.3999999999999998e-68	229.8	157.77	72.03
GCF_049354995.1	WP_003153040.1	K02036	2e-137	456.0	268.53	187.47000000000003
GCF_049354995.1	WP_003153034.1	K02037	8.8e-98	326.6	260.07	66.53000000000003
GCF_049354995.1	WP_003153036.1	K02038	9.599999999999999e-91	303.0	255.13	47.870000000000005
GCF_049354995.1	WP_003153032.1	K02040	2.7e-76	255.3	55.67	199.63
GCF_049354995.1	WP_015387631.1	K02406	7.9e-139	461.8	135.0	326.8
GCF_049354995.1	WP_003152386.1	K02556	5.500000000000001e-97	323.1	97.97	225.13
GCF_049354995.1	WP_003154685.1	K02557	1.8e-72	242.6	144.87	97.73
GCF_049354995.1	WP_015388231.1	K03407	1.2e-225	749.2	509.2	240.00000000000009
GCF_049354995.1	WP_003154238.1	K03413	1.2e-47	160.8	135.0	25.80000000000001
GCF_049354995.1	WP_058906180.1	K06390	6.000000000000001e-131	434.6	217.4	217.2
GCF_049354995.1	WP_025853223.1	K07636	5.7000000000000004e-126	419.2	327.73	91.46999999999996
GCF_049354995.1	WP_003219701.1	K07692	6.7e-113	373.9	267.17	106.72999999999996
GCF_049354995.1	WP_060387230.1	K19549	4.2e-252	833.7	689.47	144.23000000000002
GCF_049354995.1	WP_024085927.1	K19550	1.2e-140	464.7	388.33	76.37
GCF_049354995.1	WP_003151007.1	K19552	4.3e-257	850.2	730.4	119.80000000000008
GCF_049354995.1	WP_003151820.1	K23188	3.6e-143	476.0	460.43	15.569999999999991
GCF_050908195.1	WP_029946299.1	K00004	2.5e-141	469.1	376.97	92.13
GCF_050908195.1	WP_128737487.1	K00372	2.7999999999999997e-280	930.3	909.57	20.729999999999905
GCF_050908195.1	WP_077671245.1	K01077	1.6999999999999998e-113	378.5	67.97	310.53
GCF_050908195.1	WP_014475691.1	K01113	1.6e-165	550.5	94.03	456.47
GCF_050908195.1	WP_003231737.1	K01915	1.8999999999999998e-107	358.6	37.7	320.90000000000003
GCF_050908195.1	WP_076457786.1	K02013	3.4999999999999997e-115	383.3	226.0	157.3
GCF_050908195.1	WP_019712959.1	K02015	1.4999999999999999e-105	352.0	343.37	8.629999999999995
GCF_050908195.1	WP_095252552.1	K02016	1.6e-67	226.5	157.77	68.72999999999999
GCF_050908195.1	WP_014480273.1	K02036	3.8999999999999996e-142	471.7	268.53	203.17
GCF_050908195.1	WP_014477352.1	K02037	1.6e-100	335.8	260.07	75.73000000000002
GCF_050908195.1	WP_003230103.1	K02038	1.9e-94	315.3	255.13	60.170000000000016
GCF_050908195.1	WP_014480275.1	K02040	1.1e-77	260.0	55.67	204.33
GCF_050908195.1	WP_015714795.1	K02406	3.1e-128	427.0	135.0	292.0
GCF_050908195.1	WP_015714528.1	K02556	1.5e-94	315.2	97.97	217.23
GCF_050908195.1	WP_003232473.1	K02557	4.3e-72	241.5	144.87	96.63
GCF_050908195.1	WP_286317555.1	K03407	3.4e-225	747.8	509.2	238.6
GCF_050908195.1	WP_014476812.1	K03413	5.5e-48	162.1	135.0	27.099999999999994
GCF_050908195.1	WP_015714242.1	K06390	6.6e-132	437.9	217.4	220.5
GCF_050908195.1	WP_004398493.1	K07636	3.7000000000000004e-125	416.6	327.73	88.87
GCF_050908195.1	WP_003219701.1	K07692	7.4e-113	373.9	267.17	106.72999999999996
GCF_050908195.1	WP_015714909.1	K19549	8.3e-253	836.1	689.47	146.63
GCF_050908195.1	WP_286317376.1	K19550	7.6e-143	472.1	388.33	83.77000000000004
GCF_050908195.1	WP_019712823.1	K19552	1.7999999999999998e-256	848.3	730.4	117.89999999999998
GCF_050908195.1	WP_010886609.1	K23188	8.4e-142	471.7	460.43	11.269999999999982
GCF_050908245.1	WP_029946299.1	K00004	2.5e-141	469.1	376.97	92.13
GCF_050908245.1	WP_128737487.1	K00372	2.7999999999999997e-280	930.3	909.57	20.729999999999905
GCF_050908245.1	WP_077671245.1	K01077	1.6999999999999998e-113	378.5	67.97	310.53
GCF_050908245.1	WP_014475691.1	K01113	1.6e-165	550.5	94.03	456.47
GCF_050908245.1	WP_003231737.1	K01915	1.8999999999999998e-107	358.6	37.7	320.90000000000003
GCF_050908245.1	WP_076457786.1	K02013	3.4999999999999997e-115	383.3	226.0	157.3
GCF_050908245.1	WP_019712959.1	K02015	1.4999999999999999e-105	352.0	343.37	8.629999999999995
GCF_050908245.1	WP_095252552.1	K02016	1.6e-67	226.5	157.77	68.72999999999999
GCF_050908245.1	WP_014480273.1	K02036	3.8999999999999996e-142	471.7	268.53	203.17
GCF_050908245.1	WP_014477352.1	K02037	1.6e-100	335.8	260.07	75.73000000000002
GCF_050908245.1	WP_003230103.1	K02038	1.9e-94	315.3	255.13	60.170000000000016
GCF_050908245.1	WP_014480275.1	K02040	1.1e-77	260.0	55.67	204.33
GCF_050908245.1	WP_015714795.1	K02406	3.1e-128	427.0	135.0	292.0
GCF_050908245.1	WP_015714528.1	K02556	1.5e-94	315.2	97.97	217.23
GCF_050908245.1	WP_003232473.1	K02557	4.3e-72	241.5	144.87	96.63
GCF_050908245.1	WP_286317555.1	K03407	3.4e-225	747.8	509.2	238.6
GCF_050908245.1	WP_014476812.1	K03413	5.5e-48	162.1	135.0	27.099999999999994
GCF_050908245.1	WP_015714242.1	K06390	6.6e-132	437.9	217.4	220.5
GCF_050908245.1	WP_004398493.1	K07636	3.7000000000000004e-125	416.6	327.73	88.87
GCF_050908245.1	WP_003219701.1	K07692	7.5e-113	373.9	267.17	106.72999999999996
GCF_050908245.1	WP_015714909.1	K19549	8.3e-253	836.1	689.47	146.63
GCF_050908245.1	WP_286317376.1	K19550	7.6e-143	472.1	388.33	83.77000000000004
GCF_050908245.1	WP_019712823.1	K19552	1.7999999999999998e-256	848.3	730.4	117.89999999999998
GCF_050908245.1	WP_010886609.1	K23188	8.4e-142	471.7	460.43	11.269999999999982
GCF_051131645.1	WP_003155800.1	K00004	2e-140	466.0	376.97	89.02999999999997
GCF_051131645.1	WP_077721994.1	K01077	3.3000000000000003e-111	370.8	67.97	302.83000000000004
GCF_051131645.1	WP_077721748.1	K01113	3.8e-168	559.1	94.03	465.0700000000001
GCF_051131645.1	WP_003154048.1	K01915	1.3000000000000001e-108	362.3	37.7	324.6
GCF_051131645.1	WP_176283288.1	K02013	6.7e-111	369.0	226.0	143.0
GCF_051131645.1	WP_017418939.1	K02015	1.2e-103	345.6	343.37	2.230000000000018
GCF_051131645.1	WP_017418938.1	K02016	1.1e-68	230.2	157.77	72.42999999999998
GCF_051131645.1	WP_070082116.1	K02036	3.9e-137	455.1	268.53	186.57000000000005
GCF_051131645.1	WP_007612605.1	K02037	9.999999999999999e-98	326.5	260.07	66.43
GCF_051131645.1	WP_017418153.1	K02038	3.2e-91	304.6	255.13	49.47000000000003
GCF_051131645.1	WP_012117998.1	K02040	1.7e-76	256.0	55.67	200.33
GCF_051131645.1	WP_015387631.1	K02406	8.1e-139	461.8	135.0	326.8
GCF_051131645.1	WP_003152386.1	K02556	5.6e-97	323.1	97.97	225.13
GCF_051131645.1	WP_014417581.1	K02557	1.8e-72	242.7	144.87	97.82999999999998
GCF_051131645.1	WP_017417784.1	K03407	1.1e-225	749.3	509.2	240.1
GCF_051131645.1	WP_003154238.1	K03413	1.2e-47	160.8	135.0	25.80000000000001
GCF_051131645.1	WP_077722588.1	K06390	1.8e-131	436.4	217.4	219.0
GCF_051131645.1	WP_176283463.1	K07636	5.2e-126	419.4	327.73	91.66999999999996
GCF_051131645.1	WP_003219701.1	K07692	6.799999999999999e-113	373.9	267.17	106.72999999999996
GCF_051131645.1	WP_316275877.1	K19549	7.300000000000001e-252	832.9	689.47	143.42999999999995
GCF_051131645.1	WP_017418688.1	K19550	4.5e-141	466.1	388.33	77.77000000000004
GCF_051131645.1	WP_007407671.1	K19552	1.5e-257	851.7	730.4	121.30000000000008
GCF_051131645.1	WP_003151820.1	K23188	3.6e-143	476.0	460.43	15.569999999999991
GCF_052373815.1	WP_069149081.1	K00004	3.1999999999999996e-141	468.8	376.97	91.82999999999998
GCF_052373815.1	WP_136654880.1	K00372	4.2e-279	926.5	909.57	16.92999999999995
GCF_052373815.1	WP_083252930.1	K01077	1.3e-113	378.9	67.97	310.92999999999995
GCF_052373815.1	WP_136654899.1	K01113	3.1e-166	553.0	94.03	458.97
GCF_052373815.1	WP_014664076.1	K01915	3.0999999999999996e-107	357.9	37.7	320.2
GCF_052373815.1	WP_148342994.1	K02013	2.7999999999999998e-114	380.3	226.0	154.3
GCF_052373815.1	WP_136653738.1	K02015	6.199999999999999e-107	356.6	343.37	13.230000000000018
GCF_052373815.1	WP_136653739.1	K02016	1.2999999999999998e-69	233.4	157.77	75.63
GCF_052373815.1	WP_040082619.1	K02036	2.1e-142	472.6	268.53	204.07000000000005
GCF_052373815.1	WP_014664619.1	K02037	1.3e-99	332.9	260.07	72.82999999999998
GCF_052373815.1	WP_014664618.1	K02038	2.3e-94	315.1	255.13	59.97000000000003
GCF_052373815.1	WP_014664620.1	K02040	3.3e-77	258.6	55.67	202.93
GCF_052373815.1	WP_069150414.1	K02406	2.2e-128	427.6	135.0	292.6
GCF_052373815.1	WP_040082125.1	K02556	4e-94	313.9	97.97	215.93
GCF_052373815.1	WP_014663750.1	K02557	8.5e-72	240.7	144.87	95.82999999999998
GCF_052373815.1	WP_444500887.1	K03407	1.4000000000000001e-224	745.8	509.2	236.6
GCF_052373815.1	WP_014476812.1	K03413	5.8e-48	162.1	135.0	27.099999999999994
GCF_052373815.1	WP_040082660.1	K06390	1.7e-132	439.9	217.4	222.5
GCF_052373815.1	WP_136654335.1	K07636	3.7000000000000004e-125	416.7	327.73	88.96999999999997
GCF_052373815.1	WP_003219701.1	K07692	7.8e-113	373.9	267.17	106.72999999999996
GCF_052373815.1	WP_014665796.1	K19549	2.8e-253	837.7	689.47	148.23000000000002
GCF_052373815.1	WP_136653894.1	K19550	7.3e-144	475.5	388.33	87.17000000000002
GCF_052373815.1	WP_040081505.1	K19552	1e-255	845.8	730.4	115.39999999999998
GCF_052373815.1	WP_079288351.1	K23188	1.2999999999999999e-141	471.2	460.43	10.769999999999982
GCF_052783145.1	WP_007408876.1	K00004	2.2e-140	465.9	376.97	88.92999999999995
GCF_052783145.1	WP_032872794.1	K00372	9.999999999999999e-277	918.4	909.57	8.829999999999927
GCF_052783145.1	WP_032874278.1	K01077	1.3000000000000001e-111	372.1	67.97	304.13
GCF_052783145.1	WP_032872722.1	K01113	1.6e-167	557.0	94.03	462.97
GCF_052783145.1	WP_007410365.1	K01915	1.3000000000000001e-108	362.2	37.7	324.5
GCF_052783145.1	WP_032874672.1	K02013	4.4000000000000005e-110	366.3	226.0	140.3
GCF_052783145.1	WP_032876563.1	K02015	7.9e-104	346.1	343.37	2.730000000000018
GCF_052783145.1	WP_032876560.1	K02016	3.3e-68	228.6	157.77	70.82999999999998
GCF_052783145.1	WP_032873997.1	K02036	1.5999999999999999e-137	456.3	268.53	187.77000000000004
GCF_052783145.1	WP_007612605.1	K02037	9.8e-98	326.5	260.07	66.43
GCF_052783145.1	WP_007408306.1	K02038	1.6999999999999999e-91	305.5	255.13	50.370000000000005
GCF_052783145.1	WP_007408304.1	K02040	1.1e-76	256.7	55.67	201.03
GCF_052783145.1	WP_032876173.1	K02406	1.7999999999999998e-138	460.6	135.0	325.6
GCF_052783145.1	WP_007408775.1	K02556	1.2999999999999999e-96	321.9	97.97	223.93
GCF_052783145.1	WP_003154685.1	K02557	1.8e-72	242.6	144.87	97.73
GCF_052783145.1	WP_032874918.1	K03407	9.6e-226	749.5	509.2	240.3
GCF_052783145.1	WP_003154238.1	K03413	1.2e-47	160.8	135.0	25.80000000000001
GCF_052783145.1	WP_032874043.1	K06390	1.7000000000000002e-130	433.2	217.4	215.8
GCF_052783145.1	WP_032873702.1	K07636	6.5e-126	419.0	327.73	91.26999999999998
GCF_052783145.1	WP_003219701.1	K07692	6.7e-113	373.9	267.17	106.72999999999996
GCF_052783145.1	WP_032875852.1	K19549	4.1e-252	833.7	689.47	144.23000000000002
GCF_052783145.1	WP_007407669.1	K19550	2.1e-141	467.2	388.33	78.87
GCF_052783145.1	WP_007407671.1	K19552	1.5e-257	851.7	730.4	121.30000000000008
GCF_052783145.1	WP_012118397.1	K23188	2.7e-143	476.4	460.43	15.96999999999997
GCF_052976745.1	WP_017358082.1	K00004	1.8e-140	466.1	376.97	89.13
GCF_052976745.1	WP_268465435.1	K01077	2e-105	351.7	67.97	283.73
GCF_052976745.1	WP_007499421.1	K01915	2.2e-108	361.5	37.7	323.8
GCF_052976745.1	WP_151284973.1	K02013	2.6000000000000002e-117	390.1	226.0	164.10000000000002
GCF_052976745.1	WP_064498054.1	K02015	5.6e-107	356.5	343.37	13.129999999999995
GCF_052976745.1	WP_144491506.1	K02016	3.1e-68	228.6	157.77	70.82999999999998
GCF_052976745.1	WP_039179987.1	K02036	6.4e-139	460.9	268.53	192.37
GCF_052976745.1	WP_041086203.1	K02037	2e-96	322.1	260.07	62.03000000000003
GCF_052976745.1	WP_041086201.1	K02038	1.5e-95	318.8	255.13	63.670000000000016
GCF_052976745.1	WP_041086205.1	K02040	1.0000000000000001e-75	253.4	55.67	197.73
GCF_052976745.1	WP_058838866.1	K02406	5.3e-134	445.9	135.0	310.9
GCF_052976745.1	WP_024424680.1	K02556	1e-92	309.1	97.97	211.13
GCF_052976745.1	WP_039178076.1	K02557	1.7999999999999998e-69	232.8	144.87	87.93
GCF_052976745.1	WP_039178565.1	K03407	9.700000000000001e-225	746.1	509.2	236.90000000000003
GCF_052976745.1	WP_007499584.1	K03413	1.6999999999999998e-47	160.3	135.0	25.30000000000001
GCF_052976745.1	WP_024428002.1	K06390	2.8e-131	435.7	217.4	218.3
GCF_052976745.1	WP_058838291.1	K07636	8.3e-124	412.0	327.73	84.26999999999998
GCF_052976745.1	WP_008348273.1	K07692	4.8999999999999997e-113	374.3	267.17	107.13
GCF_052976745.1	WP_268464396.1	K19549	3.8e-228	754.8	689.47	65.32999999999993
GCF_052976745.1	WP_326848357.1	K19550	3.8e-133	440.1	388.33	51.77000000000004
GCF_052976745.1	WP_008347057.1	K23188	3.3e-140	466.2	460.43	5.769999999999982
GCF_054187945.1	WP_012116982.1	K00004	1.6e-140	466.3	376.97	89.32999999999998
GCF_054187945.1	WP_011996307.1	K00372	4.1000000000000004e-277	919.7	909.57	10.129999999999995
GCF_054187945.1	WP_012117173.1	K01077	7e-111	369.7	67.97	301.73
GCF_054187945.1	WP_011996268.1	K01113	7.6e-168	558.1	94.03	464.0700000000001
GCF_054187945.1	WP_007410365.1	K01915	1.3000000000000001e-108	362.2	37.7	324.5
GCF_054187945.1	WP_012117397.1	K02013	3.6e-111	369.9	226.0	143.89999999999998
GCF_054187945.1	WP_012118414.1	K02015	9e-104	345.9	343.37	2.5299999999999727
GCF_054187945.1	WP_012118415.1	K02016	1.7999999999999998e-68	229.4	157.77	71.63
GCF_054187945.1	WP_003153040.1	K02036	2e-137	456.0	268.53	187.47000000000003
GCF_054187945.1	WP_012117997.1	K02037	8.6e-98	326.6	260.07	66.53000000000003
GCF_054187945.1	WP_012117996.1	K02038	1.9e-91	305.3	255.13	50.170000000000016
GCF_054187945.1	WP_012117998.1	K02040	1.6e-76	256.0	55.67	200.33
GCF_054187945.1	WP_007614094.1	K02406	5.2999999999999997e-138	459.1	135.0	324.1
GCF_054187945.1	WP_012118208.1	K02556	1.2999999999999999e-96	321.8	97.97	223.83
GCF_054187945.1	WP_003154685.1	K02557	1.8e-72	242.6	144.87	97.73
GCF_054187945.1	WP_023356898.1	K03407	3.5000000000000003e-225	747.6	509.2	238.40000000000003
GCF_054187945.1	WP_003154238.1	K03413	1.2e-47	160.8	135.0	25.80000000000001
GCF_054187945.1	WP_012117969.1	K06390	8.9e-131	434.1	217.4	216.7
GCF_054187945.1	WP_012118165.1	K07636	6.1e-126	419.1	327.73	91.37
GCF_054187945.1	WP_003219701.1	K07692	6.7e-113	373.9	267.17	106.72999999999996
GCF_054187945.1	WP_012118704.1	K19549	8.300000000000001e-252	832.7	689.47	143.23000000000002
GCF_054187945.1	WP_007407669.1	K19550	2.1e-141	467.2	388.33	78.87
GCF_054187945.1	WP_012118705.1	K19552	4.4e-257	850.2	730.4	119.80000000000008
GCF_054187945.1	WP_012118397.1	K23188	2.7e-143	476.4	460.43	15.96999999999997
GCF_054889405.1	WP_007408876.1	K00004	2.2e-140	465.9	376.97	88.92999999999995
GCF_054889405.1	WP_098080955.1	K00372	9.2e-277	918.6	909.57	9.029999999999973
GCF_054889405.1	WP_098081227.1	K01077	2e-111	371.5	67.97	303.53
GCF_054889405.1	WP_098080925.1	K01113	1.5000000000000001e-167	557.1	94.03	463.0700000000001
GCF_054889405.1	WP_007410365.1	K01915	1.3000000000000001e-108	362.2	37.7	324.5
GCF_054889405.1	WP_098081355.1	K02013	2.6000000000000002e-110	367.1	226.0	141.10000000000002
GCF_054889405.1	WP_098081738.1	K02015	1.6e-103	345.1	343.37	1.7300000000000182
GCF_054889405.1	WP_012118415.1	K02016	1.7999999999999998e-68	229.4	157.77	71.63
GCF_054889405.1	WP_060562625.1	K02036	7.3e-138	457.5	268.53	188.97000000000003
GCF_054889405.1	WP_012117997.1	K02037	8.7e-98	326.6	260.07	66.53000000000003
GCF_054889405.1	WP_007408306.1	K02038	1.6999999999999999e-91	305.5	255.13	50.370000000000005
GCF_054889405.1	WP_098081587.1	K02040	1.9e-76	255.9	55.67	200.23
GCF_054889405.1	WP_015387631.1	K02406	8e-139	461.8	135.0	326.8
GCF_054889405.1	WP_061581295.1	K02556	2.1e-96	321.2	97.97	223.23
GCF_054889405.1	WP_003154685.1	K02557	1.8e-72	242.6	144.87	97.73
GCF_054889405.1	WP_098081405.1	K03407	3.2000000000000003e-225	747.7	509.2	238.50000000000009
GCF_054889405.1	WP_003154238.1	K03413	1.2e-47	160.8	135.0	25.80000000000001
GCF_054889405.1	WP_080130391.1	K06390	8.1e-131	434.2	217.4	216.8
GCF_054889405.1	WP_461842029.1	K07636	1.1000000000000002e-124	415.0	327.73	87.26999999999998
GCF_054889405.1	WP_003219701.1	K07692	6.799999999999999e-113	373.9	267.17	106.72999999999996
GCF_054889405.1	WP_021494772.1	K19549	4.5e-252	833.6	689.47	144.13
GCF_054889405.1	WP_098081864.1	K19550	9.1e-140	461.8	388.33	73.47000000000003
GCF_054889405.1	WP_007407671.1	K19552	1.5e-257	851.7	730.4	121.30000000000008
GCF_054889405.1	WP_012118397.1	K23188	2.7e-143	476.4	460.43	15.96999999999997
GCF_054966515.1	WP_007408876.1	K00004	2.2e-140	465.9	376.97	88.92999999999995
GCF_054966515.1	WP_032872794.1	K00372	9.999999999999999e-277	918.4	909.57	8.829999999999927
GCF_054966515.1	WP_032874278.1	K01077	1.3000000000000001e-111	372.1	67.97	304.13
GCF_054966515.1	WP_032872722.1	K01113	1.7000000000000002e-167	557.0	94.03	462.97
GCF_054966515.1	WP_007410365.1	K01915	1.3000000000000001e-108	362.2	37.7	324.5
GCF_054966515.1	WP_032874672.1	K02013	4.5e-110	366.3	226.0	140.3
GCF_054966515.1	WP_032876563.1	K02015	7.9e-104	346.1	343.37	2.730000000000018
GCF_054966515.1	WP_032876560.1	K02016	3.3e-68	228.6	157.77	70.82999999999998
GCF_054966515.1	WP_032873997.1	K02036	1.5999999999999999e-137	456.3	268.53	187.77000000000004
GCF_054966515.1	WP_007612605.1	K02037	9.8e-98	326.5	260.07	66.43
GCF_054966515.1	WP_007408306.1	K02038	1.6999999999999999e-91	305.5	255.13	50.370000000000005
GCF_054966515.1	WP_007408304.1	K02040	1.1e-76	256.7	55.67	201.03
GCF_054966515.1	WP_032876173.1	K02406	1.7999999999999998e-138	460.6	135.0	325.6
GCF_054966515.1	WP_007408775.1	K02556	1.2999999999999999e-96	321.9	97.97	223.93
GCF_054966515.1	WP_003154685.1	K02557	1.8e-72	242.6	144.87	97.73
GCF_054966515.1	WP_032874918.1	K03407	9.6e-226	749.5	509.2	240.3
GCF_054966515.1	WP_003154238.1	K03413	1.2e-47	160.8	135.0	25.80000000000001
GCF_054966515.1	WP_032874043.1	K06390	1.7000000000000002e-130	433.2	217.4	215.8
GCF_054966515.1	WP_032873702.1	K07636	6.5e-126	419.0	327.73	91.26999999999998
GCF_054966515.1	WP_003219701.1	K07692	6.799999999999999e-113	373.9	267.17	106.72999999999996
GCF_054966515.1	WP_032875852.1	K19549	4.1e-252	833.7	689.47	144.23000000000002
GCF_054966515.1	WP_007407669.1	K19550	2.1e-141	467.2	388.33	78.87
GCF_054966515.1	WP_007407671.1	K19552	1.5e-257	851.7	730.4	121.30000000000008
GCF_054966515.1	WP_012118397.1	K23188	2.7e-143	476.4	460.43	15.96999999999997
GCF_055475255.1	WP_007408876.1	K00004	2.1e-140	465.9	376.97	88.92999999999995
GCF_055475255.1	WP_099745082.1	K01077	2.2000000000000003e-111	371.4	67.97	303.42999999999995
GCF_055475255.1	WP_366971573.1	K01113	4e-168	559.0	94.03	464.97
GCF_055475255.1	WP_099744029.1	K01915	3.1999999999999997e-109	364.2	37.7	326.5
GCF_055475255.1	WP_464862862.1	K02013	4.4000000000000005e-110	366.3	226.0	140.3
GCF_055475255.1	WP_045925979.1	K02015	1e-103	345.7	343.37	2.329999999999984
GCF_055475255.1	WP_464862348.1	K02016	2.3e-67	225.8	157.77	68.03
GCF_055475255.1	WP_464862199.1	K02036	3e-138	458.7	268.53	190.17
GCF_055475255.1	WP_013352890.1	K02037	4.7e-98	327.5	260.07	67.43
GCF_055475255.1	WP_016938946.1	K02038	3.2e-91	304.5	255.13	49.370000000000005
GCF_055475255.1	WP_016938944.1	K02040	4.1e-77	258.0	55.67	202.33
GCF_055475255.1	WP_007614094.1	K02406	5.2e-138	459.1	135.0	324.1
GCF_055475255.1	WP_016938548.1	K02556	8.200000000000001e-98	325.8	97.97	227.83
GCF_055475255.1	WP_095240808.1	K02557	2.9e-72	241.9	144.87	97.03
GCF_055475255.1	WP_064778912.1	K03407	5.5e-225	746.9	509.2	237.7
GCF_055475255.1	WP_003154238.1	K03413	1.2e-47	160.8	135.0	25.80000000000001
GCF_055475255.1	WP_464862190.1	K06390	6.9e-130	431.1	217.4	213.7
GCF_055475255.1	WP_464862265.1	K07636	2.1000000000000002e-126	420.6	327.73	92.87
GCF_055475255.1	WP_003219701.1	K07692	6.6e-113	373.9	267.17	106.72999999999996
GCF_055475255.1	WP_464862458.1	K19550	1.5e-135	448.0	388.33	59.670000000000016
GCF_055475255.1	WP_016937987.1	K23188	8.499999999999999e-143	474.8	460.43	14.370000000000005
GCF_056493705.1	WP_044152816.1	K00004	6.5e-141	467.8	376.97	90.82999999999998
GCF_056493705.1	WP_479365569.1	K00372	1.8000000000000002e-277	921.1	909.57	11.529999999999973
GCF_056493705.1	WP_479365817.1	K01077	1.9999999999999999e-115	384.9	67.97	316.92999999999995
GCF_056493705.1	WP_059292031.1	K01113	1e-164	547.9	94.03	453.87
GCF_056493705.1	WP_024121509.1	K01915	5.9e-107	357.0	37.7	319.3
GCF_056493705.1	WP_024122821.1	K02013	1.7e-98	328.3	226.0	102.3
GCF_056493705.1	WP_059353533.1	K02015	1.8e-106	355.0	343.37	11.629999999999995
GCF_056493705.1	WP_217827973.1	K02016	1.1e-67	227.1	157.77	69.32999999999998
GCF_056493705.1	WP_479364001.1	K02036	4.6e-141	468.2	268.53	199.67
GCF_056493705.1	WP_479364003.1	K02037	1.9e-100	335.6	260.07	75.53000000000003
GCF_056493705.1	WP_024122066.1	K02038	9.7e-94	313.0	255.13	57.870000000000005
GCF_056493705.1	WP_326051038.1	K02040	6.4e-77	257.6	55.67	201.93
GCF_056493705.1	WP_193659775.1	K02406	1.1000000000000001e-125	418.6	135.0	283.6
GCF_056493705.1	WP_479364307.1	K02556	1.7e-95	318.3	97.97	220.33
GCF_056493705.1	WP_059292887.1	K02557	1.3000000000000001e-71	240.0	144.87	95.13
GCF_056493705.1	WP_059352913.1	K03407	4.699999999999999e-226	750.7	509.2	241.50000000000009
GCF_056493705.1	WP_010334256.1	K03413	1.6e-47	160.6	135.0	25.599999999999994
GCF_056493705.1	WP_044154635.1	K06390	4e-134	445.2	217.4	227.8
GCF_056493705.1	WP_458104208.1	K07636	1.7000000000000001e-125	417.8	327.73	90.07
GCF_056493705.1	WP_003219701.1	K07692	7.6e-113	373.9	267.17	106.72999999999996
GCF_056493705.1	WP_106294943.1	K19549	1.3999999999999998e-250	828.9	689.47	139.42999999999995
GCF_056493705.1	WP_059335170.1	K19550	4.6999999999999995e-143	472.8	388.33	84.47000000000003
GCF_056493705.1	WP_024123244.1	K19552	2.4e-255	844.6	730.4	114.20000000000005
GCF_056493705.1	WP_081638363.1	K23188	8.6e-142	471.7	460.43	11.269999999999982
GCF_056504695.1	WP_142782138.1	K00372	9.4e-278	922.1	909.57	12.529999999999973
GCF_056504695.1	WP_003183293.1	K01077	8.699999999999999e-102	339.9	67.97	271.92999999999995
GCF_056504695.1	WP_003178586.1	K01113	2.1000000000000002e-168	560.2	94.03	466.1700000000001
GCF_056504695.1	WP_003182145.1	K01915	1.5e-108	362.3	37.7	324.6
GCF_056504695.1	WP_142782869.1	K02013	8.7e-96	319.5	226.0	93.5
GCF_056504695.1	WP_003185150.1	K02016	9.5e-72	240.5	157.77	82.72999999999999
GCF_056504695.1	WP_003183523.1	K02036	1.7e-140	466.4	268.53	197.87
GCF_056504695.1	WP_003183532.1	K02037	1.3e-98	329.6	260.07	69.53000000000003
GCF_056504695.1	WP_142782743.1	K02038	7.1e-95	316.8	255.13	61.670000000000016
GCF_056504695.1	WP_003183534.1	K02040	3.4e-77	258.5	55.67	202.83
GCF_056504695.1	WP_009329669.1	K02406	5.1e-134	446.2	135.0	311.2
GCF_056504695.1	WP_011198198.1	K02556	2.9e-94	314.4	97.97	216.43
GCF_056504695.1	WP_003181091.1	K02557	2.8e-73	245.5	144.87	100.63
GCF_056504695.1	WP_009328508.1	K03407	1.1e-224	746.2	509.2	237.00000000000009
GCF_056504695.1	WP_003181796.1	K03413	2.5e-46	156.7	135.0	21.69999999999999
GCF_056504695.1	WP_003183411.1	K06390	1.4e-130	433.6	217.4	216.2
GCF_056504695.1	WP_003184312.1	K07636	4.3e-124	413.2	327.73	85.46999999999997
GCF_056504695.1	WP_003185730.1	K07692	2.4e-112	372.3	267.17	105.13
GCF_056781025.1	WP_034661461.1	K00004	4.5e-140	464.8	376.97	87.82999999999998
GCF_056781025.1	WP_414051862.1	K00372	1.5999999999999998e-275	914.4	909.57	4.829999999999927
GCF_056781025.1	WP_106036602.1	K01077	7.599999999999999e-107	356.3	67.97	288.33000000000004
GCF_056781025.1	WP_060596374.1	K01915	1.2e-108	362.3	37.7	324.6
GCF_056781025.1	WP_060597674.1	K02013	1.5000000000000001e-117	390.8	226.0	164.8
GCF_056781025.1	WP_414051649.1	K02015	1.2000000000000001e-106	355.3	343.37	11.930000000000009
GCF_056781025.1	WP_414051650.1	K02016	4.4e-67	224.8	157.77	67.03
GCF_056781025.1	WP_066030657.1	K02036	1.6e-138	459.6	268.53	191.07000000000005
GCF_056781025.1	WP_060596681.1	K02037	1.4999999999999999e-96	322.5	260.07	62.43000000000001
GCF_056781025.1	WP_003217489.1	K02038	6.3e-96	320.0	255.13	64.87
GCF_056781025.1	WP_034661310.1	K02040	5.9e-76	254.1	55.67	198.43
GCF_056781025.1	WP_106071560.1	K02406	2.7e-132	440.2	135.0	305.2
GCF_056781025.1	WP_034662877.1	K02556	7.4999999999999995e-93	309.5	97.97	211.53
GCF_056781025.1	WP_060596120.1	K02557	3.1e-69	231.9	144.87	87.03
GCF_056781025.1	WP_060596272.1	K03407	1.3e-224	745.7	509.2	236.50000000000009
GCF_056781025.1	WP_007499584.1	K03413	1.6e-47	160.3	135.0	25.30000000000001
GCF_056781025.1	WP_066030674.1	K06390	8.3e-134	444.0	217.4	226.6
GCF_056781025.1	WP_106031192.1	K07636	2.9e-124	413.5	327.73	85.76999999999998
GCF_056781025.1	WP_008348273.1	K07692	4.7e-113	374.3	267.17	107.13
GCF_056781025.1	WP_414051683.1	K19549	1.4000000000000001e-227	752.9	689.47	63.42999999999995
GCF_056781025.1	WP_315850791.1	K19550	5.5000000000000005e-133	439.6	388.33	51.27000000000004
GCF_056781025.1	WP_008347057.1	K23188	3.2e-140	466.2	460.43	5.769999999999982
GCF_905310995.2	WP_003234015.1	K00004	1.5999999999999998e-141	469.8	376.97	92.82999999999998
GCF_905310995.2	WP_029727068.1	K00372	1.4e-279	928.1	909.57	18.529999999999973
GCF_905310995.2	WP_029725845.1	K01077	1.3e-113	378.9	67.97	310.92999999999995
GCF_905310995.2	WP_014475691.1	K01113	1.7e-165	550.5	94.03	456.47
GCF_905310995.2	WP_015252037.1	K01915	3.6e-107	357.7	37.7	320.0
GCF_905310995.2	WP_029727026.1	K02013	2.7e-115	383.7	226.0	157.7
GCF_905310995.2	WP_019712959.1	K02015	1.4999999999999999e-105	352.0	343.37	8.629999999999995
GCF_905310995.2	WP_003228496.1	K02016	1.6999999999999999e-68	229.7	157.77	71.92999999999998
GCF_905310995.2	WP_014480273.1	K02036	3.9999999999999994e-142	471.7	268.53	203.17
GCF_905310995.2	WP_014477352.1	K02037	1.7000000000000001e-100	335.8	260.07	75.73000000000002
GCF_905310995.2	WP_029317900.1	K02038	2.8e-94	314.9	255.13	59.76999999999998
GCF_905310995.2	WP_031315217.1	K02040	1.9e-77	259.3	55.67	203.63
GCF_905310995.2	WP_029725988.1	K02406	3.7e-133	443.3	135.0	308.3
GCF_905310995.2	WP_014477672.1	K02556	1.9e-94	315.0	97.97	217.03
GCF_905310995.2	WP_003232473.1	K02557	4.5e-72	241.5	144.87	96.63
GCF_905310995.2	WP_014476817.1	K03407	2.6e-225	748.2	509.2	239.00000000000009
GCF_905310995.2	WP_014476812.1	K03413	5.7e-48	162.1	135.0	27.099999999999994
GCF_905310995.2	WP_015251728.1	K06390	6.5e-132	438.0	217.4	220.6
GCF_905310995.2	WP_029726381.1	K07636	7.2e-125	415.8	327.73	88.07
GCF_905310995.2	WP_003219701.1	K07692	7.8e-113	373.9	267.17	106.72999999999996
GCF_905310995.2	WP_029726227.1	K19549	4.9e-254	840.2	689.47	150.73000000000002
GCF_905310995.2	WP_029726228.1	K19550	4.5e-144	476.2	388.33	87.87
GCF_905310995.2	WP_029726226.1	K19552	2.1e-256	848.1	730.4	117.70000000000005
GCF_905310995.2	WP_010886609.1	K23188	8.7e-142	471.7	460.43	11.269999999999982
