Assembly Accession	Organism Name	Assembly Level	Assembly Status	Assembly Stats Total Sequence Length	Assembly Stats Number of Contigs	Assembly BioSample Accession	Assembly BioSample Isolation source	Assembly BioSample Geographic location	Assembly BioSample Host	candidate_group	keyword_hits
GCF_000750045.1	Bacillus amyloliquefaciens	Contig	current	3921104	21	SAMN03009691	soil	China: Wuhan		non_saline_candidate	
GCF_000817575.1	Bacillus amyloliquefaciens	Scaffold	current	3987635	182	SAMN03223812	soybean root	China: Heilongjiang	Glycine max	non_saline_candidate	
GCF_001191605.1	Bacillus altitudinis	Complete Genome	current	3681784	2	SAMN02905161	soil	China		non_saline_candidate	
GCF_001278635.1	Bacillus amyloliquefaciens	Contig	current	4173094	86	SAMN03983769	roots	Colombia: Boyaca	Physalis peruviana	non_saline_candidate	
GCF_001431145.1	Bacillus altitudinis	Complete Genome	current	3793419	1	SAMN03940121	soil	China: Nanjing		non_saline_candidate	
GCF_001431285.1	Bacillus amyloliquefaciens	Scaffold	current	3978182	68	SAMN04009787	rhizosphere	India: Telangana State		non_saline_candidate	
GCF_001431785.1	Bacillus altitudinis	Complete Genome	current	3787818	1	SAMN04009761	soil	China:Zhongshan moutain Nanjing		non_saline_candidate	
GCF_001586105.1	Bacillus amyloliquefaciens	Complete Genome	current	3935930	2	SAMN04275172	soil	Democratic Republic of the Congo: Iturie province	plant	non_saline_candidate	
GCF_001700735.1	Bacillus altitudinis	Complete Genome	current	3792999	1	SAMN03965497	soil	China: Zhongshan Moutain, Nanjing		non_saline_candidate	
GCF_001874385.1	Bacillus amyloliquefaciens	Complete Genome	current	3957164	1	SAMN05969227	rhizosphere of peanut	China: Linyi, Shandong		non_saline_candidate	
GCF_002571755.1	Bacillus altitudinis	Contig	current	3696995	53	SAMN07598260	plant	USA: NC		non_saline_candidate	
GCF_002741745.1	Bacillus altitudinis	Complete Genome	current	3765752	1	SAMN07811392	rhizosphere of rice from organic rice farming	Indonesia: Central Java, Semarang, Banyubiru		non_saline_candidate	
GCF_002797415.1	Bacillus alkalisoli	Scaffold	current	3897731	7	SAMN07212112	soil	China		non_saline_candidate	
GCF_003049175.1	Bacillus altitudinis	Contig	current	3714673	85	SAMN08874682	refinery	India: Assam, Digboi	Soil	non_saline_candidate	
GCF_003217715.1	Bacillus altitudinis	Contig	current	3865054	43	SAMN08384444	soil	Netherlands		non_saline_candidate	
GCF_003382375.1	Bacillus amyloliquefaciens	Contig	current	3947065	26	SAMN08399261	soil	Japan		non_saline_candidate	
GCF_003868675.1	Bacillus amyloliquefaciens	Complete Genome	current	4009619	1	SAMN09939790	rhizosphere of Lolium perenne L. on a rock phosphorus mine	China: Guizhou		non_saline_candidate	
GCF_004563755.2	Bacillus altitudinis	Complete Genome	current	3867833	1	SAMN10857349	rhizosphere soil	Malaysia: Cameron Highlan	Solanum lycopersicum	non_saline_candidate	
GCF_005849435.1	Bacillus altitudinis	Complete Genome	current	3891368	2	SAMN11534966	Lycium barbarum rhizosphere soil	China:Ningxia Hui Autonomous Region		non_saline_candidate	
GCF_008808015.1	Bacillus amyloliquefaciens	Complete Genome	current	3904474	1	SAMN12794366	grape plant	missing		non_saline_candidate	
GCF_008824205.1	Bacillus amyloliquefaciens	Complete Genome	current	4118763	1	SAMN12860423	soil	South Korea		non_saline_candidate	
GCF_011440355.1	Bacillus amyloliquefaciens	Contig	current	4405867	920	SAMN14209461	soil	India		non_saline_candidate	
GCF_011751575.1	Bacillus albus	Scaffold	current	5371297	79	SAMN13864946	Soybean rhizosphere soil	China:hebei		non_saline_candidate	
GCF_011751595.1	Bacillus albus	Scaffold	current	5760676	107	SAMN13865276	Soybean rhizosphere soil	China:hebei		non_saline_candidate	
GCF_011754125.1	Bacillus amyloliquefaciens	Contig	current	4113229	11	SAMN13405460	rhizosphere soil	India: Coimbatore		non_saline_candidate	
GCF_013122255.1	Bacillus amyloliquefaciens	Complete Genome	current	4026648	1	SAMN14897115	soil	Taiwan: Taichung		non_saline_candidate	
GCF_013283915.1	Bacillus altitudinis	Complete Genome	current	3879167	1	SAMN15053797	potato plant	Belarus: Babruysk District		non_saline_candidate	
GCF_013328835.1	Bacillus amyloliquefaciens	Complete Genome	current	4006790	1	SAMN15097872	soil	China		non_saline_candidate	
GCF_013391605.1	Bacillus altitudinis	Scaffold	current	3794141	37	SAMN15318238	roots	Argentina: Misiones	Ilex paraguariensis	non_saline_candidate	
GCF_013391615.1	Bacillus altitudinis	Scaffold	current	3737950	48	SAMN15320438	roots	Argentina: Misiones	Ilex paraguariensis	non_saline_candidate	
GCF_013423695.1	Bacillus amyloliquefaciens	Contig	current	3930796	43	SAMN14929116	soil	China:Guangdong		non_saline_candidate	
GCF_014622745.1	Bacillus amyloliquefaciens	Complete Genome	current	4036119	1	SAMN15951545		China: Nanjing, Jiangsu	healthy tomato plant at flowering stage	non_saline_candidate	
GCF_014854735.1	Bacillus amyloliquefaciens	Complete Genome	current	4037030	2	SAMN09217686	soil	China		non_saline_candidate	
GCF_015620945.1	Bacillus albus	Contig	current	5965175	156	SAMN16746851	soil	Mexico		non_saline_candidate	
GCF_015689015.1	Bacillus altitudinis	Complete Genome	current	3718493	1	SAMN16824743	rhizosphere	China	Citrus reticulata	non_saline_candidate	
GCF_015845485.1	Bacillus amyloliquefaciens	Scaffold	current	3913845	29	SAMN03654318	soil	USA		non_saline_candidate	
GCF_015880875.1	Bacillus amyloliquefaciens	Contig	current	4155772	37	SAMN03651974	maybe soil	China		non_saline_candidate	
GCF_015999565.1	Bacillus amyloliquefaciens	Complete Genome	current	3915550	1	SAMN16976109	soil	China:Qinghai		non_saline_candidate	
GCF_016767855.1	Bacillus altitudinis	Complete Genome	current	3741767	1	SAMN17313277	soil	China:Longyan		non_saline_candidate	
GCF_017161205.1	Bacillus altitudinis	Complete Genome	current	3729040	1	SAMN16930279	Soil samples of chilli in Haidian Harbor Garden, Haikou city, Hainan Province, China	China: Haidian Harbor Garden, Haikou city, Hainan Province		non_saline_candidate	
GCF_017815555.1	Bacillus amyloliquefaciens	Complete Genome	current	3929653	1	SAMN18579264	soil	South Korea		non_saline_candidate	
GCF_017948365.1	Bacillus altitudinis	Complete Genome	current	3804206	1	SAMN18642715	soil	China:Shandong		non_saline_candidate	
GCF_017948535.1	Bacillus amyloliquefaciens	Scaffold	current	3979503	24	SAMN18092518	soil	China: Henan		non_saline_candidate	
GCF_018223605.1	Bacillus amyloliquefaciens	Complete Genome	current	3861210	1	SAMN18839283	soil	China:Yangling		non_saline_candidate	
GCF_018363035.1	Bacillus amyloliquefaciens	Complete Genome	current	3933788	1	SAMN19035411	soil	France: Gers		non_saline_candidate	
GCF_019164215.1	Bacillus altitudinis	Complete Genome	current	3763082	1	SAMN19072201	rice rhizosphere soil	China: Heilongjiang Province	missing	non_saline_candidate	
GCF_022570695.1	Bacillus altitudinis	Complete Genome	current	3727518	1	SAMN26499422	Fertile soil	China: Shandong, Qingdao		non_saline_candidate	
GCF_022700755.1	Bacillus altitudinis	Complete Genome	current	3937910	1	SAMN16580015	Soil in tiger area of zoo	China:zhengzhou		non_saline_candidate	
GCF_022819205.1	Bacillus altitudinis	Chromosome	current	3767351	91	SAMN27065537	paddy rhizosphere	Malaysia		non_saline_candidate	
GCF_023823755.1	Bacillus altitudinis	Complete Genome	current	3762948	1	SAMN22304396	soil	China		non_saline_candidate	
GCF_024362715.1	Bacillus altitudinis	Complete Genome	current	3951520	1	SAMN29636746	diseased muskmelon fruit	China:Anhui	plant	non_saline_candidate	
GCF_024380035.1	Bacillus altitudinis	Complete Genome	current	3825696	2	SAMN29751147	soil	USA:Tenesee		non_saline_candidate	
GCF_024397295.1	Bacillus altitudinis	Complete Genome	current	3811827	1	SAMN29628484	TNT red soil	China: Gansu		non_saline_candidate	
GCF_026065915.1	Bacillus altitudinis	Contig	current	3806151	51	SAMN20691897	Garden soil	India: Maharashtra		non_saline_candidate	
GCF_026786855.1	Bacillus altitudinis	Scaffold	current	3711784	40	SAMN25520139	soil	Canada: Grand Nord		non_saline_candidate	
GCF_026787125.1	Bacillus altitudinis	Scaffold	current	3703009	92	SAMN25843195	soil	India		non_saline_candidate	
GCF_026787145.1	Bacillus altitudinis	Scaffold	current	3721078	37	SAMN25843193	soil	India		non_saline_candidate	
GCF_026787165.1	Bacillus altitudinis	Scaffold	current	3713340	55	SAMN25843194	soil	India		non_saline_candidate	
GCF_026787185.1	Bacillus altitudinis	Scaffold	current	3702871	54	SAMN25843192	soil	France		non_saline_candidate	
GCF_026787245.1	Bacillus altitudinis	Scaffold	current	3808571	91	SAMN25843188	soil	Greenland		non_saline_candidate	
GCF_026787255.1	Bacillus altitudinis	Scaffold	current	3701442	112	SAMN25843187	soil	Greenland		non_saline_candidate	
GCF_026787265.1	Bacillus altitudinis	Scaffold	current	3677418	150	SAMN25843189	soil	Greenland		non_saline_candidate	
GCF_026787325.1	Bacillus altitudinis	Scaffold	current	3798571	110	SAMN25843183	soil	Greenland		non_saline_candidate	
GCF_026787385.1	Bacillus altitudinis	Scaffold	current	3695084	252	SAMN25843181	soil	Canada		non_saline_candidate	
GCF_026787405.1	Bacillus altitudinis	Scaffold	current	3711755	62	SAMN25843180	soil	Canada		non_saline_candidate	
GCF_026787485.1	Bacillus altitudinis	Scaffold	current	3667121	187	SAMN25843184	soil	Greenland		non_saline_candidate	
GCF_026787695.1	Bacillus altitudinis	Scaffold	current	3627103	244	SAMN25843165	soil	Grenada		non_saline_candidate	
GCF_026787755.1	Bacillus altitudinis	Scaffold	current	3866019	130	SAMN25843164	soil	Trinidad and Tobago: Trinidad		non_saline_candidate	
GCF_026787805.1	Bacillus altitudinis	Scaffold	current	3702556	84	SAMN25843160	soil	Cote d'Ivoire: Africa		non_saline_candidate	
GCF_026787845.1	Bacillus altitudinis	Scaffold	current	3699278	97	SAMN25843158	soil	Cote d'Ivoire: Africa		non_saline_candidate	
GCF_026787895.1	Bacillus altitudinis	Scaffold	current	3699463	72	SAMN25843157	soil	Cote d'Ivoire: Africa		non_saline_candidate	
GCF_026787965.1	Bacillus altitudinis	Scaffold	current	3695096	45	SAMN25843151	soil	France: Paris		non_saline_candidate	
GCF_027215635.2	Bacillus altitudinis	Contig	current	3707106	15	SAMN32241506	soil	India: Assam, Jorhat		non_saline_candidate	
GCF_028462395.1	Bacillus albus	Scaffold	current	5843889	78	SAMN32946367	soil	not applicable		non_saline_candidate	
GCF_030011555.1	Bacillus altitudinis	Complete Genome	current	3950658	2	SAMN34046341	peat soil samples	Malaysia		non_saline_candidate	
GCF_030123125.1	Bacillus altitudinis	Complete Genome	current	3797173	1	SAMN34374888	pine forrest soil between two spruce trees	Germany: near Munchenroda, Jena		non_saline_candidate	
GCF_030271195.1	Bacillus altitudinis	Contig	current	3635805	16	SAMN35018848	soil	Morocco: Errachidia, Merzouga		non_saline_candidate	
GCF_030271235.1	Bacillus altitudinis	Scaffold	current	3634564	17	SAMN35018716	soil	Morocco: Marrakech		non_saline_candidate	
GCF_030291995.1	Bacillus altitudinis	Complete Genome	current	3919705	2	SAMN34374876	grassland soil	Denmark: Jaegersborg Dyrehave		non_saline_candidate	
GCF_035580465.1	Bacillus altitudinis	Complete Genome	current	3807059	1	SAMN38087916	soil	Spain: Madrid		non_saline_candidate	
GCF_035823535.1	Bacillus altitudinis	Scaffold	current	3725038	77	SAMN33940709	soil	Canada		non_saline_candidate	
GCF_035823635.1	Bacillus altitudinis	Scaffold	current	3734265	99	SAMN33940705	soil	Grenada		non_saline_candidate	
GCF_036211365.1	Bacillus altitudinis	Scaffold	current	3946813	170	SAMN32927306	soil	USA		non_saline_candidate	
GCF_036287315.1	Bacillus albus	Complete Genome	current	5862124	4	SAMN39439834	soil	China: Shanxi		non_saline_candidate	
GCF_036348295.1	Bacillus altitudinis	Contig	current	3693039	45	SAMN37252655	roots	Tunisia: Mednine	Nicotana glauca	non_saline_candidate	
GCF_036348315.1	Bacillus altitudinis	Contig	current	3693680	48	SAMN37230675	roots	Tunisia: Mednine	Tetraena alba	non_saline_candidate	
GCF_036348375.1	Bacillus altitudinis	Contig	current	3696957	47	SAMN37919957	roots	Tunisia: Mednine	Tetraena alba	non_saline_candidate	
GCF_036351915.1	Bacillus altitudinis	Contig	current	3691887	36	SAMN38029050	roots	Tunisia: Mednine	Tetraena alba	non_saline_candidate	
GCF_040105285.1	Bacillus albus	Contig	current	5656644	178	SAMN41663826	soil	India: Pune		non_saline_candidate	
GCF_040716315.1	Bacillus altitudinis	Scaffold	current	3725829	13	SAMN36379393	Acid sulfate soil from rice cultivation	Viet Nam: Kien Giang province		non_saline_candidate	
GCF_040716335.1	Bacillus altitudinis	Scaffold	current	3676229	33	SAMN36379392	Acid sulfate soil from rice cultivation	Viet Nam: Kien Giang province		non_saline_candidate	
GCF_040716345.1	Bacillus altitudinis	Scaffold	current	3671005	16	SAMN36379391	Acid sulfate soil from rice cultivation	Viet Nam: Kien Giang province		non_saline_candidate	
GCF_040716355.1	Bacillus altitudinis	Scaffold	current	3763491	47	SAMN36379390	Acid sulfate soil from rice cultivation	Viet Nam: Kien Giang province		non_saline_candidate	
GCF_040716365.1	Bacillus altitudinis	Scaffold	current	3825304	13	SAMN36379389	Acid sulfate soil from rice cultivation	Viet Nam: Kien Giang province		non_saline_candidate	
GCF_042136375.2	Bacillus altaicus	Complete Genome	current	5397466	2	SAMN43771369	soil	Russia:Altai Republic		non_saline_candidate	
GCF_049949115.1	Bacillus altitudinis	Complete Genome	current	3679424	1	SAMN48073765	root system of maize	China:Shandong		non_saline_candidate	
GCF_050368935.1	Bacillus altitudinis	Complete Genome	current	3799862	2	SAMN47865735	soil	China: Hubei		non_saline_candidate	
GCF_050458465.1	Bacillus albus	Contig	current	5138208	33	SAMN41009352	soil	Grenada		non_saline_candidate	
GCF_050458505.1	Bacillus albus	Contig	current	5138824	37	SAMN41009351	soil	Grenada		non_saline_candidate	
GCF_050458565.1	Bacillus albus	Scaffold	current	5139035	33	SAMN41009349	soil	Grenada		non_saline_candidate	
GCF_050459225.1	Bacillus altitudinis	Contig	current	3719515	60	SAMN41009319	soil	Canada: Northern Regions		non_saline_candidate	
GCF_050459245.1	Bacillus altitudinis	Contig	current	3742483	58	SAMN41009318	soil	Canada: Northern Regions		non_saline_candidate	
GCF_050459265.1	Bacillus altitudinis	Contig	current	3723206	44	SAMN41009317	soil	Canada: Northern Regions		non_saline_candidate	
GCF_050459285.1	Bacillus altitudinis	Contig	current	3745666	48	SAMN41009316	soil	Canada: Northern Regions		non_saline_candidate	
GCF_050459305.1	Bacillus altitudinis	Contig	current	3699879	61	SAMN41009315	soil	India: Bawana Village, Delhi		non_saline_candidate	
GCF_050459325.1	Bacillus altitudinis	Contig	current	3720636	55	SAMN41009314	soil	India: Bawana Village, Delhi		non_saline_candidate	
GCF_050459345.1	Bacillus altitudinis	Contig	current	3718572	62	SAMN41009313	soil	India: Bawana Village, Delhi		non_saline_candidate	
GCF_050459705.1	Bacillus altitudinis	Contig	current	3693509	50	SAMN41009301	soil	France: Inst Pasteur, Paris		non_saline_candidate	
GCF_050474005.1	Bacillus altitudinis	Contig	current	3860720	11	SAMN41397044	clay soil	USA		non_saline_candidate	
GCF_051580865.1	Bacillus [licheniformis] CMCC 63516	Contig	current	4461915	39	SAMN49770414	forest soil	China: Guizhou Province		non_saline_candidate	
GCF_051908495.1	Bacillus altitudinis	Contig	current	3725830	25	SAMN50280052	soil	South Africa: Limpopo Province		non_saline_candidate	
GCF_054661475.1	Bacillus altitudinis	Contig	current	3734451	37	SAMD00813970	soil	Japan:Okinawa		non_saline_candidate	
GCF_055693975.1	Bacillus altitudinis	Contig	current	3997665	4	SAMN53475183	soil	Italy		non_saline_candidate	
GCF_055694145.1	Bacillus altitudinis	Complete Genome	current	3774239	1	SAMN54251676	soil	Italy		non_saline_candidate	
GCF_056682135.1	Bacillus altitudinis	Contig	current	3730574	48	SAMN57110116	soil	Nepal: Bhimad		non_saline_candidate	
GCF_056836605.1	Bacillus altitudinis	Complete Genome	current	3841571	1	SAMN57208094	soil	not provided		non_saline_candidate	
GCF_977007675.1	Bacillus altitudinis	Complete Genome	current	3770392	1	SAMEA120226978	Petroleum hydrocarbon-degrading enrichment culture obtained through microcosm enrichment of a PHC-polluted soil: FR_PLO_05_A_M1	France		non_saline_candidate	
GCF_000725325.1	Bacillus anthracis	Complete Genome	current	5490124	3	SAMN02874036	soil	South Korea: Changnyeong		non_saline_candidate	
GCF_000742655.1	Bacillus anthracis	Complete Genome	current	5331737	2	SAMN02736984	soil	USA: Louisiana		non_saline_candidate	
GCF_000784675.1	Bacillus amyloliquefaciens HB-26	Contig	current	3989358	39	SAMN03196740	soil	China		non_saline_candidate	
GCF_000832965.1	Bacillus anthracis	Complete Genome	current	5601083	3	SAMN03174509	soil	USA		non_saline_candidate	
GCF_001077735.1	Bacillus amyloliquefaciens Lx-11	Contig	current	3886886	39	SAMN03854673	soil	China: Jiangsu Province		non_saline_candidate	
GCF_002025335.1	Bacillus anthracis	Contig	current	5376990	87	SAMN05511400	soil	Georgia		non_saline_candidate	
GCF_002550475.1	Bacillus anthracis	Scaffold	current	5561486	77	SAMN07598655	plant root	USA: NC		non_saline_candidate	
GCF_002570225.1	Bacillus anthracis	Scaffold	current	5544905	161	SAMN07598357	Plant; Corn	USA: NC		non_saline_candidate	
GCF_002896575.1	Bacillus anthracis	Contig	current	5487715	79	SAMN08366820	soil	Turkey: Digor		non_saline_candidate	
GCF_002896585.1	Bacillus anthracis	Contig	current	5456944	31	SAMN08366821	soil	Turkey: Selim		non_saline_candidate	
GCF_002896655.1	Bacillus anthracis	Contig	current	5458173	28	SAMN08366822	soil	Turkey: Selim		non_saline_candidate	
GCF_003063965.1	Bacillus anthracis	Scaffold	current	5458450	24	SAMN08812795	soil	Germany: Neumuenster		non_saline_candidate	
GCF_003063985.1	Bacillus anthracis	Contig	current	5673784	239	SAMN08812796	soil	Germany: Neumuenster		non_saline_candidate	
GCF_003064005.1	Bacillus anthracis	Contig	current	5457902	35	SAMN08812797	soil	South Africa: Cape Town, Rondebusch		non_saline_candidate	
GCF_009669005.1	Bacillus anthracis	Contig	current	5417873	72	SAMN10614346	soil	South Africa: Northern Cape Province	Tragelaphus strepsiceros	non_saline_candidate	
GCF_009669165.1	Bacillus anthracis	Contig	current	5352180	751	SAMN10614336	soil	South Africa: Northern Cape Province		non_saline_candidate	
GCF_014712215.1	Bacillus anthracis	Contig	current	5429451	178	SAMN16093282	soil contaminated with killed cattle	Kazakhstan:West Kazakhstan	not applicable	non_saline_candidate	
GCF_018502525.1	Bacillus amyloliquefaciens	Complete Genome	current	3974408	1	SAMN19091683	Natural soil	China:Shanghai		non_saline_candidate	
GCF_019458745.1	Bacillus amyloliquefaciens	Contig	current	3944679	39	SAMN20524484	soil	Taiwan: Neipu Township		non_saline_candidate	
GCF_019458775.1	Bacillus amyloliquefaciens	Contig	current	3985605	38	SAMN20524472	soil	Taiwan: Neipu Township		non_saline_candidate	
GCF_019693235.1	Bacillus anthracis	Complete Genome	current	5503192	3	SAMN20475816	soil	Indonesia: East Java Province, Pacitan District, Donorojo Subdistrict, Klepu Village, Nglesen backwoods		non_saline_candidate	
GCF_019856555.1	Bacillus amyloliquefaciens	Complete Genome	current	4066277	1	SAMN20999035	soil	USA:California		non_saline_candidate	
GCF_019880425.1	Bacillus amyloliquefaciens	Complete Genome	current	4155652	1	SAMN21001928	soil	USA:California		non_saline_candidate	
GCF_019997305.2	Bacillus amyloliquefaciens	Scaffold	current	4167230	260	SAMN20062556	soil	Turkey: Antalya		non_saline_candidate	
GCF_020971785.1	Bacillus amyloliquefaciens	Complete Genome	current	3939411	1	SAMN23230624	soil	China:shouguang		non_saline_candidate	
GCF_022059355.1	Bacillus anthracis	Contig	current	5175505	35	SAMN10232964	soil	India		non_saline_candidate	
GCF_022220565.1	Bacillus anthracis	Complete Genome	current	5324844	2	SAMN13164715	soil	Bulgaria: Sofia	not applicable	non_saline_candidate	
GCF_022220585.1	Bacillus anthracis	Complete Genome	current	5505142	3	SAMN13164720	soil	Bulgaria: Tarnovo	not applicable	non_saline_candidate	
GCF_022220605.1	Bacillus anthracis	Complete Genome	current	5506216	3	SAMN13164723	soil	Bulgaria: Silistra	not applicable	non_saline_candidate	
GCF_022220625.1	Bacillus anthracis	Complete Genome	current	5506603	3	SAMN13164718	soil	Bulgaria: Jambol	not applicable	non_saline_candidate	
GCF_022220905.1	Bacillus anthracis	Complete Genome	current	5229919	1	SAMN13164717	soil	Bulgaria: Jambol	not applicable	non_saline_candidate	
GCF_022221005.1	Bacillus anthracis	Complete Genome	current	5324563	2	SAMN13164724	soil	Bulgaria: Silistra	not applicable	non_saline_candidate	
GCF_022221025.1	Bacillus anthracis	Complete Genome	current	5506606	3	SAMN13164716	soil	Bulgaria: Jambol	not applicable	non_saline_candidate	
GCF_022221165.1	Bacillus anthracis	Complete Genome	current	5504459	3	SAMN18241470	soil	Bangladesh	not collected	non_saline_candidate	
GCF_022221285.1	Bacillus anthracis	Complete Genome	current	5496094	3	SAMN18241464	soil	South Africa	not collected	non_saline_candidate	
GCF_022221305.1	Bacillus anthracis	Complete Genome	current	5486304	3	SAMN18241463	soil	Zimbabwe	not collected	non_saline_candidate	
GCF_022832415.1	Bacillus amyloliquefaciens	Contig	current	3958137	29	SAMN27023760	soil	Brazil: Goias,Unai		non_saline_candidate	
GCF_023115375.1	Bacillus amyloliquefaciens	Complete Genome	current	3915550	1	SAMN27628424	rhizosphere soil	China: Nianbaoyuze Alpine meadow in Guoluo Prefecture, Qinghai	Carex myosuroides	non_saline_candidate	
GCF_023824055.1	Bacillus anthracis	Complete Genome	current	5732156	4	SAMN22304411	soil	China		non_saline_candidate	
GCF_024584765.1	Bacillus amyloliquefaciens	Complete Genome	current	3931131	2	SAMN18298926	soil	China: ShanDong		non_saline_candidate	
GCF_024653145.1	Bacillus amyloliquefaciens	Contig	current	3900554	46	SAMN30154157	soil	Brazil: Brasilia		non_saline_candidate	
GCF_024653455.1	Bacillus amyloliquefaciens	Contig	current	4118578	127	SAMN30125007	soil	Brazil: Brasilia		non_saline_candidate	
GCF_024653505.1	Bacillus amyloliquefaciens	Contig	current	3913627	46	SAMN30125173	soil	Brazil: Goias,Unai		non_saline_candidate	
GCF_024653525.1	Bacillus amyloliquefaciens	Contig	current	3956622	31	SAMN30126292	soil	Brazil: Brasilia		non_saline_candidate	
GCF_024653545.1	Bacillus amyloliquefaciens	Contig	current	3848891	31	SAMN30127316	soil	Brazil: Brasilia		non_saline_candidate	
GCF_026786425.1	Bacillus amyloliquefaciens	Scaffold	current	3811666	33	SAMN25520157	soil	USA: Virginia		non_saline_candidate	
GCF_028895325.1	Bacillus amyloliquefaciens	Scaffold	current	3881964	187	SAMN10762342		China: Wuhan	plant	non_saline_candidate	
GCF_028993875.1	Bacillus amyloliquefaciens	Scaffold	current	4135865	18	SAMN33406553	soil	China: Shenyang		non_saline_candidate	
GCF_032918205.1	Bacillus amyloliquefaciens	Chromosome	current	3933863	2	SAMN37756264	Root rhizosphere	Trinidad and Tobago: Chaguanas		non_saline_candidate	
GCF_032930055.1	Bacillus amyloliquefaciens	Chromosome	current	3929978	4	SAMN37804249	soil rhizosphere	Trinidad and Tobago: Trinidad, Cunupia	missing	non_saline_candidate	
GCF_032933215.1	Bacillus amyloliquefaciens	Chromosome	current	3931318	3	SAMN37797355	soil rhizosphere	Trinidad and Tobago: Trinidad, Princes Town	missing	non_saline_candidate	
GCF_035600155.1	Bacillus amyloliquefaciens	Chromosome	current	4007389	2	SAMN39183109	soil	Serbia: Donje Vidovo		non_saline_candidate	
GCF_035809095.1	Bacillus amyloliquefaciens	Contig	current	4014931	29	SAMN33940603	soil	Russia		non_saline_candidate	
GCF_035822495.1	Bacillus amyloliquefaciens	Scaffold	current	3792584	18	SAMN33940737	soil	India		non_saline_candidate	
GCF_036347615.1	Bacillus amyloliquefaciens	Complete Genome	current	3887947	1	SAMN38562212	Cultivated soil	China:Anhui		non_saline_candidate	
GCF_039643455.1	Bacillus amyloliquefaciens	Complete Genome	current	3929792	1	SAMN23398842	soil	China		non_saline_candidate	
GCF_041947055.1	Bacillus amyloliquefaciens	Scaffold	current	3965760	33	SAMN43439316	roots	Russia: Stavropol Krai	Chenopodium album	non_saline_candidate	
GCF_041947065.1	Bacillus amyloliquefaciens	Scaffold	current	3871036	38	SAMN43440204	roots	Russia: Stavropol Krai	Alhagi maurorum	non_saline_candidate	
GCF_042879715.1	Bacillus amyloliquefaciens	Contig	current	4361518	2	SAMN43882060	soil	South Korea: Jeonnam, Gokseong-gun		non_saline_candidate	
GCF_042937815.1	Bacillus amyloliquefaciens	Complete Genome	current	4105932	2	SAMN43929738	soil	USA: California, Fresno		non_saline_candidate	
GCF_042938425.1	Bacillus amyloliquefaciens	Complete Genome	current	4021214	1	SAMN43929736	soil	USA: California, Fresno		non_saline_candidate	
GCF_043950675.1	Bacillus amyloliquefaciens	Complete Genome	current	4021217	1	SAMN43929734	soil	USA: California, Fresno		non_saline_candidate	
GCF_043950685.1	Bacillus amyloliquefaciens	Complete Genome	current	4073729	2	SAMN43929735	soil	USA: California, Fresno		non_saline_candidate	
GCF_043950715.1	Bacillus amyloliquefaciens	Complete Genome	current	4032984	2	SAMN43929737	soil	USA: California, Fresno		non_saline_candidate	
GCF_046058975.1	Bacillus amyloliquefaciens	Complete Genome	current	3957046	1	SAMN45109269	soil	China:changchun	missing	non_saline_candidate	
GCF_046537695.1	Bacillus amyloliquefaciens	Scaffold	current	3917685	25	SAMN38191810	soils contaminated with PPN	Portugal: Mealhada		non_saline_candidate	
GCF_047779965.1	Bacillus amyloliquefaciens	Contig	current	4140577	52	SAMN46560463	compost was generated exclusively from plant-based material, recycled equine manure in composters enriched with California worms (Eisenia foetida).	Argentina: Ro Cuarto		non_saline_candidate	
GCF_047780285.1	Bacillus amyloliquefaciens	Contig	current	4146513	64	SAMN46560016	compost was generated exclusively from plant-based material, recycled equine manure in composters enriched with California worms (Eisenia foetida).	Argentina: Ro Cuarto		non_saline_candidate	
GCF_047780485.1	Bacillus amyloliquefaciens	Contig	current	3871373	43	SAMN46715275	rhizosphere	Russia: Krasnodar	soybean	non_saline_candidate	
GCF_049060485.1	Bacillus amyloliquefaciens	Contig	current	3871373	43	SAMN44597910	rhizosphere	Russia: Krasnodar	soybean	non_saline_candidate	
GCF_049537795.1	Bacillus amyloliquefaciens	Scaffold	current	3974535	14	SAMN47804572	Soils	China		non_saline_candidate	
GCF_049677765.1	Bacillus amyloliquefaciens	Complete Genome	current	4007020	1	SAMN47635298	soil	China	Rumex acetosa L.	non_saline_candidate	
GCF_050410745.1	Bacillus amyloliquefaciens	Complete Genome	current	3932140	1	SAMN48174638	Rhizosphere soil of Musa acuminata	China: Hainan Province	Musa acuminata	non_saline_candidate	
GCF_050462345.1	Bacillus amyloliquefaciens	Contig	current	3940558	20	SAMN41009228	soil	Ukraine: Kiev		non_saline_candidate	
GCF_050462505.1	Bacillus amyloliquefaciens	Contig	current	4084526	40	SAMN41009226	soil	Lithuania: Vilinus		non_saline_candidate	
GCF_050466345.1	Bacillus amyloliquefaciens	Contig	current	3908231	16	SAMN41009127	soil	Japan		non_saline_candidate	
GCF_050473685.1	Bacillus amyloliquefaciens	Contig	current	4205553	16	SAMN41397059	soil	Japan		non_saline_candidate	
GCF_051122665.1	Bacillus amyloliquefaciens	Complete Genome	current	3929792	1	SAMN46764892	plant	China: Baoshan City, Yunnan Province		non_saline_candidate	
GCF_051225615.1	Bacillus amyloliquefaciens	Complete Genome	current	3997765	1	SAMN49556791	soil	Taiwan: Pingtung		non_saline_candidate	
GCF_053750095.1	Bacillus amyloliquefaciens	Complete Genome	current	4041589	1	SAMN50184179	rhizosphere soil	China:Nanjing	Tomato	non_saline_candidate	
GCF_054131895.1	Bacillus amyloliquefaciens	Complete Genome	current	3929780	1	SAMN22826121	soil	China: FuSong County	Panax ginseng	non_saline_candidate	
GCF_054816535.1	Bacillus amyloliquefaciens	Complete Genome	current	3980777	1	SAMN51803990	rhizosphere soil	China: Guizhou Province, Shibi County	Pseudostellaria heterophylla	non_saline_candidate	
GCF_056048175.1	Bacillus amyloliquefaciens	Contig	current	4202318	85	SAMN22202749		China: Langfang	plant	non_saline_candidate	
GCF_056048215.1	Bacillus amyloliquefaciens	Contig	current	3890538	42	SAMN22202747		China: Langfang	plant	non_saline_candidate	
GCF_056312695.1	Bacillus amyloliquefaciens	Complete Genome	current	4006786	1	SAMN56523219	rhizosphere soil	China:Tianjin		non_saline_candidate	
GCF_056726145.1	Bacillus amyloliquefaciens	Complete Genome	current	3517983	1	SAMN52845224	soil	Turkey: Tekirdag		non_saline_candidate	
GCF_000299035.1	Bacillus bingmayongensis	Scaffold	current	5477100	88	SAMN02469796	soil on the Terracotta Warriors from the No. 1 pit of the Mausoleum of the First Qin Emperor	China: Shaanxi		non_saline_candidate	
GCF_000319715.1	Bacillus anthracis str. 3166	Contig	current	5505136	5	SAMN02470706	soil	Bulgaria		non_saline_candidate	
GCF_000385965.2	Bacillus atrophaeus UCMB-5137	Chromosome	current	4064321	7	SAMN02471930	rhizosphere	Ukraine		non_saline_candidate	
GCF_000558965.1	Bacillus anthracis 8903-G	Chromosome	current	5504767	9	SAMN02951868	soil	Georgia: Gardabani		non_saline_candidate	
GCF_000558985.1	Bacillus anthracis 9080-G	Chromosome	current	5508663	54	SAMN02951869	soil	Georgia: Gardabani		non_saline_candidate	
GCF_000835185.1	Bacillus cereus	Complete Genome	current	5642468	4	SAMN03092702	soil	USA: WI, Madison (University of Wisconsin-Madison)		non_saline_candidate	
GCF_001043655.1	Bacillus cereus	Contig	current	5150922	90	SAMN03392518	Plant	Malaysia: Malacca		non_saline_candidate	
GCF_001277915.1	Bacillus cereus	Complete Genome	current	5398511	4	SAMN03785549	soil	China:Zhongshan moutain Nanjing		non_saline_candidate	
GCF_001579695.1	Bacillus cereus	Scaffold	current	5386583	127	SAMN04496851	rhizosphere	China:Beijing	Triticum	non_saline_candidate	
GCF_001584335.1	Bacillus atrophaeus	Scaffold	current	4159686	24	SAMN04450411	soil	USA:Colorado		non_saline_candidate	
GCF_001635915.1	Bacillus cereus	Complete Genome	current	6112892	2	SAMN03457169	soil	China		non_saline_candidate	
GCF_001635955.1	Bacillus cereus	Complete Genome	current	6097988	2	SAMN03457174	soil	China		non_saline_candidate	
GCF_001678165.1	Bacillus cereus	Scaffold	current	6404077	54	SAMN05171626	root of field-grown alfalfa plants	USA: Arlington, WI	Medicago sativa	non_saline_candidate	
GCF_001699805.1	Bacillus cereus	Contig	current	6031538	40	SAMN05436732	Cadmium-contaminated soil	Australia: Melbourne	Carpobrotus rossii	non_saline_candidate	
GCF_002860245.1	Bacillus canaveralius	Contig	current	4694986	117	SAMN08028598	soil			non_saline_candidate	
GCF_002998055.1	Bacillus atrophaeus	Scaffold	current	4153751	14	SAMN08633950	grass roots	China: Tibet, Nyingchi		non_saline_candidate	
GCF_002998075.1	Bacillus atrophaeus	Scaffold	current	4216459	15	SAMN08633986	soil	China: Tibet		non_saline_candidate	
GCF_002998135.1	Bacillus atrophaeus	Scaffold	current	4123307	19	SAMN08634001	grass roots	China: Tibet, Lhasa		non_saline_candidate	
GCF_016469025.1	Bacillus atrophaeus	Scaffold	current	4130740	92	SAMN16276680	soil	Antarctica		non_saline_candidate	
GCF_017498775.1	Bacillus arachidis	Contig	current	5176505	98	SAMN18316468	rhizosphere soil of peanut	China:Jiangsu		non_saline_candidate	
GCF_018140555.1	Bacillus atrophaeus	Complete Genome	current	4144521	1	SAMN18793431	soil	China:Shandong		non_saline_candidate	
GCF_018390475.2	Bacillus cabrialesii subsp. tritici	Contig	current	4297452	2	SAMN19070894	rhizosphere	Mexico: Yaqui Valley	Triticum turgidum subsp. durum	non_saline_candidate	
GCF_019443725.1	Bacillus atrophaeus	Complete Genome	current	4148820	1	SAMN14466088	soil	Canada:Saskatoon		non_saline_candidate	
GCF_019753385.1	Bacillus bingmayongensis	Scaffold	current	5887059	282	SAMN20822653	soil	China: Zhengzhou	missing	non_saline_candidate	
GCF_023824075.1	Bacillus bombysepticus	Complete Genome	current	5870776	3	SAMN22304412	soil	China		non_saline_candidate	
GCF_026793355.1	Bacillus atrophaeus	Scaffold	current	4195380	42	SAMN25999697	soil	not collected		non_saline_candidate	
GCF_026793375.1	Bacillus atrophaeus	Scaffold	current	4272497	127	SAMN25999696	soil	not collected		non_saline_candidate	
GCF_026793395.1	Bacillus atrophaeus	Scaffold	current	4281072	112	SAMN25999693	soil	not collected		non_saline_candidate	
GCF_026793405.1	Bacillus atrophaeus	Scaffold	current	4104658	216	SAMN25999694	soil	not collected		non_saline_candidate	
GCF_026793415.1	Bacillus atrophaeus	Scaffold	current	4279494	112	SAMN25999695	soil	not collected		non_saline_candidate	
GCF_026793455.1	Bacillus atrophaeus	Scaffold	current	4281129	128	SAMN25999692	soil	not collected		non_saline_candidate	
GCF_026793475.1	Bacillus atrophaeus	Scaffold	current	4122328	16	SAMN25999691	soil	not collected		non_saline_candidate	
GCF_026793515.1	Bacillus atrophaeus	Scaffold	current	4110444	20	SAMN25999689	soil	not collected		non_saline_candidate	
GCF_026793605.1	Bacillus atrophaeus	Scaffold	current	4083353	18	SAMN25999685	soil	not collected		non_saline_candidate	
GCF_026793855.1	Bacillus atrophaeus	Scaffold	current	4186000	21	SAMN25999672	soil	not collected		non_saline_candidate	
GCF_026793875.1	Bacillus atrophaeus	Scaffold	current	4227121	47	SAMN25999671	soil	not collected		non_saline_candidate	
GCF_026793895.1	Bacillus atrophaeus	Scaffold	current	4002963	20	SAMN25999670	soil	not collected		non_saline_candidate	
GCF_026793905.1	Bacillus atrophaeus	Scaffold	current	4123455	31	SAMN25999668	soil	not collected		non_saline_candidate	
GCF_026793915.1	Bacillus atrophaeus	Contig	current	4183152	15	SAMN25999669	soil	not collected		non_saline_candidate	
GCF_026794315.1	Bacillus atrophaeus	Scaffold	current	4189282	91	SAMN25999664	soil	not collected		non_saline_candidate	
GCF_026794335.1	Bacillus atrophaeus	Scaffold	current	4198129	29	SAMN25999665	soil	not collected		non_saline_candidate	
GCF_026794355.1	Bacillus atrophaeus	Scaffold	current	4140457	14	SAMN25999663	soil	not collected		non_saline_candidate	
GCF_026794375.1	Bacillus atrophaeus	Scaffold	current	4038042	20	SAMN25999662	soil	not collected		non_saline_candidate	
GCF_026794405.1	Bacillus atrophaeus	Scaffold	current	4094803	21	SAMN25999659	soil	not collected		non_saline_candidate	
GCF_026794435.1	Bacillus atrophaeus	Scaffold	current	4162365	16	SAMN25999660	soil	not collected		non_saline_candidate	
GCF_026794455.1	Bacillus atrophaeus	Scaffold	current	4164398	14	SAMN25999658	soil	not collected		non_saline_candidate	
GCF_026794475.1	Bacillus atrophaeus	Scaffold	current	4125339	22	SAMN25999656	soil	not collected		non_saline_candidate	
GCF_026794485.1	Bacillus atrophaeus	Scaffold	current	4074827	27	SAMN25999654	soil	not collected		non_saline_candidate	
GCF_026794575.1	Bacillus atrophaeus	Scaffold	current	4119323	25	SAMN25999652	soil	not collected		non_saline_candidate	
GCF_026794605.1	Bacillus atrophaeus	Scaffold	current	4148902	66	SAMN25999651	soil	not collected		non_saline_candidate	
GCF_029541525.1	Bacillus atrophaeus	Complete Genome	current	4155911	1	SAMN33774111	Cotton rhizosphere soil	China:Xinjiang Hutubi County cotton planting farm		non_saline_candidate	
GCF_030284675.1	Bacillus atrophaeus	Contig	current	4073008	12	SAMN35711153	rhizosphere soil	Algeria	Ziziphus spina-christi	non_saline_candidate	
GCF_030285945.1	Bacillus arachidis	Complete Genome	current	5218944	4	SAMN34375038	rhizosphere soil	China: Yuxi, Yunnan Province		non_saline_candidate	
GCF_031834575.1	Bacillus atrophaeus	Contig	current	4182405	18	SAMN33021027	rhizosphere	China	Solanum tuberosum	non_saline_candidate	
GCF_032460565.1	Bacillus atrophaeus	Complete Genome	current	4288753	1	SAMN37144237	soil	China:qinghai	missing	non_saline_candidate	
GCF_032461835.1	Bacillus cabrialesii	Contig	current	4191332	35	SAMN37629539	roots	Tunisia	Lathyrus cicera	non_saline_candidate	
GCF_034427855.1	Bacillus bingmayongensis	Contig	current	5459685	395	SAMN38378306	soil	Tunisia		non_saline_candidate	
GCF_035806495.1	Bacillus atrophaeus	Scaffold	current	4140876	18	SAMN33940236	soil	not collected		non_saline_candidate	
GCF_035806515.1	Bacillus atrophaeus	Contig	current	4376082	23	SAMN33940235	soil	not collected		non_saline_candidate	
GCF_035806615.1	Bacillus atrophaeus	Scaffold	current	4246831	63	SAMN33940231	soil	not collected		non_saline_candidate	
GCF_035806635.1	Bacillus atrophaeus	Contig	current	4153675	14	SAMN33940230	soil	not collected		non_saline_candidate	
GCF_035806645.1	Bacillus atrophaeus	Contig	current	4378260	26	SAMN33940229	soil	not collected		non_saline_candidate	
GCF_035806675.1	Bacillus atrophaeus	Scaffold	current	4139093	21	SAMN33940228	soil	not collected		non_saline_candidate	
GCF_035806695.1	Bacillus atrophaeus	Contig	current	4376088	23	SAMN33940224	soil	not collected		non_saline_candidate	
GCF_035806715.1	Bacillus atrophaeus	Contig	current	4265125	26	SAMN33940226	soil	not collected		non_saline_candidate	
GCF_035806735.1	Bacillus atrophaeus	Contig	current	4252640	23	SAMN33940227	soil	not collected		non_saline_candidate	
GCF_035806755.1	Bacillus atrophaeus	Scaffold	current	4264905	25	SAMN33940225	soil	not collected		non_saline_candidate	
GCF_035806775.1	Bacillus atrophaeus	Contig	current	4378323	27	SAMN33940223	soil	not collected		non_saline_candidate	
GCF_035806795.1	Bacillus atrophaeus	Scaffold	current	4294733	22	SAMN33940222	soil	not collected		non_saline_candidate	
GCF_035806815.1	Bacillus atrophaeus	Contig	current	4299833	21	SAMN33940219	soil	not collected		non_saline_candidate	
GCF_035806855.1	Bacillus atrophaeus	Contig	current	4297953	25	SAMN33940221	soil	not collected		non_saline_candidate	
GCF_035806895.1	Bacillus atrophaeus	Scaffold	current	4239286	33	SAMN33940217	soil	not collected		non_saline_candidate	
GCF_035806915.1	Bacillus atrophaeus	Scaffold	current	4115263	18	SAMN33940216	soil	not collected		non_saline_candidate	
GCF_035806935.1	Bacillus atrophaeus	Scaffold	current	4237758	36	SAMN33940215	soil	not collected		non_saline_candidate	
GCF_035806955.1	Bacillus atrophaeus	Scaffold	current	4239266	35	SAMN33940214	soil	not collected		non_saline_candidate	
GCF_035806975.1	Bacillus atrophaeus	Scaffold	current	4239705	30	SAMN33940213	soil	not collected		non_saline_candidate	
GCF_035806995.1	Bacillus atrophaeus	Contig	current	4114086	13	SAMN33940212	soil	not collected		non_saline_candidate	
GCF_035807015.1	Bacillus atrophaeus	Contig	current	4239546	30	SAMN33940211	soil	not collected		non_saline_candidate	
GCF_035807035.1	Bacillus atrophaeus	Contig	current	4113922	15	SAMN33940210	soil	not collected		non_saline_candidate	
GCF_035807075.1	Bacillus atrophaeus	Contig	current	4240600	31	SAMN33940208	soil	not collected		non_saline_candidate	
GCF_035807095.1	Bacillus atrophaeus	Contig	current	4115072	14	SAMN33940206	soil	not collected		non_saline_candidate	
GCF_035807115.1	Bacillus atrophaeus	Contig	current	4115021	13	SAMN33940205	soil	not collected		non_saline_candidate	
GCF_035807135.1	Bacillus atrophaeus	Contig	current	4113831	14	SAMN33940207	soil	not collected		non_saline_candidate	
GCF_035807255.1	Bacillus atrophaeus	Scaffold	current	4239518	28	SAMN33940198	soil	not collected		non_saline_candidate	
GCF_035807275.1	Bacillus atrophaeus	Scaffold	current	4010796	14	SAMN33940199	soil	not collected		non_saline_candidate	
GCF_035807295.1	Bacillus atrophaeus	Contig	current	4048018	13	SAMN33940197	soil	not collected		non_saline_candidate	
GCF_035814155.1	Bacillus atrophaeus	Scaffold	current	4134396	49	SAMN33940342	soil	USA		non_saline_candidate	
GCF_036209985.1	Bacillus atrophaeus	Scaffold	current	4052323	32	SAMN32927378	soil	Israel: Evolution Canyon		non_saline_candidate	
GCF_036210025.1	Bacillus atrophaeus	Scaffold	current	4097990	24	SAMN32927376	soil	Israel: Evolution Canyon		non_saline_candidate	
GCF_036210035.1	Bacillus atrophaeus	Scaffold	current	4081875	31	SAMN32927377	soil	Israel: Evolution Canyon		non_saline_candidate	
GCF_036210065.1	Bacillus atrophaeus	Scaffold	current	4715748	41	SAMN32927374	soil	Israel: Evolution Canyon		non_saline_candidate	
GCF_036210085.1	Bacillus atrophaeus	Scaffold	current	4082399	31	SAMN32927375	soil	Israel: Evolution Canyon		non_saline_candidate	
GCF_036224925.1	Bacillus atrophaeus	Scaffold	current	4195511	24	SAMN33941027	soil	USA		non_saline_candidate	
GCF_036224965.1	Bacillus atrophaeus	Scaffold	current	4039138	22	SAMN33941024	soil	USA		non_saline_candidate	
GCF_036224985.1	Bacillus atrophaeus	Scaffold	current	4089126	14	SAMN33941026	soil	USA		non_saline_candidate	
GCF_036225005.1	Bacillus atrophaeus	Scaffold	current	4131539	17	SAMN33941025	soil	USA		non_saline_candidate	
GCF_036225025.1	Bacillus atrophaeus	Scaffold	current	4189007	20	SAMN33941023	soil	USA		non_saline_candidate	
GCF_036225045.1	Bacillus atrophaeus	Scaffold	current	4239234	25	SAMN33941022	soil	USA		non_saline_candidate	
GCF_036225065.1	Bacillus atrophaeus	Contig	current	4241172	25	SAMN33941020	soil	USA		non_saline_candidate	
GCF_036225085.1	Bacillus atrophaeus	Scaffold	current	4155290	24	SAMN33941019	soil	USA		non_saline_candidate	
GCF_036225105.1	Bacillus atrophaeus	Scaffold	current	4145190	18	SAMN33941018	soil	USA		non_saline_candidate	
GCF_036225125.1	Bacillus atrophaeus	Contig	current	4156012	17	SAMN33941021	soil	USA		non_saline_candidate	
GCF_036225145.1	Bacillus atrophaeus	Scaffold	current	4223234	18	SAMN33941017	soil	USA		non_saline_candidate	
GCF_036225165.1	Bacillus atrophaeus	Scaffold	current	4369926	39	SAMN33941016	soil	USA		non_saline_candidate	
GCF_037997125.1	Bacillus atrophaeus	Complete Genome	current	4213034	1	SAMN38507101	Tibet Plateau soil	China:Tibet		non_saline_candidate	
GCF_038069635.2	Bacillus anthracis	Complete Genome	current	5200120	1	SAMN40703789	rhizosphere indigenous microbial community of healthy strawberry plants in a strawberry planting greenhouse	China: Tangwang Town, Licheng District, Jinan City, Shandong Province		non_saline_candidate	
GCF_039519175.1	Bacillus atrophaeus	Complete Genome	current	4292910	2	SAMN41078598	Wheat root	China: Henan		non_saline_candidate	
GCF_040194375.1	Bacillus ayatagriensis	Contig	current	3821630	37	SAMN41506556	Mulberry plant rhizosphere region	India: Raiganj University		non_saline_candidate	
GCF_040797005.1	Bacillus anthracis	Contig	current	5356182	43	SAMN42186656	deep soil layers	Russia: Yakutia		non_saline_candidate	
GCF_043190285.1	Bacillus anthracis	Complete Genome	current	5504914	3	SAMN38634753	soil	Austria: Mattighofen		non_saline_candidate	
GCF_043190595.1	Bacillus anthracis	Chromosome	current	5502528	4	SAMN38634752	soil	Austria: Mattighofen		non_saline_candidate	
GCF_043191725.1	Bacillus anthracis	Complete Genome	current	5504998	3	SAMN38634751	soil	Austria: Mattighofen		non_saline_candidate	
GCF_043192435.1	Bacillus anthracis	Chromosome	current	5452505	12	SAMN38634750	soil	Austria: Mattighofen		non_saline_candidate	
GCF_044751625.1	Bacillus anthracis	Contig	current	5468731	25	SAMN43361510	soil	China: Jingxi City, Guangxi Province	horse	non_saline_candidate	
GCF_045038045.1	Bacillus anthracis	Complete Genome	current	5504763	3	SAMN37499000	soil	China:Harbin		non_saline_candidate	
GCF_045276185.1	Bacillus atrophaeus	Complete Genome	current	4267134	3	SAMN43222669	Flowering plant	China: Shihezi	cotton	non_saline_candidate	
GCF_045278795.1	Bacillus atrophaeus subsp. globigii	Complete Genome	current	4083597	1	SAMN36965794	rhizosphere	China		non_saline_candidate	
GCF_046221385.1	Bacillus anthracis	Scaffold	current	5457395	80	SAMN43546202	skin and contaminated soil	Ethiopia: Amhara Region, East Gojjam Zone, Goncha siso Enese District, Angot 028 Kebele	Capra hircus	non_saline_candidate	
GCF_049803355.1	Bacillus cabrialesii subsp. cabrialesii	Contig	current	4068195	45	SAMN41698214	soil	Mexico: Yaqui Valley	wheat	non_saline_candidate	
GCF_050171565.1	Bacillus atrophaeus	Contig	current	4319695	44	SAMN48191925	soil	Russia: Yakutia		non_saline_candidate	
GCF_050171645.1	Bacillus atrophaeus	Contig	current	4313758	46	SAMN48191924	soil	Russia: Yakutia		non_saline_candidate	
GCF_050171665.1	Bacillus atrophaeus	Contig	current	4303474	37	SAMN48191923	soil	Russia: Yakutia		non_saline_candidate	
GCF_050456865.1	Bacillus atrophaeus	Contig	current	4360403	44	SAMN41009432	soil	Canada: Whiteshell, Manitoba		non_saline_candidate	
GCF_050457945.1	Bacillus anthracis	Scaffold	current	5146626	37	SAMN41009378	soil	India: Ganges Delta		non_saline_candidate	
GCF_050465005.1	Bacillus cabrialesii	Scaffold	current	4171389	28	SAMN41009160	soil	USA: Tumonoc Hill, Arizona		non_saline_candidate	
GCF_050475125.1	Bacillus atrophaeus	Contig	current	4160267	28	SAMN41009868	chloropicrin treated soil	not collected		non_saline_candidate	
GCF_050574115.1	Bacillus atrophaeus	Complete Genome	current	4155134	1	SAMN48580704	rhizosphere soil	China:Fujian	Pseudostellaria heterophylla	non_saline_candidate	
GCF_051425545.1	Bacillus atrophaeus	Complete Genome	current	4302183	2	SAMN49699283	chernozem soils	Russia: SFedU Botanical Garden		non_saline_candidate	
GCF_051488445.1	Bacillus atrophaeus	Contig	current	4053470	2	SAMN49662483	soil	Turkey: Erzurum		non_saline_candidate	
GCF_052441705.1	Bacillus atrophaeus	Contig	current	4050843	1	SAMN49662482	soil	Turkey: Erzurum		non_saline_candidate	
GCF_052665205.1	Bacillus atrophaeus	Scaffold	current	4170353	13	SAMN47595437	Salicornia europaea	China: Yancheng, Jiangsu province	Plants	non_saline_candidate	
GCF_053092545.2	Bacillus anthracis	Contig	current	5332542	2	SAMN50141656	agricultural soil	Morocco: Taliouine		non_saline_candidate	
GCF_054054465.1	Bacillus atrophaeus	Contig	current	4174279	29	SAMN53359655	Melia azedarach rhizosphere soil	Algeria: Sidi Bel Abbes	Melia azedarach	non_saline_candidate	
GCF_054353735.1	Bacillus atrophaeus	Contig	current	4013278	23	SAMN52661554	soil	Ukraine		non_saline_candidate	
GCF_054483695.1	Bacillus cabrialesii	Contig	current	4098582	27	SAMN54434928	soil	China:Xinjiang		non_saline_candidate	
GCF_928858585.1	Bacillus anthracis	Contig	current	5506423	3	SAMEA11477105	soil	Ukraine		non_saline_candidate	
GCF_002014585.1	Bacillus cereus	Contig	current	6248992	174	SAMN06242081	soil	USA		non_saline_candidate	
GCF_002196815.1	Bacillus cereus	Scaffold	current	5269088	60	SAMN06640207	paddy soil	China: Nanjing		non_saline_candidate	
GCF_002504205.1	Bacillus cereus	Chromosome	current	5204644	21	SAMN07690117	Cropfield soil	India		non_saline_candidate	
GCF_002550115.1	Bacillus cereus	Scaffold	current	5330431	93	SAMN07598710	plant core	USA: NC		non_saline_candidate	
GCF_002550375.1	Bacillus cereus	Scaffold	current	5943482	139	SAMN07598676	plant core	USA: NC		non_saline_candidate	
GCF_002551855.1	Bacillus cereus	Scaffold	current	5665668	117	SAMN07598696	plant core	USA: NC		non_saline_candidate	
GCF_002552335.1	Bacillus cereus	Scaffold	current	6002298	181	SAMN07598648	root	USA: IA	Soybean	non_saline_candidate	
GCF_002552505.1	Bacillus cereus	Scaffold	current	5705006	97	SAMN07598622	plant core	USA: NC		non_saline_candidate	
GCF_002552725.1	Bacillus cereus	Contig	current	6062214	112	SAMN07598594	plant	USA: NC	Corn	non_saline_candidate	
GCF_002553255.1	Bacillus cereus	Scaffold	current	5910033	413	SAMN07598623	plant core	USA: NC		non_saline_candidate	
GCF_002553345.1	Bacillus cereus	Scaffold	current	5438787	103	SAMN07598599	plant	USA: NC	Oats	non_saline_candidate	
GCF_002555205.1	Bacillus cereus	Scaffold	current	5603960	120	SAMN07597406	Core; Other Plant	USA: NC		non_saline_candidate	
GCF_002556855.1	Bacillus cereus	Scaffold	current	5946595	480	SAMN07597606	Core; Other Plant	USA: NC		non_saline_candidate	
GCF_002557995.1	Bacillus cereus	Scaffold	current	5708655	160	SAMN07597405	plant	USA: NC	Cucumber	non_saline_candidate	
GCF_002558245.1	Bacillus cereus	Scaffold	current	5627559	81	SAMN07597399	plant core	USA: NC		non_saline_candidate	
GCF_002558445.1	Bacillus cereus	Scaffold	current	5714746	79	SAMN07597316	soil	USA: NY		non_saline_candidate	
GCF_002558615.1	Bacillus cereus	Scaffold	current	5599458	107	SAMN07597298	plant	USA: NC		non_saline_candidate	
GCF_002558645.1	Bacillus cereus	Scaffold	current	6312137	412	SAMN07597297	plant	USA: NC	Oats	non_saline_candidate	
GCF_002558845.1	Bacillus cereus	Scaffold	current	6227072	68	SAMN07597278	plant core	USA: NC		non_saline_candidate	
GCF_002558955.1	Bacillus cereus	Scaffold	current	4950061	84	SAMN07597267	plant	USA: NC	Tomato	non_saline_candidate	
GCF_002558985.1	Bacillus cereus	Scaffold	current	6036099	145	SAMN07597263	plant	USA: NC	Corn	non_saline_candidate	
GCF_002559365.1	Bacillus cereus	Scaffold	current	6024851	488	SAMN07597257	plant	USA: NC	Corn	non_saline_candidate	
GCF_002559715.1	Bacillus cereus	Scaffold	current	5726017	102	SAMN07597616	plant core	USA: NC		non_saline_candidate	
GCF_002559945.1	Bacillus cereus	Scaffold	current	6122598	247	SAMN07597592	root	USA: MO	Soybean	non_saline_candidate	
GCF_002560145.1	Bacillus cereus	Scaffold	current	5978089	121	SAMN07597573	root	USA: IA	Corn	non_saline_candidate	
GCF_002560215.1	Bacillus cereus	Scaffold	current	5719021	119	SAMN07597570	plant core	USA: NC		non_saline_candidate	
GCF_002560265.1	Bacillus cereus	Scaffold	current	6051916	137	SAMN07597566	soil	USA: NC		non_saline_candidate	
GCF_002560295.1	Bacillus cereus	Scaffold	current	5856760	161	SAMN07597564	soil	USA: IA		non_saline_candidate	
GCF_002560325.1	Bacillus cereus	Scaffold	current	5183233	64	SAMN07597560	soil	USA: NY		non_saline_candidate	
GCF_002560395.1	Bacillus cereus	Scaffold	current	5688348	62	SAMN07597552	plant core	USA: NC		non_saline_candidate	
GCF_002560415.1	Bacillus cereus	Scaffold	current	6027484	500	SAMN07597551	soil	USA: NC		non_saline_candidate	
GCF_002560475.1	Bacillus cereus	Scaffold	current	5820591	168	SAMN07597547	root	USA: IL	Corn	non_saline_candidate	
GCF_002560615.1	Bacillus cereus	Scaffold	current	6354929	192	SAMN07597536	plant core	USA: NC		non_saline_candidate	
GCF_002561095.1	Bacillus cereus	Scaffold	current	5954170	110	SAMN07597474	soil	USA: NY		non_saline_candidate	
GCF_002561115.1	Bacillus cereus	Scaffold	current	5858068	116	SAMN07597472	plant core	USA: NC		non_saline_candidate	
GCF_002561265.1	Bacillus cereus	Scaffold	current	5831025	167	SAMN07597455	plant core	USA: NC		non_saline_candidate	
GCF_002561295.1	Bacillus cereus	Scaffold	current	4796567	101	SAMN07597453	plant core	USA: NC		non_saline_candidate	
GCF_002561565.1	Bacillus cereus	Scaffold	current	5185484	59	SAMN07597428	soil	USA: NY		non_saline_candidate	
GCF_002561575.1	Bacillus cereus	Scaffold	current	5779325	87	SAMN07597429	plant core	USA: NC		non_saline_candidate	
GCF_002561655.1	Bacillus cereus	Scaffold	current	5787055	102	SAMN07597393	plant	USA: NC	Corn	non_saline_candidate	
GCF_002561715.1	Bacillus cereus	Scaffold	current	5938848	472	SAMN07597387	plant	USA: NC	Corn	non_saline_candidate	
GCF_002561965.1	Bacillus cereus	Scaffold	current	5935684	69	SAMN07597438	plant core	USA: NC		non_saline_candidate	
GCF_002562115.1	Bacillus cereus	Scaffold	current	5093814	195	SAMN07597381	soil	USA: NC		non_saline_candidate	
GCF_002562125.1	Bacillus cereus	Scaffold	current	6011774	158	SAMN07597385	soil	USA: NC		non_saline_candidate	
GCF_002562215.1	Bacillus cereus	Scaffold	current	5262315	75	SAMN07597374	plant core	USA: NC		non_saline_candidate	
GCF_002562265.1	Bacillus cereus	Scaffold	current	5895485	118	SAMN07597371	soil	USA: NC		non_saline_candidate	
GCF_002562345.1	Bacillus cereus	Scaffold	current	6017920	118	SAMN07597364	root	USA: MO	Soybean	non_saline_candidate	
GCF_002562575.1	Bacillus cereus	Scaffold	current	5721126	79	SAMN07597346	soil	USA: NY		non_saline_candidate	
GCF_002562735.1	Bacillus cereus	Scaffold	current	5935498	106	SAMN07597336	soil	USA: NC		non_saline_candidate	
GCF_002562775.1	Bacillus cereus	Scaffold	current	4903427	218	SAMN07597335	soil	USA: NY		non_saline_candidate	
GCF_002563235.1	Bacillus cereus	Scaffold	current	5833255	180	SAMN07597502	root	USA: IL	Corn	non_saline_candidate	
GCF_002564355.1	Bacillus cereus	Scaffold	current	5958249	92	SAMN07598573	soil	USA: NC		non_saline_candidate	
GCF_002564555.1	Bacillus cereus	Scaffold	current	4839723	108	SAMN07598561	soil	USA: NC		non_saline_candidate	
GCF_002564605.1	Bacillus cereus	Scaffold	current	5918891	86	SAMN07598548	soil	USA: NY		non_saline_candidate	
GCF_002564695.1	Bacillus cereus	Scaffold	current	6153896	151	SAMN07598518	root	USA: IA	Corn	non_saline_candidate	
GCF_002564815.1	Bacillus cereus	Scaffold	current	5798897	208	SAMN07598491	plant core	USA: NC		non_saline_candidate	
GCF_002564885.1	Bacillus cereus	Scaffold	current	6060332	162	SAMN07598461	root	USA: IA	Corn	non_saline_candidate	
GCF_002565025.1	Bacillus cereus	Scaffold	current	5953061	151	SAMN07598442	root	USA: MN	Soybean	non_saline_candidate	
GCF_002565225.1	Bacillus cereus	Scaffold	current	5698693	496	SAMN07598563	plant	USA: NC	Weed	non_saline_candidate	
GCF_002565245.1	Bacillus cereus	Scaffold	current	5802422	94	SAMN07598547	plant core	USA: NC		non_saline_candidate	
GCF_002565315.1	Bacillus cereus	Scaffold	current	5769583	96	SAMN07598537	soil	USA: NC		non_saline_candidate	
GCF_002565405.1	Bacillus cereus	Scaffold	current	5920287	78	SAMN07598527	soil	USA: NY		non_saline_candidate	
GCF_002565525.1	Bacillus cereus	Scaffold	current	5540491	65	SAMN07598498	plant core	USA: NC		non_saline_candidate	
GCF_002565575.1	Bacillus cereus	Scaffold	current	5438059	73	SAMN07598485	plant core	USA: NC		non_saline_candidate	
GCF_002565605.1	Bacillus cereus	Scaffold	current	5843836	81	SAMN07598475	plant core	USA: NC		non_saline_candidate	
GCF_002565685.1	Bacillus cereus	Scaffold	current	5748892	102	SAMN07598462	soil	USA: NY		non_saline_candidate	
GCF_002565695.1	Bacillus cereus	Scaffold	current	5839159	135	SAMN07598455	plant core	USA: NC		non_saline_candidate	
GCF_002565765.1	Bacillus cereus	Scaffold	current	5955484	96	SAMN07598437	root	USA: MO	Soybean	non_saline_candidate	
GCF_002565775.1	Bacillus cereus	Scaffold	current	5120427	212	SAMN07598433	plant	USA: NC	Weed	non_saline_candidate	
GCF_002565795.1	Bacillus cereus	Scaffold	current	5908952	242	SAMN07598430	soil	USA: NY		non_saline_candidate	
GCF_002565815.1	Bacillus cereus	Scaffold	current	4906498	97	SAMN07598427	soil	USA: NY		non_saline_candidate	
GCF_002565865.1	Bacillus cereus	Scaffold	current	5739226	85	SAMN07598421	soil	USA: NY		non_saline_candidate	
GCF_002565885.1	Bacillus cereus	Scaffold	current	5862557	139	SAMN07598420	soil	USA: NC		non_saline_candidate	
GCF_002566045.1	Bacillus cereus	Scaffold	current	5695936	100	SAMN07598550	plant core	USA: NC		non_saline_candidate	
GCF_002566215.1	Bacillus cereus	Scaffold	current	6174339	588	SAMN07598516	soil	USA: NC		non_saline_candidate	
GCF_002566225.1	Bacillus cereus	Scaffold	current	5724095	103	SAMN07598509	plant core	USA: NC		non_saline_candidate	
GCF_002566595.1	Bacillus cereus	Scaffold	current	6092162	103	SAMN07598432	plant core	USA: NC		non_saline_candidate	
GCF_002567145.1	Bacillus cereus	Scaffold	current	5744381	142	SAMN07598359	soil	USA: NC		non_saline_candidate	
GCF_002567185.1	Bacillus cereus	Scaffold	current	4930238	285	SAMN07598358	plant	USA: NC	Tomato	non_saline_candidate	
GCF_002567375.1	Bacillus cereus	Scaffold	current	5876175	234	SAMN07598345	root	USA: IA	Soybean	non_saline_candidate	
GCF_002567415.1	Bacillus cereus	Scaffold	current	5705753	115	SAMN07598341	plant core	USA: NC		non_saline_candidate	
GCF_002567445.1	Bacillus cereus	Scaffold	current	5734696	102	SAMN07598340	plant core	USA: NC		non_saline_candidate	
GCF_002567495.1	Bacillus cereus	Scaffold	current	5805188	142	SAMN07598336	plant core	USA: NC		non_saline_candidate	
GCF_002567555.1	Bacillus cereus	Scaffold	current	5762690	73	SAMN07598331	plant core	USA: NC		non_saline_candidate	
GCF_002567675.1	Bacillus cereus	Scaffold	current	5980966	79	SAMN07598317	root	USA: IA	Corn	non_saline_candidate	
GCF_002567745.1	Bacillus cereus	Scaffold	current	5779753	102	SAMN07598311	root	USA: MO	Soybean	non_saline_candidate	
GCF_002567985.1	Bacillus cereus	Scaffold	current	5870779	102	SAMN07598279	soil	USA: NC		non_saline_candidate	
GCF_002568135.1	Bacillus cereus	Scaffold	current	5962688	135	SAMN07598251	soil	USA: NY		non_saline_candidate	
GCF_002568455.1	Bacillus cereus	Scaffold	current	5883636	87	SAMN07598293	plant core	USA: NC		non_saline_candidate	
GCF_002568465.1	Bacillus cereus	Scaffold	current	5119997	484	SAMN07598292	plant	USA: NC	Weed	non_saline_candidate	
GCF_002569335.1	Bacillus cereus	Scaffold	current	5999991	174	SAMN07598533	Core; Other Plant	USA: NC		non_saline_candidate	
GCF_002570425.1	Bacillus cereus	Scaffold	current	6087148	129	SAMN07598235	plant core	USA: NC		non_saline_candidate	
GCF_002570485.1	Bacillus cereus	Scaffold	current	5681951	209	SAMN07598225	root	USA: IA	Corn	non_saline_candidate	
GCF_002570745.1	Bacillus cereus	Scaffold	current	5663783	67	SAMN07598240	plant core	USA: NC		non_saline_candidate	
GCF_002570845.1	Bacillus cereus	Scaffold	current	5754454	88	SAMN07598218	soil	USA: NC		non_saline_candidate	
GCF_002574175.1	Bacillus cereus	Scaffold	current	5821585	103	SAMN07598166	soil	USA: NY		non_saline_candidate	
GCF_002574635.1	Bacillus cereus	Scaffold	current	5705090	66	SAMN07598110	plant core	USA: NC		non_saline_candidate	
GCF_002574955.1	Bacillus cereus	Scaffold	current	5729747	113	SAMN07598127	plant core	USA: NC		non_saline_candidate	
GCF_002575135.1	Bacillus cereus	Scaffold	current	5795337	148	SAMN07598099	plant	USA: NC	Corn	non_saline_candidate	
GCF_002575205.1	Bacillus cereus	Scaffold	current	6124909	314	SAMN07598092	soil	USA: IA		non_saline_candidate	
GCF_002575275.1	Bacillus cereus	Scaffold	current	5500103	80	SAMN07598089	plant core	USA: NC		non_saline_candidate	
GCF_002575565.1	Bacillus cereus	Scaffold	current	5676291	103	SAMN07598063	plant	USA: NC	Soybean	non_saline_candidate	
GCF_002575635.1	Bacillus cereus	Scaffold	current	5329446	62	SAMN07598053	plant	USA: NC	Wheat	non_saline_candidate	
GCF_002575715.1	Bacillus cereus	Scaffold	current	6102431	560	SAMN07598045	soil	USA: NY		non_saline_candidate	
GCF_002575795.1	Bacillus cereus	Scaffold	current	5757647	130	SAMN07598041	plant core	USA: NC		non_saline_candidate	
GCF_002576065.1	Bacillus cereus	Scaffold	current	5729173	122	SAMN07598013	plant core	USA: NC		non_saline_candidate	
GCF_002576165.1	Bacillus cereus	Scaffold	current	5500769	79	SAMN07597997	plant core	USA: NC		non_saline_candidate	
GCF_002576225.1	Bacillus cereus	Scaffold	current	5449410	69	SAMN07597994	plant core	USA: NC		non_saline_candidate	
GCF_002576265.1	Bacillus cereus	Scaffold	current	5951304	99	SAMN07597989	soil	USA: IA		non_saline_candidate	
GCF_002576275.1	Bacillus cereus	Scaffold	current	5993491	563	SAMN07597988	root	USA: IA	Corn	non_saline_candidate	
GCF_002576395.1	Bacillus cereus	Scaffold	current	5764293	391	SAMN07597975	root	USA: MN	Soybean	non_saline_candidate	
GCF_002576445.1	Bacillus cereus	Scaffold	current	5731139	129	SAMN07597972	soil	USA: NY		non_saline_candidate	
GCF_002576465.1	Bacillus cereus	Scaffold	current	5927765	79	SAMN07597970	plant core	USA: NC		non_saline_candidate	
GCF_002576595.1	Bacillus cereus	Scaffold	current	5676727	133	SAMN07598055	soil	USA: NY		non_saline_candidate	
GCF_002576695.1	Bacillus cereus	Scaffold	current	5770844	100	SAMN07598033	plant core	USA: NC		non_saline_candidate	
GCF_002576865.1	Bacillus cereus	Scaffold	current	5759881	116	SAMN07598008	plant	USA: NC		non_saline_candidate	
GCF_002577115.1	Bacillus cereus	Scaffold	current	5629254	58	SAMN07597955	plant core	USA: NC		non_saline_candidate	
GCF_002577245.1	Bacillus cereus	Scaffold	current	6118865	475	SAMN07597949	plant core	USA: NC		non_saline_candidate	
GCF_002577285.1	Bacillus cereus	Scaffold	current	6084381	102	SAMN07597947	root	USA: MO	Soybean	non_saline_candidate	
GCF_002577335.1	Bacillus cereus	Scaffold	current	5680413	89	SAMN07597944	plant core	USA: NC		non_saline_candidate	
GCF_002577405.1	Bacillus cereus	Scaffold	current	5012122	62	SAMN07597937	plant	USA: NC	Tomato	non_saline_candidate	
GCF_002577415.1	Bacillus cereus	Scaffold	current	5986372	85	SAMN07597938	plant core	USA: NC		non_saline_candidate	
GCF_002577755.1	Bacillus cereus	Contig	current	6064591	125	SAMN07597917	plant core	USA: NC		non_saline_candidate	
GCF_002577895.1	Bacillus cereus	Scaffold	current	5887253	106	SAMN07597914	soil	USA: NY		non_saline_candidate	
GCF_002578195.1	Bacillus cereus	Scaffold	current	6007756	498	SAMN07597909	soil	USA: NC		non_saline_candidate	
GCF_002578325.1	Bacillus cereus	Scaffold	current	6019010	126	SAMN07597899	soil	USA: NC		non_saline_candidate	
GCF_002578425.1	Bacillus cereus	Scaffold	current	5789032	113	SAMN07597910	plant core	USA: NC		non_saline_candidate	
GCF_002578545.1	Bacillus cereus	Scaffold	current	6140580	129	SAMN07597908	soil	USA: NY		non_saline_candidate	
GCF_002578565.1	Bacillus cereus	Scaffold	current	5825733	120	SAMN07597903	plant core	USA: NC		non_saline_candidate	
GCF_002579585.1	Bacillus cereus	Scaffold	current	6433760	187	SAMN07598167	soil	USA: NY		non_saline_candidate	
GCF_002582445.1	Bacillus cereus	Scaffold	current	6010834	116	SAMN07597888	soil	USA: IA		non_saline_candidate	
GCF_002582935.1	Bacillus cereus	Scaffold	current	5759971	103	SAMN07597854	soil	USA: NC		non_saline_candidate	
GCF_002583305.1	Bacillus cereus	Scaffold	current	5294703	57	SAMN07597798	plant core	USA: NC		non_saline_candidate	
GCF_002583535.1	Bacillus cereus	Scaffold	current	6184419	124	SAMN07597791	root	USA: MN	Soybean	non_saline_candidate	
GCF_002584305.1	Bacillus cereus	Scaffold	current	5627186	61	SAMN07597857	plant core	USA: NC		non_saline_candidate	
GCF_002584765.1	Bacillus cereus	Scaffold	current	5740159	69	SAMN07597807	plant core	USA: NC		non_saline_candidate	
GCF_002585595.1	Bacillus cereus	Scaffold	current	6030816	90	SAMN07597866	plant core	USA: NC		non_saline_candidate	
GCF_002585695.1	Bacillus cereus	Scaffold	current	5270486	109	SAMN07597849	plant	USA: NC	Oats	non_saline_candidate	
GCF_002585905.1	Bacillus cereus	Scaffold	current	5424615	120	SAMN07597815	plant core	USA: NC		non_saline_candidate	
GCF_002586275.1	Bacillus cereus	Scaffold	current	5062610	335	SAMN07597796	plant	USA: IN	Weed	non_saline_candidate	
GCF_002586285.1	Bacillus cereus	Scaffold	current	5974106	119	SAMN07597786	root	USA: MN	Soybean	non_saline_candidate	
GCF_002589745.1	Bacillus cereus	Scaffold	current	6426240	255	SAMN07597785	soil	USA: NY		non_saline_candidate	
GCF_003122725.1	Bacillus cereus	Scaffold	current	5746486	40	SAMN06337868	soil	Argentina: Cordoba, Oncativo		non_saline_candidate	
GCF_003332225.1	Bacillus cereus	Contig	current	5665014	142	SAMN05953341	soil	Brazil: Santana hill in Porto Alegre		non_saline_candidate	
GCF_003586605.1	Bacillus cereus	Contig	current	5607070	68	SAMN08272083	soil	India: Majuli River Island, Assam		non_saline_candidate	
GCF_004006495.1	Bacillus cereus	Complete Genome	current	5466652	1	SAMN09652006		China	soil	non_saline_candidate	
GCF_004681985.1	Bacillus cereus	Contig	current	5815584	79	SAMN08643257	soil	China		non_saline_candidate	
GCF_006151815.1	Bacillus cereus	Contig	current	5768955	52	SAMN11936627	root of coffee	Viet Nam		non_saline_candidate	
GCF_006349585.1	Bacillus cereus	Contig	current	5319678	102	SAMN11964684	root	Viet Nam	black pepper plant	non_saline_candidate	
GCF_006349695.2	Bacillus cereus	Contig	current	6195299	363	SAMN11964663	black pepper plant rhizosphere	Viet Nam		non_saline_candidate	
GCF_006349715.2	Bacillus cereus	Complete Genome	current	5885310	3	SAMN11959879	root	Viet Nam	coffee	non_saline_candidate	
GCF_006349735.2	Bacillus cereus	Complete Genome	current	5751928	3	SAMN11960211	root	Viet Nam	black pepper plant	non_saline_candidate	
GCF_006349775.1	Bacillus cereus	Contig	current	5604011	42	SAMN11962714	root	Viet Nam	black pepper plant	non_saline_candidate	
GCF_009497015.2	Bacillus cereus	Complete Genome	current	6347382	5	SAMN13111578	soil	Australia:Melbourne		non_saline_candidate	
GCF_011751555.1	Bacillus cereus	Scaffold	current	5946596	79	SAMN13865271	Soybean rhizosphere soil	China:hebei		non_saline_candidate	
GCF_013177495.2	Bacillus cereus	Complete Genome	current	5695148	3	SAMN14944756	soil	Namibia		non_saline_candidate	
GCF_013284425.1	Bacillus cereus	Contig	current	5796358	82	SAMN15002820	soil of Citrus sinensis plantation	Viet Nam: Cao Phong, Hoa Binh		non_saline_candidate	
GCF_013284445.1	Bacillus cereus	Contig	current	5869336	63	SAMN15006485	soil from maize field	Viet Nam: Phu An, Thanh Da, Phuc Tho		non_saline_candidate	
GCF_013284455.2	Bacillus cereus	Complete Genome	current	5739795	4	SAMN15002822	soil from tomato plant roots	Viet Nam: Hoai Duc, Ha Noi		non_saline_candidate	
GCF_013284505.2	Bacillus cereus	Complete Genome	current	5740353	4	SAMN15005018	soil from tomato plant	Viet Nam: Hoai Duc, Ha Noi		non_saline_candidate	
GCF_015845375.1	Bacillus cereus	Scaffold	current	5896147	107	SAMN03654312	soil	Germany		non_saline_candidate	
GCF_015845455.1	Bacillus cereus	Contig	current	5941878	44	SAMN03654315	kurkuma root	Thailand		non_saline_candidate	
GCF_016483205.1	Bacillus cereus	Contig	current	5575004	229	SAMN16950023	soil	Denmark		non_saline_candidate	
GCF_016483265.1	Bacillus cereus	Contig	current	5698396	565	SAMN16950024	soil	Denmark		non_saline_candidate	
GCF_016483285.1	Bacillus cereus	Contig	current	6474183	206	SAMN16950021	soil	Turkey		non_saline_candidate	
GCF_016483305.1	Bacillus cereus	Contig	current	6289752	543	SAMN16950020	soil	Turkey		non_saline_candidate	
GCF_016483355.1	Bacillus cereus	Contig	current	6542101	466	SAMN16950019	soil	Turkey		non_saline_candidate	
GCF_016483385.1	Bacillus cereus	Contig	current	5654998	153	SAMN16950016	soil	Turkey		non_saline_candidate	
GCF_016483425.1	Bacillus cereus	Contig	current	6235308	190	SAMN16950017	soil	Turkey		non_saline_candidate	
GCF_016483465.1	Bacillus cereus	Contig	current	6312659	545	SAMN16950014	soil	Turkey		non_saline_candidate	
GCF_016483475.1	Bacillus cereus	Contig	current	6258662	867	SAMN16950013	soil	Turkey		non_saline_candidate	
GCF_016483525.1	Bacillus cereus	Contig	current	5758577	215	SAMN16950010	soil	Serbia		non_saline_candidate	
GCF_016483615.1	Bacillus cereus	Contig	current	5897890	132	SAMN16950007	soil	Hungary		non_saline_candidate	
GCF_016483645.1	Bacillus cereus	Contig	current	5620110	191	SAMN16950004	soil	Switzerland		non_saline_candidate	
GCF_016483665.1	Bacillus cereus	Contig	current	5693490	271	SAMN16950003	soil	Switzerland		non_saline_candidate	
GCF_016483765.1	Bacillus cereus	Contig	current	5610051	144	SAMN16949998	soil	Tunisia		non_saline_candidate	
GCF_016483835.1	Bacillus cereus	Contig	current	6190024	216	SAMN16949996	soil	Lithuania		non_saline_candidate	
GCF_016483925.1	Bacillus cereus	Contig	current	6564737	1302	SAMN16949995	soil	Lithuania		non_saline_candidate	
GCF_017356065.1	Bacillus cereus	Contig	current	5945881	198	SAMN18138757	root	South Africa	sunflower	non_saline_candidate	
GCF_018221535.1	Bacillus cereus	Contig	current	5331257	21	SAMN08094762	melon rhizosphere	Spain: Malaga		non_saline_candidate	
GCF_018499925.1	Bacillus cereus	Scaffold	current	5693661	145	SAMN19094386	soil	India: Bangalore		non_saline_candidate	
GCF_019990665.1	Bacillus cereus	Scaffold	current	6217338	51	SAMN21354379	soil	South Africa: Msukaligwa, Sheepmoor Village		non_saline_candidate	
GCF_020564905.1	Bacillus cereus	Contig	current	5301074	74	SAMN22356555	soil	China: An abandoned gold mine in Dongfang City, Hainan Province		non_saline_candidate	
GCF_020565025.1	Bacillus cereus	Contig	current	5722209	146	SAMN22357448	soil	China: An abandoned gold mine in Dongfang City, Hainan Province		non_saline_candidate	
GCF_021390375.1	Bacillus cereus	Scaffold	current	5160849	73	SAMN24492647	soil and waste water	Iran		non_saline_candidate	
GCF_021391515.1	Bacillus cereus	Complete Genome	current	6548342	9	SAMN24303850	Contaminated soil sample CPT56DS-C from Oak Ridge Reservation Area 3	USA: Tennessee, Oak Ridge Reservation (ORR)		non_saline_candidate	
GCF_021496685.1	Bacillus cereus	Chromosome	current	5231857	825	SAMN23576647	soil sample	India: JNU, New Delhi	Not applicable	non_saline_candidate	
GCF_022406835.1	Bacillus cereus	Chromosome	current	5269886	4	SAMN16418360	soil of feather dumping site	India: Dehradun, Uttarakhand		non_saline_candidate	
GCF_022458945.2	Bacillus cereus	Contig	current	5686025	70	SAMN23401942	deep soil layers	Russia: Yakutia		non_saline_candidate	
GCF_022625225.1	Bacillus cereus	Scaffold	current	6213840	112	SAMN26643023	soil	Mexico: San Nicolas de los Garza Nuevo Leon		non_saline_candidate	
GCF_022700995.1	Bacillus cereus	Complete Genome	current	6223221	4	SAMN16562415		China:zhengzhou	Soil in tiger area of zoo	non_saline_candidate	
GCF_023094015.1	Bacillus cereus	Complete Genome	current	5648783	3	SAMN27611792	dry soil	China:Qinghai		non_saline_candidate	
GCF_023516415.1	Bacillus cereus	Complete Genome	current	5743905	3	SAMN28410860	oil contaminated soil	China:Tianjin		non_saline_candidate	
GCF_024498915.1	Bacillus cereus	Complete Genome	current	5469923	4	SAMN25084267	soil	China:Gansu province		non_saline_candidate	
GCF_024584625.1	Bacillus cereus	Complete Genome	current	5329997	2	SAMN23575618	soil	China: Ziya Circular Economy Park		non_saline_candidate	
GCF_025000225.1	Bacillus cereus	Contig	current	5828069	63	SAMN30500940	plant rhizosphere	India		non_saline_candidate	
GCF_025502485.1	Bacillus cereus	Complete Genome	current	6093380	3	SAMN30959809	soil	South Korea:Buyeo		non_saline_candidate	
GCF_025630945.1	Bacillus cereus	Contig	current	6093600	5	SAMN30959578	soil	South Korea:Sunchang		non_saline_candidate	
GCF_025917685.1	Bacillus cereus	Complete Genome	current	5226893	1	SAMN23897437	soil	China: Beijing		non_saline_candidate	
GCF_026794395.1	Bacillus cereus	Scaffold	current	6069380	277	SAMN25999661	soil	not collected		non_saline_candidate	
GCF_027886045.1	Bacillus cereus	Contig	current	5717606	80	SAMN32413351	soil	India: Cheloor, Kerala		non_saline_candidate	
GCF_028548285.1	Bacillus cereus	Contig	current	6093667	4	SAMN32902181	soil	South Korea:Sunchang		non_saline_candidate	
GCF_028548325.1	Bacillus cereus	Contig	current	5737594	2	SAMN32902175	soil	South Korea:Sunchang		non_saline_candidate	
GCF_028550565.1	Bacillus cereus	Contig	current	5711651	3	SAMN32934954	soil	South Korea:Sunchang		non_saline_candidate	
GCF_028649415.1	Bacillus cereus	Contig	current	5617938	90	SAMN33187837	soil	India: Villiseri, kovilpatti		non_saline_candidate	
GCF_029289385.1	Bacillus cereus	Contig	current	5842177	36	SAMN20166713	rhizosphere	Uruguay	soybean	non_saline_candidate	
GCF_029866405.1	Bacillus cereus	Scaffold	current	5101470	52	SAMN34240619	soil	China: Nanjing		non_saline_candidate	
GCF_030067855.1	Bacillus cereus	Complete Genome	current	5797334	3	SAMN35055521	soil	Namibia: Etosha	not applicable	non_saline_candidate	
GCF_030067875.1	Bacillus cereus	Complete Genome	current	5364591	2	SAMN35055520	soil	Namibia: Etosha	not applicable	non_saline_candidate	
GCF_030291955.1	Bacillus cereus	Complete Genome	current	5332520	3	SAMN34374863	grassland soil	Denmark: Jaegersborg Dyrehave		non_saline_candidate	
GCF_030291975.1	Bacillus cereus	Chromosome	current	5761955	5	SAMN34374869	grassland soil	Denmark: Jaegersborg Dyrehave		non_saline_candidate	
GCF_030348245.1	Bacillus cereus	Contig	current	5281980	7	SAMN34375040	rhizosphere soil	China: Yuxi, Yunnan Province		non_saline_candidate	
GCF_030348675.1	Bacillus cereus	Contig	current	5744840	6	SAMN34374867	grassland soil	Denmark: Jaegersborg Dyrehave		non_saline_candidate	
GCF_030412285.1	Bacillus cereus	Scaffold	current	5569359	40	SAMN35999014	rhizosphere	Brazil: Iranduba, Manaus		non_saline_candidate	
GCF_030433955.1	Bacillus cereus	Contig	current	6074455	5	SAMN36290610	soil	South Korea:Gochang		non_saline_candidate	
GCF_030848645.1	Bacillus cereus	Contig	current	5929669	4	SAMN23475020	wheat field soil	Israel		non_saline_candidate	
GCF_030848685.1	Bacillus cereus	Contig	current	6018030	3	SAMN24582698	wheat field soil	Israel		non_saline_candidate	
GCF_031216075.1	Bacillus cereus	Complete Genome	current	5765658	6	SAMN24582794	root surface	Israel	Moringa oleifera	non_saline_candidate	
GCF_031324075.1	Bacillus cereus	Contig	current	5179435	27	SAMN34374899	semidesertic area with dry sandy soils, around 15 cm from the trunk of a peach tree (5 cm deep)	Mexico: Tehuacan, Puebla		non_saline_candidate	
GCF_032145515.1	Bacillus cereus	Complete Genome	current	5638441	3	SAMN36942558		South Korea	Plant	non_saline_candidate	
GCF_032670505.1	Bacillus cereus	Scaffold	current	5257066	58	SAMN37322362	soil	Thailand		non_saline_candidate	
GCF_033436795.1	Bacillus cereus	Contig	current	5358796	53	SAMN38055767	soil	Thailand		non_saline_candidate	
GCF_034078685.1	Bacillus cereus	Complete Genome	current	6097808	2	SAMN38257993	soil	China		non_saline_candidate	
GCF_035064965.1	Bacillus cereus	Contig	current	5851021	547	SAMN38245997	roots	Russia:Uryupinsk	Populus alba	non_saline_candidate	
GCF_035065085.1	Bacillus cereus	Contig	current	5404062	90	SAMN38245992	roots	Russia:Samur forest	Populus alba	non_saline_candidate	
GCF_036408805.1	Bacillus cereus	Contig	current	5971997	10	SAMN39605383	root	Poland: Lask	Galium aparine L.	non_saline_candidate	
GCF_036621195.1	Bacillus cereus	Contig	current	5275460	130	SAMN37915371	roots	Tunisia: Mednine	Peganum harmala	non_saline_candidate	
GCF_036621395.1	Bacillus cereus	Contig	current	5232427	49	SAMN37235698	roots	Tunisia: Mednine	Nitraria retusa	non_saline_candidate	
GCF_036763645.1	Bacillus cereus	Contig	current	5729216	59	SAMN39953809	soil	Tunisia: semi-arid region	Not applicable	non_saline_candidate	
GCF_036881785.1	Bacillus cereus	Contig	current	5727537	61	SAMN39971232	soil	Tunisia: semi-arid region	Not applicable	non_saline_candidate	
GCF_038116635.1	Bacillus cereus	Contig	current	6067368	236	SAMN26011201	soil	Poland: Swietochlowice	Tussilago farfara	non_saline_candidate	
GCF_040210495.1	Bacillus cereus	Complete Genome	current	5772068	5	SAMN41661183	soil	China:Shanghai		non_saline_candidate	
GCF_040268315.1	Bacillus cereus	Complete Genome	current	5395922	2	SAMN41860332	soil	China: Hubei		non_saline_candidate	
GCF_040937925.1	Bacillus cereus	Complete Genome	current	5806667	4	SAMN42341497	tobacco rhizosphere soil	China: Enshi	soil	non_saline_candidate	
GCF_040959295.1	Bacillus cereus	Complete Genome	current	6175153	5	SAMN42602167	soil	China: Fuyu		non_saline_candidate	
GCF_042535225.1	Bacillus cereus	Contig	current	7016826	799	SAMN42206399	soil	Mexico		non_saline_candidate	
GCF_044783125.1	Bacillus cereus	Contig	current	5343750	35	SAMN44580889	root	Russia: Krasnodar territory, Pavlovsky district	wheat	non_saline_candidate	
GCF_045376195.1	Bacillus cereus	Contig	current	5345691	78	SAMN43766424	soil	China		non_saline_candidate	
GCF_045376215.1	Bacillus cereus	Contig	current	5204946	51	SAMN43766422	soil	China		non_saline_candidate	
GCF_045376235.1	Bacillus cereus	Contig	current	5270038	67	SAMN43766280	soil	China		non_saline_candidate	
GCF_045376245.1	Bacillus cereus	Contig	current	5735486	71	SAMN43766423	soil	China		non_saline_candidate	
GCF_045376285.1	Bacillus cereus	Contig	current	5460789	78	SAMN43766421	soil	China		non_saline_candidate	
GCF_048824055.1	Bacillus cereus	Contig	current	5825382	91	SAMN47426705	medicinal plant	India: Noida		non_saline_candidate	
GCF_050171705.1	Bacillus cereus	Contig	current	6051230	84	SAMN48146553	bone from soil	Russia: a suburb of Nizhny Novgorod		non_saline_candidate	
GCF_050171785.1	Bacillus cereus	Contig	current	6068873	74	SAMN48146551	soil	Russia: a suburb of Nizhny Novgorod		non_saline_candidate	
GCF_050510835.1	Bacillus cereus	Scaffold	current	4883650	69	SAMN48155366	rhizosphere	China:Yunnan	Zea mays	non_saline_candidate	
GCF_050510875.1	Bacillus cereus	Scaffold	current	5631616	74	SAMN48155365	rhizosphere	China:Shandong	Zea mays	non_saline_candidate	
GCF_050629265.1	Bacillus cereus	Contig	current	6450521	236	SAMN43795149	soil	Belgium: Louvain-La-Neuve		non_saline_candidate	
GCF_050629305.1	Bacillus cereus	Contig	current	6133529	222	SAMN43795147	soil	Belgium: Louvain-La-Neuve		non_saline_candidate	
GCF_050629325.1	Bacillus cereus	Contig	current	6915565	245	SAMN43795146	soil	Belgium: Louvain-La-Neuve		non_saline_candidate	
GCF_052122615.1	Bacillus cereus	Complete Genome	current	5645515	3	SAMN50572158	soil	China:Xinjiang		non_saline_candidate	
GCF_052748585.1	Bacillus cereus	Contig	current	5479741	96	SAMN51302443	soil from community dumpsite	South Africa: KwaZulu-Natal Durban		non_saline_candidate	
GCF_053291905.1	Bacillus cereus	Complete Genome	current	5786006	2	SAMN50033524	Cypress rhizosphere soil	China:Beijing		non_saline_candidate	
GCF_053894975.1	Bacillus cereus	Contig	current	5336834	215	SAMN53301951	roots	Bangladesh	Oryza sativa	non_saline_candidate	
GCF_054182725.1	Bacillus cereus	Contig	current	5403645	64	SAMN54133049	plant roots in dioxin-contaminated soil area	Viet Nam: Phu Cat airport		non_saline_candidate	
GCF_054850195.1	Bacillus cereus	Complete Genome	current	5389775	1	SAMN54727843	rhizosphere soil of rice	China:Changsha		non_saline_candidate	
GCF_055388895.1	Bacillus cereus	Complete Genome	current	6107042	7	SAMD01611175	soil	Japan		non_saline_candidate	
GCF_055419165.1	Bacillus cereus	Contig	current	5547101	51	SAMN55391293	heavy metal leachate-contaminated soil	Mexico: Queretaro		non_saline_candidate	
GCF_055793445.1	Bacillus cereus	Complete Genome	current	5905554	6	SAMN54896198	rhizosphere soil of tea plant	China		non_saline_candidate	
GCF_002224345.1	Bacillus cereus C1L	Complete Genome	current	6047547	4	SAMN07357037	rhizosphere	Taiwan: Taroko National Park, Hualien		non_saline_candidate	
GCF_045287585.1	Bacillus cereus ATCC 14579	Complete Genome	current	5444563	2	SAMN38051912	soil	unknown		non_saline_candidate	
GCF_056110205.1	Bacillus cereus	Complete Genome	current	5422972	1	SAMN54472062	soil	China: Beijing		non_saline_candidate	
GCF_056431345.1	Bacillus cereus	Scaffold	current	5703351	38	SAMN54756674	root	China: Baoding	Ambrosia artemisiifolia	non_saline_candidate	
GCF_056674915.1	Bacillus cereus	Contig	current	5733760	878	SAMN49909478	soil rhizosphere	Pakistan: Lahore	Medicinal plants	non_saline_candidate	
GCF_000504145.1	Bacillus cihuensis	Scaffold	current	5443019	43	SAMN02469794	soil sample from grass	China: Fujian		non_saline_candidate	
GCF_000746925.1	Bacillus clarus	Contig	current	5875917	12	SAMN02739899	soil	Papua New Guinea		non_saline_candidate	
GCF_003428195.1	Bacillus clarus	Scaffold	current	5783088	229	SAMN09856751	soil	Papua New Guinea		non_saline_candidate	
GCF_016483175.1	Bacillus cereus group sp. N34	Contig	current	5631503	95	SAMN16950027	soil	Belgium		non_saline_candidate	
GCF_016483245.1	Bacillus cereus group sp. N31	Contig	current	5981272	144	SAMN16950025	soil	Austria		non_saline_candidate	
GCF_016483295.1	Bacillus cereus group sp. N28	Contig	current	5981439	191	SAMN16950022	soil	Turkey		non_saline_candidate	
GCF_016483345.1	Bacillus cereus group sp. N24	Contig	current	6066427	185	SAMN16950018	soil	Turkey		non_saline_candidate	
GCF_016483395.1	Bacillus cereus group sp. N21	Contig	current	6007118	477	SAMN16950015	soil	Turkey		non_saline_candidate	
GCF_016483445.1	Bacillus cereus group sp. N17	Contig	current	6203587	210	SAMN16950011	soil	Serbia		non_saline_candidate	
GCF_016483455.1	Bacillus cereus group sp. N18	Contig	current	5961073	219	SAMN16950012	soil	Serbia		non_saline_candidate	
GCF_016483545.1	Bacillus cereus group sp. N15	Contig	current	6007448	181	SAMN16950009	soil	Serbia		non_saline_candidate	
GCF_016483555.1	Bacillus cereus group sp. N14	Contig	current	5666161	157	SAMN16950008	soil	Hungary		non_saline_candidate	
GCF_016483575.1	Bacillus cereus group sp. N12	Contig	current	5986747	320	SAMN16950006	soil	Hungary		non_saline_candidate	
GCF_016483605.1	Bacillus cereus group sp. N11	Contig	current	5995015	129	SAMN16950005	soil	Hungary		non_saline_candidate	
GCF_016483685.1	Bacillus cereus group sp. N8	Contig	current	5944154	253	SAMN16950002	soil	Slovenia		non_saline_candidate	
GCF_016483705.1	Bacillus cereus group sp. N6	Contig	current	5990191	397	SAMN16950000	soil	Netherlands		non_saline_candidate	
GCF_016483785.1	Bacillus cereus group sp. N3	Contig	current	5835961	214	SAMN16949997	soil	Tunisia		non_saline_candidate	
GCF_050524305.1	Bacillus cereus group sp. IBL03679	Scaffold	current	6908876	28	SAMN48098167	soil	USA: Maryland, Clarksburg		non_saline_candidate	
GCF_000559105.1	Bacillus haynesii	Contig	current	4497820	194	SAMN02210741	soil	Pakistan		non_saline_candidate	
GCF_000695465.1	Bacillus licheniformis	Contig	current	4194413	40	SAMN02678191	soil	China		non_saline_candidate	
GCF_001278705.1	Bacillus gobiensis	Chromosome	current	4597707	4	SAMN04009091	soil	China:Jiangxi		non_saline_candidate	
GCF_001517105.1	Bacillus halotolerans	Contig	current	4072732	14	SAMN04358094	soil	Morocco:desert		non_saline_candidate	
GCF_001637525.1	Bacillus halotolerans	Scaffold	current	4090772	5	SAMN04544317	soil	Germany		non_saline_candidate	
GCF_001642595.1	Bacillus licheniformis	Scaffold	current	4154962	28	SAMN04395482	soil	Czech Republic:Nerartovice		non_saline_candidate	
GCF_001969855.1	Bacillus haynesii	Scaffold	current	4378519	77	SAMN06102002	soil	Israel: Evolution canyon, arroyo at canyon bottom		non_saline_candidate	
GCF_002993735.1	Bacillus halotolerans	Contig	current	4132653	139	SAMN08640357	Rhizosphere of wheat plant	Algeria: Setif		non_saline_candidate	
GCF_002993745.1	Bacillus halotolerans	Contig	current	4094877	52	SAMN08640360	roots	Tunisia: Agareb	Limoniastrum monopetalum	non_saline_candidate	
GCF_002993765.1	Bacillus halotolerans	Contig	current	4152643	175	SAMN08640358	roots	Tunisia: Agareb	Limoniastrum monopetalum	non_saline_candidate	
GCF_002998215.1	Bacillus halotolerans	Scaffold	current	4081660	35	SAMN08634194	soil	China: Tibet		non_saline_candidate	
GCF_002998275.1	Bacillus halotolerans	Scaffold	current	4170205	26	SAMN08634207	soil	China: Tibet		non_saline_candidate	
GCF_013179555.1	Bacillus haikouensis	Scaffold	current	4678913	642	SAMN14989803	root	Greece:Crete	Crithmum maritimum	non_saline_candidate	
GCF_013349925.1	Bacillus glycinifermentans	Scaffold	current	4700692	84	SAMN12124961	soil	Pakistan: Karachi		non_saline_candidate	
GCF_016093395.1	Bacillus halotolerans	Chromosome	current	4087194	2	SAMN17013070	Geothermal soil	USA: Wyoming	Pisolithus arhizus	non_saline_candidate	
GCF_016767285.1	Bacillus halotolerans	Scaffold	current	4054787	11	SAMN16949413	roots, endophytic	Greece: Agricultural University of Athens	Nigella sativa	non_saline_candidate	
GCF_019149305.1	Bacillus halotolerans	Contig	current	4141101	63	SAMN17207826	rhizosphere soil	India		non_saline_candidate	
GCF_019598985.1	Bacillus inaquosorum	Chromosome	current	4136264	1	SAMN20567150	Rhizospheric soil from Cenchrus ciliaris	Pakistan: Cholistan desert, Bahawalpur	Cenchrus ciliaris	non_saline_candidate	
GCF_020682985.1	Bacillus halotolerans	Contig	current	4058484	29	SAMN22498407	rhizospheric soil	Pakistan		non_saline_candidate	
GCF_022748655.1	Bacillus haynesii	Contig	current	4447130	117	SAMN26307985	soil	Saudi Arabia: Al Wahbah crater		non_saline_candidate	
GCF_023022945.1	Bacillus glycinifermentans	Complete Genome	current	4346570	1	SAMN27512390	Chernozemic soil	Russia: Kazan		non_saline_candidate	
GCF_024266605.1	Bacillus halotolerans	Complete Genome	current	4095140	1	SAMN29515135	soil	China:Beijing		non_saline_candidate	
GCF_024266645.1	Bacillus halotolerans	Complete Genome	current	4280526	1	SAMN29515286	American ginseng Root	China:Shandong		non_saline_candidate	
GCF_024510645.1	Bacillus halotolerans	Complete Genome	current	4141155	1	SAMN29930872	soil	China:Shandong		non_saline_candidate	
GCF_024706235.1	Bacillus halotolerans	Contig	current	4048647	64	SAMN29005956	rhizospheric soil	Peru	Phaseolus vulgaris	non_saline_candidate	
GCF_026013885.1	Bacillus halotolerans	Complete Genome	current	4175808	1	SAMN31494998		China: Baoding	plant	non_saline_candidate	
GCF_026793205.1	Bacillus inaquosorum	Scaffold	current	4175854	35	SAMN25999702	soil	not collected		non_saline_candidate	
GCF_026793275.1	Bacillus inaquosorum	Scaffold	current	4149635	48	SAMN25999701	soil	not collected		non_saline_candidate	
GCF_026793285.1	Bacillus inaquosorum	Scaffold	current	4340953	56	SAMN25999700	soil	not collected		non_saline_candidate	
GCF_026793495.1	Bacillus inaquosorum	Scaffold	current	4215618	29	SAMN25999687	soil	not collected		non_saline_candidate	
GCF_026793525.1	Bacillus inaquosorum	Scaffold	current	4209366	22	SAMN25999688	soil	not collected		non_saline_candidate	
GCF_026793575.1	Bacillus inaquosorum	Scaffold	current	4161260	35	SAMN25999686	soil	not collected		non_saline_candidate	
GCF_026793595.1	Bacillus inaquosorum	Scaffold	current	4181036	24	SAMN25999682	soil	not collected		non_saline_candidate	
GCF_026793655.1	Bacillus inaquosorum	Scaffold	current	4148467	14	SAMN25999683	soil	not collected		non_saline_candidate	
GCF_026793695.1	Bacillus inaquosorum	Scaffold	current	4178786	26	SAMN25999680	soil	not collected		non_saline_candidate	
GCF_026794505.1	Bacillus halotolerans	Scaffold	current	4015135	82	SAMN25999655	soil	not collected		non_saline_candidate	
GCF_026794635.1	Bacillus inaquosorum	Contig	current	4296786	63	SAMN25999650	soil	not collected		non_saline_candidate	
GCF_026967595.1	Bacillus halotolerans	Complete Genome	current	4404030	2	SAMN32106085	Sweet potato rhizosphere soil	China:Shandong		non_saline_candidate	
GCF_030123205.1	Bacillus halotolerans	Complete Genome	current	4252134	1	SAMN34374967	rhizosphere soil	China: Longnan, Gansu Province		non_saline_candidate	
GCF_030128945.2	Bacillus inaquosorum	Complete Genome	current	4200707	1	SAMN35027563	soil	Mexico: Reynosa		non_saline_candidate	
GCF_030167075.1	Bacillus halotolerans	Complete Genome	current	4091749	1	SAMN34374898	semidesertic area with dry sandy soils, around 15 cm from the trunk of a peach tree (5 cm deep)	Mexico: Tehuacan, Puebla		non_saline_candidate	
GCF_030292055.1	Bacillus halotolerans	Complete Genome	current	4223135	2	SAMN34374963	rhizosphere soil	China: Kaifeng, Henan Province		non_saline_candidate	
GCF_030348325.1	Bacillus hominis	Contig	current	5526302	5	SAMN34374914	field soil	Germany: Heida		non_saline_candidate	
GCF_030348535.1	Bacillus hominis	Contig	current	5557385	6	SAMN34374908	field soil	Germany: Heida		non_saline_candidate	
GCF_030348585.1	Bacillus hominis	Contig	current	5499162	4	SAMN34374907	field soil	Germany: Heida		non_saline_candidate	
GCF_030418985.1	Bacillus glycinifermentans	Complete Genome	current	4651579	1	SAMN36290609	soil	South Korea:Gochang		non_saline_candidate	
GCF_032763365.1	Bacillus halotolerans	Complete Genome	current	4155130	1	SAMN37729246	endophyte from hree year continuous cropping of potato root	China: Inner Mongolia	potato	non_saline_candidate	
GCF_033568485.1	Bacillus halotolerans	Complete Genome	current	4208811	1	SAMN36977584	soil	China: Inner Mongolia		non_saline_candidate	
GCF_035804155.1	Bacillus halotolerans	Scaffold	current	4154375	41	SAMN32927361	soil	Israel: Evolution Canyon		non_saline_candidate	
GCF_035804175.1	Bacillus halotolerans	Scaffold	current	4007909	24	SAMN32927356	soil	Israel: Evolution Canyon		non_saline_candidate	
GCF_035807775.1	Bacillus inaquosorum	Contig	current	4145890	19	SAMN33940679	soil sample	USA		non_saline_candidate	
GCF_035809715.1	Bacillus haynesii	Scaffold	current	4373622	30	SAMN33940568	soil	USA		non_saline_candidate	
GCF_035809735.1	Bacillus haynesii	Scaffold	current	4367096	52	SAMN33940567	soil	USA		non_saline_candidate	
GCF_035809775.1	Bacillus haynesii	Scaffold	current	4505041	48	SAMN33940565	soil	USA		non_saline_candidate	
GCF_035809795.1	Bacillus haynesii	Scaffold	current	4343280	38	SAMN33940563	soil	USA		non_saline_candidate	
GCF_035809835.1	Bacillus haynesii	Scaffold	current	4429214	39	SAMN33940562	soil	USA		non_saline_candidate	
GCF_035809855.1	Bacillus haynesii	Scaffold	current	4270503	27	SAMN33940561	soil	USA		non_saline_candidate	
GCF_035809875.1	Bacillus haynesii	Scaffold	current	4205925	25	SAMN33940560	soil	USA		non_saline_candidate	
GCF_035809895.1	Bacillus haynesii	Scaffold	current	4251728	23	SAMN33940559	soil	USA		non_saline_candidate	
GCF_035809915.1	Bacillus haynesii	Scaffold	current	4329818	21	SAMN33940558	soil	USA		non_saline_candidate	
GCF_035809935.1	Bacillus haynesii	Scaffold	current	4205414	22	SAMN33940557	soil	USA		non_saline_candidate	
GCF_035809955.1	Bacillus haynesii	Scaffold	current	4367995	33	SAMN33940555	soil	USA		non_saline_candidate	
GCF_035809975.1	Bacillus haynesii	Scaffold	current	4342338	21	SAMN33940556	soil	USA		non_saline_candidate	
GCF_035810015.1	Bacillus haynesii	Scaffold	current	4291832	27	SAMN33940554	soil	USA		non_saline_candidate	
GCF_035810455.1	Bacillus haynesii	Scaffold	current	4223925	22	SAMN33940530	soil	USA		non_saline_candidate	
GCF_035810475.1	Bacillus haynesii	Scaffold	current	4295028	28	SAMN33940531	soil	USA		non_saline_candidate	
GCF_035810495.1	Bacillus haynesii	Scaffold	current	4333688	54	SAMN33940529	soil	USA		non_saline_candidate	
GCF_035810535.1	Bacillus haynesii	Scaffold	current	4253588	28	SAMN33940528	soil	USA		non_saline_candidate	
GCF_035810555.1	Bacillus haynesii	Scaffold	current	4504050	23	SAMN33940527	soil	USA		non_saline_candidate	
GCF_035810695.1	Bacillus halotolerans	Scaffold	current	4263762	45	SAMN33940518	soil	USA		non_saline_candidate	
GCF_035810705.1	Bacillus halotolerans	Scaffold	current	4079517	28	SAMN33940519	soil	USA		non_saline_candidate	
GCF_035810855.1	Bacillus halotolerans	Scaffold	current	3988357	38	SAMN33940511	soil	Tunisia		non_saline_candidate	
GCF_035811155.1	Bacillus halotolerans	Scaffold	current	4244191	45	SAMN33940496	soil	USA		non_saline_candidate	
GCF_035818335.1	Bacillus glycinifermentans	Scaffold	current	4357213	21	SAMN33940747	soil	not collected		non_saline_candidate	
GCF_035822595.1	Bacillus halotolerans	Scaffold	current	4216228	31	SAMN33940736	soil	India		non_saline_candidate	
GCF_035823075.1	Bacillus inaquosorum	Scaffold	current	4196007	35	SAMN33940724	soil	USA		non_saline_candidate	
GCF_036210455.1	Bacillus inaquosorum	Scaffold	current	4172692	23	SAMN32927353	soil	Israel: Evolution Canyon		non_saline_candidate	
GCF_036289505.1	Bacillus glycinifermentans	Contig	current	4465826	119	SAMN35102887	rhizosphere	Tunisia	palm	non_saline_candidate	
GCF_040256795.1	Bacillus halotolerans	Chromosome	current	4214739	28	SAMN41599398	rhizosphere	Morocco	Olea europaea	non_saline_candidate	
GCF_040900605.1	Bacillus halotolerans	Contig	current	4181879	23	SAMN39853689	soil	China:Shenyang		non_saline_candidate	
GCF_041222785.1	Bacillus halotolerans	Complete Genome	current	4220890	1	SAMN43028438	rhizosphere soil	China: Weinan town, Shaanxi Province		non_saline_candidate	
GCF_044901705.1	Bacillus halotolerans	Contig	current	3771800	41	SAMN44596380	root	Russia: Krasnodar territory, Krylovskoy district	wheat	non_saline_candidate	
GCF_047302545.1	Bacillus inaquosorum	Complete Genome	current	4245627	1	SAMN44627544	root	USA:Tucson	Lactuca serriola	non_saline_candidate	
GCF_050457205.1	Bacillus inaquosorum	Contig	current	4220672	31	SAMN41009415	soil	USA: Joshua Tree National Monument, California		non_saline_candidate	
GCF_050463925.1	Bacillus haynesii	Contig	current	4194527	27	SAMN41009188	soil	USA: Tumanoc Hill, Arizona		non_saline_candidate	
GCF_050464905.1	Bacillus halotolerans	Contig	current	4130129	43	SAMN41009162	soil	USA: Tumonoc Hill, Arizona		non_saline_candidate	
GCF_050465025.1	Bacillus inaquosorum	Contig	current	4374544	30	SAMN41009159	soil	USA: Death Valley, California		non_saline_candidate	
GCF_050465465.1	Bacillus haynesii	Scaffold	current	4237536	24	SAMN41009149	soil	USA: Death Valley, California		non_saline_candidate	
GCF_050465925.1	Bacillus inaquosorum	Scaffold	current	4184892	31	SAMN41009136	soil	Not Collected		non_saline_candidate	
GCF_050478545.1	Bacillus gobiensis	Contig	current	4651696	48	SAMN41009735	soil	USA: Utah		non_saline_candidate	
GCF_050478565.1	Bacillus gobiensis	Contig	current	4691615	54	SAMN41009734	soil	USA: Utah		non_saline_candidate	
GCF_050478585.1	Bacillus gobiensis	Contig	current	4718614	71	SAMN41009733	soil	USA: Utah		non_saline_candidate	
GCF_050478605.1	Bacillus gobiensis	Contig	current	4639617	57	SAMN41009732	soil	USA: Utah		non_saline_candidate	
GCF_051487605.1	Bacillus inaquosorum	Contig	current	4355302	31	SAMN19781423	root nodules	Saudi Arabia: Jizan	Indigofera argentea Burm.f.	non_saline_candidate	
GCF_051788185.1	Bacillus halotolerans	Complete Genome	current	4194164	1	SAMN50046656	soil	China:Xinjiang		non_saline_candidate	
GCF_052585365.1	Bacillus halotolerans	Contig	current	4175679	5	SAMN49947269	rhizosphere	Spain:Malaga	avacado	non_saline_candidate	
GCF_052585385.1	Bacillus halotolerans	Contig	current	4252782	6	SAMN49947362	rhizosphere	Spain:Malaga	avacado	non_saline_candidate	
GCF_052693045.1	Bacillus halotolerans	Contig	current	4151379	47	SAMN50786938	rhizospheric soil	India	Hippophae rhamnoides	non_saline_candidate	
GCF_053570985.1	Bacillus halotolerans	Contig	current	4118414	32	SAMN51205491	rhizosphere	Greece: Thrace, Orestiada	Solanum chilense	non_saline_candidate	
GCF_056393665.1	Bacillus halotolerans	Complete Genome	current	4092381	19	SAMN53136408	Changbai Mountain, forest humus soil	China:Jilin		non_saline_candidate	
GCF_056493705.1	Bacillus halotolerans	Complete Genome	current	4250820	1	SAMN56707214	soil	China: Xihe	environment	non_saline_candidate	
GCF_056519215.1	Bacillus halotolerans	Complete Genome	current	4072052	1	SAMN56607861	rhizosphere	Russia: Tatarstan, Vysokogorsky region		non_saline_candidate	
GCF_056833915.1	Bacillus halotolerans	Complete Genome	current	4223498	1	SAMN47806620	soil	China: Shandong, Zibo	Rhizopus	non_saline_candidate	
GCF_000260535.1	Bacillus licheniformis 5-2-D	Contig	current	4161258	46	SAMN02470889	soil			non_saline_candidate	
GCF_000260555.1	Bacillus licheniformis 10-1-A	Contig	current	4317010	31	SAMN02470888	soil	China		non_saline_candidate	
GCF_000724485.1	Bacillus methanolicus MGA3	Complete Genome	current	3425208	3	SAMN02899989	soil sample, enrichment culture methanol as carbon source	USA: Minnesota area		non_saline_candidate	
GCF_007855455.1	Bacillus licheniformis	Complete Genome	current	4201713	1	SAMN12368592	soil	South Korea		non_saline_candidate	
GCF_008923265.1	Bacillus mesophilum	Contig	current	4546704	23	SAMN12869503	soil sample	India		non_saline_candidate	
GCF_009965255.1	Bacillus licheniformis	Contig	current	4292816	34	SAMN13909444	soil	Brazil: Rio de Janiero		non_saline_candidate	
GCF_011008845.1	Bacillus mesophilus	Contig	current	4268431	26	SAMN14089839	volcanic soil	China	missing	non_saline_candidate	
GCF_020686785.1	Bacillus licheniformis	Contig	current	4176915	44	SAMN21358417	plant leaf	Tunisia: Bulla-Regia	Medicago truncatula	non_saline_candidate	
GCF_023278615.1	Bacillus methanolicus	Complete Genome	current	3560650	2	SAMN08291592	Well drained, deciduous river bank forest soil	USA: St. Paul, Minnesota		non_saline_candidate	
GCF_028532465.1	Bacillus licheniformis	Complete Genome	current	4252022	1	SAMN31807140	purple soil of Beibei District	China: Chongqing		non_saline_candidate	
GCF_029958265.1	Bacillus licheniformis	Contig	current	4113603	17	SAMN34496773	root nodules	USA: Florida	Roystonea regia	non_saline_candidate	
GCF_030284405.1	Bacillus licheniformis	Complete Genome	current	4238379	1	SAMN35669181	rhizosphere soil	China:Harbin		non_saline_candidate	
GCF_030348625.1	Bacillus licheniformis	Contig	current	4378208	9	SAMN34374874	grassland soil	Denmark: Jaegersborg Dyrehave		non_saline_candidate	
GCF_030520185.1	Bacillus licheniformis	Complete Genome	current	4296212	1	SAMN36471627	soil	Russia: republic of Tatarstan		non_saline_candidate	
GCF_031157615.1	Bacillus licheniformis	Contig	current	4427478	48	SAMN37209308	Garden soil	India: Maharashtra		non_saline_candidate	
GCF_035809655.1	Bacillus licheniformis	Scaffold	current	4171474	18	SAMN33940570	soil	USA		non_saline_candidate	
GCF_035809695.1	Bacillus licheniformis	Scaffold	current	4181685	20	SAMN33940569	soil	USA		non_saline_candidate	
GCF_035809755.1	Bacillus licheniformis	Scaffold	current	4076449	35	SAMN33940566	soil	USA		non_saline_candidate	
GCF_035809815.1	Bacillus licheniformis	Scaffold	current	4164332	17	SAMN33940564	soil	USA		non_saline_candidate	
GCF_035810415.1	Bacillus licheniformis	Scaffold	current	4076975	15	SAMN33940532	soil	USA		non_saline_candidate	
GCF_035822515.1	Bacillus licheniformis	Scaffold	current	4380044	75	SAMN33940739	soil	Canada		non_saline_candidate	
GCF_036209345.1	Bacillus mobilis	Scaffold	current	5292615	33	SAMN32927408	soil	Cote d'Ivoire		non_saline_candidate	
GCF_036209375.1	Bacillus mobilis	Scaffold	current	6268179	65	SAMN32927406	soil	Cote d'Ivoire		non_saline_candidate	
GCF_036209385.1	Bacillus mobilis	Scaffold	current	5283309	58	SAMN32927407	soil	Cote d'Ivoire		non_saline_candidate	
GCF_036209425.1	Bacillus mobilis	Scaffold	current	5135665	32	SAMN32927405	soil	Cote d'Ivoire		non_saline_candidate	
GCF_036209445.1	Bacillus mobilis	Scaffold	current	5687175	65	SAMN32927404	soil	Cote d'Ivoire		non_saline_candidate	
GCF_036209545.1	Bacillus mobilis	Scaffold	current	5720863	86	SAMN32927403	soil	Cote d'Ivoire		non_saline_candidate	
GCF_036209565.1	Bacillus mobilis	Scaffold	current	5773522	42	SAMN32927399	soil	Cote d'Ivoire		non_saline_candidate	
GCF_036210125.1	Bacillus licheniformis	Scaffold	current	4249726	43	SAMN32927371	soil	Israel: Evolution Canyon		non_saline_candidate	
GCF_036210145.1	Bacillus licheniformis	Scaffold	current	4284016	48	SAMN32927372	soil	Israel: Evolution Canyon		non_saline_candidate	
GCF_036210165.1	Bacillus licheniformis	Scaffold	current	4235440	40	SAMN32927369	soil	Israel: Evolution Canyon		non_saline_candidate	
GCF_036210185.1	Bacillus licheniformis	Scaffold	current	4336611	40	SAMN32927370	soil	Israel: Evolution Canyon		non_saline_candidate	
GCF_036210215.1	Bacillus licheniformis	Scaffold	current	4176370	27	SAMN32927366	soil	Israel: Evolution Canyon		non_saline_candidate	
GCF_036210315.1	Bacillus licheniformis	Scaffold	current	4301114	45	SAMN32927362	soil	Israel: Evolution Canyon		non_saline_candidate	
GCF_036212245.1	Bacillus licheniformis	Scaffold	current	4180214	25	SAMN32927262	soil	not collected		non_saline_candidate	
GCF_046619435.1	Bacillus licheniformis	Complete Genome	current	4332882	1	SAMN45893318	leaf and root of endophyte	United Arab Emirates: Al Ain	Citrullus colocynthis	non_saline_candidate	
GCF_046619505.1	Bacillus licheniformis	Complete Genome	current	4332882	1	SAMN45893311	root	United Arab Emirates: Al Ain	Citrullus colocynthis	non_saline_candidate	
GCF_048799685.1	Bacillus licheniformis	Contig	current	4743323	669	SAMN47310464	medicinal Plant	India	Humulus lupulus	non_saline_candidate	
GCF_049801175.1	Bacillus licheniformis	Contig	current	4363473	28	SAMN40604930	rhizosphere	Mexico: Yaqui Valley	wheat	non_saline_candidate	
GCF_049990405.1	Bacillus licheniformis	Complete Genome	current	4294578	1	SAMN48073764	root system of maize	China:Shandong		non_saline_candidate	
GCF_050445615.1	Bacillus mexicanus	Contig	current	4299957	27	SAMN40738003	roots	Tunisia	potato	non_saline_candidate	
GCF_051810305.1	Bacillus licheniformis	Scaffold	current	4163385	40	SAMN50276522	plant root samples	China: Nanjing		non_saline_candidate	
GCF_054182705.1	Bacillus licheniformis	Scaffold	current	4180775	19	SAMN54131381	rhizosphere	India	potato	non_saline_candidate	
GCF_055181215.1	Bacillus licheniformis	Complete Genome	current	4388988	1	SAMN55039096	soil	USA: California		non_saline_candidate	
GCF_056504695.1	Bacillus licheniformis	Complete Genome	current	4357622	1	SAMN56653603	Alkaline soil	China: Wuhan		non_saline_candidate	
GCF_977007745.1	Bacillus licheniformis	Complete Genome	current	4438024	1	SAMEA120226970	Petroleum hydrocarbon-degrading enrichment culture obtained through microcosm enrichment of a PHC-polluted soil: FR_PLO_05_A_M1	France		non_saline_candidate	
GCF_000832605.1	Bacillus mycoides	Complete Genome	current	5637053	4	SAMN03012838	soil	Unknown		non_saline_candidate	
GCF_000931375.1	Bacillus mycoides	Scaffold	current	5785403	131	SAMN03288106	Sunflower (Helianthus annuus) rhizosphere	Brazil: Rio Grande do Sul		non_saline_candidate	
GCF_001584325.1	Bacillus nakamurai	Contig	current	3689277	45	SAMN04450409	soil	Argentina: Tierra Del Fuego National Park		non_saline_candidate	
GCF_001584345.1	Bacillus nakamurai	Contig	current	3888259	40	SAMN04450410	soil	Argentina: Tierra Del Fuego National Park		non_saline_candidate	
GCF_001757785.1	Bacillus mycoides	Contig	current	5613531	113	SAMN04817074	Tomato rhizosphere	Germany:Goettingen		non_saline_candidate	
GCF_001757825.1	Bacillus mycoides	Contig	current	5581833	79	SAMN04817214	Tomato rhizosphere	Germany:Goettingen		non_saline_candidate	
GCF_001757835.1	Bacillus mycoides	Contig	current	5851729	156	SAMN04819585	Tomato rhizosphere	Germany:Goettingen		non_saline_candidate	
GCF_001757845.1	Bacillus mycoides	Contig	current	5846892	144	SAMN04819586	Tomato rhizosphere	Germany:Goettingen		non_saline_candidate	
GCF_001757875.1	Bacillus mycoides	Contig	current	5674772	128	SAMN04819589	Tomato rhizosphere	Germany:Goettingen		non_saline_candidate	
GCF_001757905.1	Bacillus mycoides	Contig	current	5625374	105	SAMN04819588	Tomato rhizosphere	Germany:Goettingen		non_saline_candidate	
GCF_001757915.1	Bacillus mycoides	Contig	current	5644579	117	SAMN04819580	Tomato rhizosphere	Germany:Goettingen		non_saline_candidate	
GCF_001757935.1	Bacillus mycoides	Contig	current	5597134	137	SAMN04819581	Tomato rhizosphere	Germany:Goettingen		non_saline_candidate	
GCF_001757965.1	Bacillus mycoides	Contig	current	5631989	118	SAMN04819583	Tomato rhizosphere	Germany:Goettingen		non_saline_candidate	
GCF_001757985.1	Bacillus mycoides	Contig	current	5675247	126	SAMN04819584	Tomato rhizosphere	Germany:Goettingen		non_saline_candidate	
GCF_001757995.1	Bacillus mycoides	Contig	current	5823728	143	SAMN04819587	Tomato rhizosphere	Germany:Goettingen		non_saline_candidate	
GCF_001758015.1	Bacillus mycoides	Contig	current	5642420	146	SAMN04819590	Tomato rhizosphere	Germany:Goettingen		non_saline_candidate	
GCF_001855755.1	Bacillus mycoides	Contig	current	5589181	150	SAMN04819582	Tomato rhizosphere	Germany:Goettingen		non_saline_candidate	
GCF_002104575.1	Bacillus mycoides	Complete Genome	current	6558090	9	SAMN06706669	soil	China:Zhuaxixiulong township, Tianzhu county, Wuwei city.		non_saline_candidate	
GCF_002118175.1	Bacillus mycoides	Contig	current	5948174	88	SAMN06127748	soil	Netherlands		non_saline_candidate	
GCF_002118185.1	Bacillus mycoides	Contig	current	5747467	73	SAMN06127749	soil	Netherlands		non_saline_candidate	
GCF_002118195.1	Bacillus mycoides	Contig	current	5743511	73	SAMN06127746	soil	Netherlands		non_saline_candidate	
GCF_002118205.1	Bacillus mycoides	Scaffold	current	5978754	285	SAMN06127738	soil	Netherlands		non_saline_candidate	
GCF_002146775.1	Bacillus mycoides	Contig	current	5673703	66	SAMN05934525	soil	Spain		non_saline_candidate	
GCF_002554935.1	Bacillus mycoides	Scaffold	current	5810988	131	SAMN07597471	soil	USA: NY		non_saline_candidate	
GCF_002568935.1	Bacillus mycoides	Scaffold	current	5633378	88	SAMN07598413	plant core	USA: NC		non_saline_candidate	
GCF_002569385.1	Bacillus mycoides	Scaffold	current	5581213	96	SAMN07598526	soil	USA: NY		non_saline_candidate	
GCF_003858675.1	Bacillus pacificus	Contig	current	5377552	44	SAMN10475056	mine soil	China: Guangdong Province		non_saline_candidate	
GCF_008274925.1	Bacillus mycoides	Complete Genome	current	5939450	7	SAMN09370089	soil	Poland: Bialowieza National Park		non_saline_candidate	
GCF_013284485.1	Bacillus pacificus	Contig	current	5695940	56	SAMN15003255	soil from tomato plant	Viet Nam: Hoai Duc, Ha Noi		non_saline_candidate	
GCF_018736705.1	Bacillus mycoides	Complete Genome	current	5602899	9	SAMN10879082	soil	Poland: Bialowieza National Park		non_saline_candidate	
GCF_018736725.1	Bacillus mycoides	Complete Genome	current	5740114	3	SAMN10879054	soil	Poland: Bialowieza National Park		non_saline_candidate	
GCF_018736745.1	Bacillus mycoides	Complete Genome	current	6134358	8	SAMN10879059	soil	Poland: Bialowieza National Park		non_saline_candidate	
GCF_018736765.1	Bacillus mycoides	Complete Genome	current	5747492	5	SAMN10879055	soil	Poland: Bialowieza National Park		non_saline_candidate	
GCF_018739305.1	Bacillus mycoides	Complete Genome	current	5751434	6	SAMN10879061	soil	Poland: Bialowieza National Park		non_saline_candidate	
GCF_018739365.1	Bacillus mycoides	Complete Genome	current	5809871	3	SAMN10879050	soil	Poland: Bialowieza National Park		non_saline_candidate	
GCF_018739385.1	Bacillus mycoides	Complete Genome	current	5728462	7	SAMN10879084	soil	Poland: Bialowieza National Park		non_saline_candidate	
GCF_018739445.1	Bacillus mycoides	Complete Genome	current	5900818	3	SAMN10879056	soil	Poland: Bialowieza National Park		non_saline_candidate	
GCF_018739485.1	Bacillus mycoides	Complete Genome	current	5697065	2	SAMN10879087	soil	Poland: Bialowieza National Park		non_saline_candidate	
GCF_018739505.1	Bacillus mycoides	Complete Genome	current	6029494	5	SAMN10879051	soil	Poland: Bialowieza National Park		non_saline_candidate	
GCF_018739525.1	Bacillus mycoides	Complete Genome	current	5956071	5	SAMN10879085	soil	Poland: Bialowieza National Park		non_saline_candidate	
GCF_018739545.1	Bacillus mycoides	Complete Genome	current	5741417	5	SAMN10879064	soil	Poland: Bialowieza National Park		non_saline_candidate	
GCF_018739625.1	Bacillus mycoides	Complete Genome	current	5779348	6	SAMN10879076	soil	Poland: Bialowieza National Park		non_saline_candidate	
GCF_018739645.1	Bacillus mycoides	Complete Genome	current	5798832	3	SAMN10879073	soil	Poland: Bialowieza National Park		non_saline_candidate	
GCF_018739665.1	Bacillus mycoides	Complete Genome	current	5956428	8	SAMN10879062	soil	Poland: Bialowieza National Park		non_saline_candidate	
GCF_018739685.1	Bacillus mycoides	Complete Genome	current	5554158	6	SAMN10879086	soil	Poland: Bialowieza National Park		non_saline_candidate	
GCF_018739705.1	Bacillus mycoides	Complete Genome	current	5342665	3	SAMN10879077	soil	Poland: farmland in Jasienowka		non_saline_candidate	
GCF_018740945.1	Bacillus mycoides	Complete Genome	current	5762966	2	SAMN10879074	soil	Poland: Bialowieza National Park		non_saline_candidate	
GCF_018741005.1	Bacillus mycoides	Complete Genome	current	5951634	4	SAMN10879075	soil	Poland: Bialowieza National Park		non_saline_candidate	
GCF_018741085.1	Bacillus mycoides	Complete Genome	current	5753119	6	SAMN10879052	soil	Poland: Bialowieza National Park		non_saline_candidate	
GCF_018741145.1	Bacillus mycoides	Complete Genome	current	5953157	7	SAMN10879068	soil	Poland: farmland in Jasienowka		non_saline_candidate	
GCF_018741165.1	Bacillus mycoides	Complete Genome	current	5865739	6	SAMN10879063	soil	Poland: farmland in Jasienowka		non_saline_candidate	
GCF_018741465.1	Bacillus mycoides	Complete Genome	current	6338271	11	SAMN10879083	soil	Poland: farmland in Jasienowka		non_saline_candidate	
GCF_018741505.1	Bacillus mycoides	Complete Genome	current	5490614	5	SAMN10879070	soil	Poland: farmland in Jasienowka		non_saline_candidate	
GCF_018741565.1	Bacillus mycoides	Complete Genome	current	5821834	2	SAMN10879071	soil	Poland: farmland in Jasienowka		non_saline_candidate	
GCF_018741605.1	Bacillus mycoides	Complete Genome	current	6066244	9	SAMN10879058	soil	Poland: farmland in Jasienowka		non_saline_candidate	
GCF_018741645.1	Bacillus mycoides	Complete Genome	current	6014015	6	SAMN10879067	soil	Poland: farmland in Jasienowka		non_saline_candidate	
GCF_018742045.1	Bacillus mycoides	Complete Genome	current	5491933	4	SAMN10879070	soil	Poland: farmland in Jasienowka		non_saline_candidate	
GCF_018742105.1	Bacillus mycoides	Complete Genome	current	5821266	2	SAMN10879066	soil	Poland: farmland in Jasienowka		non_saline_candidate	
GCF_018742185.1	Bacillus mycoides	Complete Genome	current	5938126	4	SAMN10879068	soil	Poland: farmland in Jasienowka		non_saline_candidate	
GCF_018742205.1	Bacillus mycoides	Complete Genome	current	5717907	4	SAMN10879084	soil	Poland: Bialowieza National Park		non_saline_candidate	
GCF_018742225.1	Bacillus mycoides	Complete Genome	current	6163987	11	SAMN10879079	soil	Poland: farmland in Jasienowka		non_saline_candidate	
GCF_018742245.1	Bacillus mycoides	Complete Genome	current	5344184	5	SAMN10879080	soil	Poland: farmland in Jasienowka		non_saline_candidate	
GCF_018742265.1	Bacillus mycoides	Complete Genome	current	5835815	8	SAMN10879066	soil	Poland: farmland in Jasienowka		non_saline_candidate	
GCF_018742285.1	Bacillus mycoides	Complete Genome	current	5642620	4	SAMN10879081	soil	Poland: farmland in Jasienowka		non_saline_candidate	
GCF_018751995.1	Bacillus mycoides	Complete Genome	current	6010975	8	SAMN10879060	soil	Poland: farmland in Jasienowka		non_saline_candidate	
GCF_019389875.1	Bacillus mycoides	Contig	current	6275957	101	SAMN09271333	archived UK soil	not applicable		non_saline_candidate	
GCF_020905065.1	Bacillus nakamurai	Contig	current	3811863	111	SAMN22739148	Soil sampled from cultivated land	Burundi: Isare Commune, Bujumbura Province		non_saline_candidate	
GCF_021097345.1	Bacillus mycoides	Scaffold	current	5781761	613	SAMN04215342	natural ground soil near campus	USA: Indiana		non_saline_candidate	
GCF_022458665.2	Bacillus mycoides	Contig	current	5985964	94	SAMN23401943	deep soil layers	Russia: Yakutia		non_saline_candidate	
GCF_022532085.1	Bacillus mycoides	Complete Genome	current	6002587	6	SAMN26328110	soil	China		non_saline_candidate	
GCF_022691145.1	Bacillus nitratireducens	Chromosome	current	5056959	1	SAMN26533777	peat soil	Germany: long-term fertilization experiment Paulinenaue		non_saline_candidate	
GCF_022814785.1	Bacillus mycoides	Chromosome	current	5877336	6	SAMN26533776	peat soil	Germany: long-term fertilization experiment Paulinenaue		non_saline_candidate	
GCF_024297165.1	Bacillus mycoides	Scaffold	current	4919367	26	SAMN29625964	roots	Canada:Laval	plant	non_saline_candidate	
GCF_026275395.2	Bacillus pacificus	Contig	current	5477489	57	SAMN31722785	soil	Russia: Yakutia		non_saline_candidate	
GCF_026275465.2	Bacillus pacificus	Contig	current	5480132	69	SAMN31722784	soil	Russia: Yakutia		non_saline_candidate	
GCF_029024805.1	Bacillus mycoides	Complete Genome	current	5639253	4	SAMN33336515	Unknown	Unknown	Soil	non_saline_candidate	
GCF_030292015.1	Bacillus mycoides	Complete Genome	current	5338331	3	SAMN34374887	pine forrest soil between two spruce trees	Germany: near Munchenroda, Jena		non_saline_candidate	
GCF_030292115.1	Bacillus mycoides	Complete Genome	current	6137878	6	SAMN34374917	field soil	Germany: Heida		non_saline_candidate	
GCF_030292205.1	Bacillus mycoides	Complete Genome	current	6330179	8	SAMN34374915	field soil	Germany: Heida		non_saline_candidate	
GCF_030292225.1	Bacillus mycoides	Complete Genome	current	6138997	7	SAMN34374918	field soil	Germany: Heida		non_saline_candidate	
GCF_030348665.1	Bacillus mycoides	Contig	current	5953358	8	SAMN34374868	grassland soil	Denmark: Jaegersborg Dyrehave		non_saline_candidate	
GCF_030704245.1	Bacillus mycoides	Complete Genome	current	5757956	4	SAMN36779404	soil	Russia		non_saline_candidate	
GCF_030718825.1	Bacillus mycoides	Complete Genome	current	6351153	9	SAMN36779170	soil	Russia		non_saline_candidate	
GCF_030971845.1	Bacillus pacificus	Scaffold	current	5278071	67	SAMN36289938	soil	Bangladesh		non_saline_candidate	
GCF_030971925.1	Bacillus pacificus	Scaffold	current	5275448	241	SAMN36289939	soil	Bangladesh		non_saline_candidate	
GCF_031324095.1	Bacillus mycoides	Contig	current	5898889	37	SAMN34374916	field soil	Germany: Heida		non_saline_candidate	
GCF_032681085.1	Bacillus mycoides	Complete Genome	current	6276647	9	SAMN37669372	soil	Russia		non_saline_candidate	
GCF_032681105.1	Bacillus mycoides	Complete Genome	current	5938482	4	SAMN37669373	soil	Russia		non_saline_candidate	
GCF_035808975.1	Bacillus mojavensis	Scaffold	current	4018244	54	SAMN33940614	soil	Argentina		non_saline_candidate	
GCF_035810635.1	Bacillus mojavensis	Contig	current	3985993	13	SAMN33940522	soil	Tunisia		non_saline_candidate	
GCF_035810735.1	Bacillus mojavensis	Scaffold	current	3990646	76	SAMN33940516	soil	Tunisia		non_saline_candidate	
GCF_035810755.1	Bacillus mojavensis	Contig	current	4025949	18	SAMN33940517	soil	Tunisia		non_saline_candidate	
GCF_035810775.1	Bacillus mojavensis	Scaffold	current	4087355	70	SAMN33940515	soil	Tunisia		non_saline_candidate	
GCF_035810795.1	Bacillus mojavensis	Scaffold	current	4024410	26	SAMN33940513	soil	Tunisia		non_saline_candidate	
GCF_035810815.1	Bacillus mojavensis	Contig	current	3982587	26	SAMN33940514	soil	Tunisia		non_saline_candidate	
GCF_035810825.1	Bacillus mojavensis	Scaffold	current	3963080	20	SAMN33940512	soil	Tunisia		non_saline_candidate	
GCF_035810865.1	Bacillus mojavensis	Contig	current	4013073	53	SAMN33940510	soil	China		non_saline_candidate	
GCF_035810895.1	Bacillus mojavensis	Scaffold	current	4015796	55	SAMN33940508	soil	China		non_saline_candidate	
GCF_035810915.1	Bacillus mojavensis	Scaffold	current	4101238	50	SAMN33940507	soil	China		non_saline_candidate	
GCF_035810935.1	Bacillus mojavensis	Scaffold	current	4026721	31	SAMN33940509	soil	China		non_saline_candidate	
GCF_035810955.1	Bacillus mojavensis	Scaffold	current	3978495	51	SAMN33940505	soil	China		non_saline_candidate	
GCF_035810975.1	Bacillus mojavensis	Contig	current	4012461	37	SAMN33940506	soil	China		non_saline_candidate	
GCF_035810995.1	Bacillus mojavensis	Scaffold	current	3916722	22	SAMN33940504	soil	China		non_saline_candidate	
GCF_035811015.1	Bacillus mojavensis	Scaffold	current	4101313	68	SAMN33940503	soil	China		non_saline_candidate	
GCF_035811035.1	Bacillus mojavensis	Scaffold	current	4170225	51	SAMN33940501	soil	China		non_saline_candidate	
GCF_035811055.1	Bacillus mojavensis	Scaffold	current	3866117	45	SAMN33940502	soil	China		non_saline_candidate	
GCF_035811075.1	Bacillus mojavensis	Scaffold	current	3980785	54	SAMN33940500	soil	China		non_saline_candidate	
GCF_035811095.1	Bacillus mojavensis	Contig	current	4059370	22	SAMN33940499	soil	USA		non_saline_candidate	
GCF_035811115.1	Bacillus mojavensis	Scaffold	current	3910539	29	SAMN33940498	soil	USA		non_saline_candidate	
GCF_035811135.1	Bacillus mojavensis	Contig	current	3954337	20	SAMN33940497	soil	USA		non_saline_candidate	
GCF_036009945.1	Bacillus mycoides	Scaffold	current	5826804	82	SAMN33940617	soil	Argentina		non_saline_candidate	
GCF_036009965.1	Bacillus mycoides	Scaffold	current	5705610	143	SAMN33940616	soil	Argentina		non_saline_candidate	
GCF_036009985.1	Bacillus mojavensis	Scaffold	current	3924832	27	SAMN33940615	soil	Argentina		non_saline_candidate	
GCF_036209665.1	Bacillus nitratireducens	Scaffold	current	5706001	86	SAMN32927393	soil	Trinidad and Tobago: Trinidad, Talparo		non_saline_candidate	
GCF_036209745.1	Bacillus mycoides	Scaffold	current	6022191	98	SAMN32927389	soil	France: Pyrenees Mountains		non_saline_candidate	
GCF_036209765.1	Bacillus mycoides	Scaffold	current	5831513	85	SAMN32927391	soil	France: Pyrenees Mountains		non_saline_candidate	
GCF_036209775.1	Bacillus mycoides	Scaffold	current	5829485	116	SAMN32927390	soil	France: Pyrenees Mountains		non_saline_candidate	
GCF_036209805.1	Bacillus mycoides	Scaffold	current	6137250	109	SAMN32927388	soil	France: Pyrenees Mountains		non_saline_candidate	
GCF_036209825.1	Bacillus mycoides	Scaffold	current	6009909	259	SAMN32927387	soil	France: Pyrenees Mountains		non_saline_candidate	
GCF_036209845.1	Bacillus mycoides	Scaffold	current	5877048	89	SAMN32927386	soil	France: Pyrenees Mountains		non_saline_candidate	
GCF_036210105.1	Bacillus mojavensis	Scaffold	current	3856980	56	SAMN32927373	soil	Israel: Evolution Canyon		non_saline_candidate	
GCF_036210565.1	Bacillus nakamurai	Scaffold	current	3875892	50	SAMN32927348	soil	Argentina: Tierra del Fuego Nat. Park		non_saline_candidate	
GCF_036211105.1	Bacillus mycoides	Scaffold	current	5987934	87	SAMN32927320	soil	Russia		non_saline_candidate	
GCF_036211445.1	Bacillus mycoides	Scaffold	current	5855952	179	SAMN32927301	soil	not collected		non_saline_candidate	
GCF_036211485.1	Bacillus mycoides	Scaffold	current	5584016	110	SAMN32927299	soil	not collected		non_saline_candidate	
GCF_036222645.1	Bacillus mycoides	Scaffold	current	5063859	66	SAMN33941045	soil	not collected		non_saline_candidate	
GCF_036222705.1	Bacillus nitratireducens	Scaffold	current	5979646	109	SAMN33941043	soil	not collected		non_saline_candidate	
GCF_036320425.1	Bacillus nitratireducens	Scaffold	current	5933421	89	SAMN36511385	Sugarcane bagasse	Colombia: Togui panela production plant, Boyaca		non_saline_candidate	
GCF_038024175.1	Bacillus mycoides	Complete Genome	current	6050948	3	SAMN40200129	soil	China: Beijing		non_saline_candidate	
GCF_040567675.1	Bacillus mycoides	Scaffold	current	5773031	96	SAMN42021048	soil	Russia: Lake Baikal		non_saline_candidate	
GCF_040796985.1	Bacillus pacificus	Contig	current	5466011	111	SAMN42186655	deep soil layers	Russia: Yakutia		non_saline_candidate	
GCF_040797025.1	Bacillus mycoides	Contig	current	5938255	114	SAMN42186653	deep soil layers	Russia: Yakutia		non_saline_candidate	
GCF_040797065.2	Bacillus mycoides	Contig	current	6199737	128	SAMN42186652	deep soil layers	Russia: Yakutia		non_saline_candidate	
GCF_040797105.2	Bacillus mycoides	Contig	current	6201140	129	SAMN42186651	deep soil layers	Russia: Yakutia		non_saline_candidate	
GCF_045348155.1	Bacillus pacificus	Complete Genome	current	5284054	1	SAMN40657618	rhizosphere sediments of seagrass Zostera marina	China		non_saline_candidate	
GCF_047345785.1	Bacillus pacificus	Contig	current	5404860	90	SAMN46377608	soil	Bangladesh: Pabna		non_saline_candidate	
GCF_047444815.1	Bacillus nitratireducens	Scaffold	current	5671654	148	SAMN41494691	rhizospheric soil	Brazil: Pontal do Parana, Parana		non_saline_candidate	
GCF_048054765.1	Bacillus mycoides	Scaffold	current	6711949	933	SAMN39228031	soil	China: Hianan		non_saline_candidate	
GCF_050209365.1	Bacillus mycoides	Complete Genome	current	5968817	6	SAMN48134738	Strawberry rhizosphere	Canada: Bouctouche, province of New-Brunswick	Fragaria x ananassa	non_saline_candidate	
GCF_050210445.1	Bacillus mycoides	Complete Genome	current	5911531	3	SAMN48134734	Strawberry rhizosphere	Canada: Bouctouche, province of New-Brunswick	Fragaria x ananassa	non_saline_candidate	
GCF_050456685.1	Bacillus mycoides	Scaffold	current	6108629	131	SAMN41009441	soil	France: Inst Pasteur, Paris		non_saline_candidate	
GCF_050457805.1	Bacillus pacificus	Scaffold	current	5044232	46	SAMN41009385	soil	India: Orissa Jungle		non_saline_candidate	
GCF_050457825.1	Bacillus pacificus	Scaffold	current	5381178	44	SAMN41009384	soil	India: Orissa Jungle		non_saline_candidate	
GCF_050457985.1	Bacillus mycoides	Scaffold	current	5887444	306	SAMN41009376	soil	Canada: Northern Canada		non_saline_candidate	
GCF_050458005.1	Bacillus pacificus	Scaffold	current	5042661	50	SAMN41009375	soil	Canada: Northern Canada		non_saline_candidate	
GCF_050458025.1	Bacillus mycoides	Scaffold	current	5943484	308	SAMN41009374	soil	Canada: Northern Canada		non_saline_candidate	
GCF_050458045.1	Bacillus mycoides	Scaffold	current	5667206	296	SAMN41009373	soil	Canada: Northern Canada		non_saline_candidate	
GCF_050458325.1	Bacillus mycoides	Scaffold	current	6251806	373	SAMN41009359	soil	Canada: Northern Canada		non_saline_candidate	
GCF_050458345.1	Bacillus mycoides	Scaffold	current	6110892	430	SAMN41009358	soil	Canada: Northern Canada		non_saline_candidate	
GCF_050459995.1	Bacillus mycoides	Scaffold	current	5750705	194	SAMN41009292	soil	France		non_saline_candidate	
GCF_050629185.1	Bacillus mycoides	Contig	current	5896844	180	SAMN43795153	soil	Belgium: Louvain-La-Neuve		non_saline_candidate	
GCF_050629205.1	Bacillus mycoides	Contig	current	5877387	70	SAMN43795152	soil	Belgium: Louvain-La-Neuve		non_saline_candidate	
GCF_050629225.1	Bacillus mycoides	Contig	current	5928024	101	SAMN43795150	soil	Belgium: Louvain-La-Neuve		non_saline_candidate	
GCF_050629245.1	Bacillus mycoides	Contig	current	6247088	400	SAMN43795151	soil	Belgium: Louvain-La-Neuve		non_saline_candidate	
GCF_050629345.1	Bacillus mycoides	Contig	current	6056677	110	SAMN43795145	soil	Belgium: Louvain-La-Neuve		non_saline_candidate	
GCF_051904815.1	Bacillus mycoides	Chromosome	current	6122548	11	SAMN49859722	Phosphoric acid, potassium 40 years long-lasting soil	South Korea		non_saline_candidate	
GCF_052947515.1	Bacillus mycoides	Complete Genome	current	5745487	3	SAMN51752795	Sandy soil	Denmark		non_saline_candidate	
GCF_052947795.1	Bacillus mycoides	Complete Genome	current	5782341	4	SAMN51752796	Sandy soil	Denmark		non_saline_candidate	
GCF_976996315.1	Bacillus mycoides	Contig	current	5752577	3	SAMEA120311178	Petroleum hydrocarbon-degrading enrichment culture obtained through microcosm enrichment of a PHC-polluted soil: FR_PLO_05_A_M2	France		non_saline_candidate	
GCF_977007635.1	Bacillus mycoides	Contig	current	6288055	10	SAMEA120226971	Petroleum hydrocarbon-degrading enrichment culture obtained through microcosm enrichment of a PHC-polluted soil: FR_PLO_05_A_M1	France		non_saline_candidate	
GCF_002068155.1	Bacillus paralicheniformis	Complete Genome	current	4352468	1	SAMN06605939	rhizosphere	China: Shandong	peony	non_saline_candidate	
GCF_002849425.1	Bacillus paralicheniformis	Scaffold	current	4566040	60	SAMN06211261	Rice Root	India: IARI PUSA, New Delhi	Oryza sativa	non_saline_candidate	
GCF_002998255.1	Bacillus paralicheniformis	Contig	current	4543791	39	SAMN08634208	soil	China: Tibet		non_saline_candidate	
GCF_003171815.2	Bacillus paralicheniformis	Complete Genome	current	4317835	1	SAMN09203095	rhizosphere	India		non_saline_candidate	
GCF_005848985.1	Bacillus paranthracis	Complete Genome	current	5319903	1	SAMN11534844	Tobacco rhizosphere soil	China:Hunan Province		non_saline_candidate	
GCF_007113895.2	Bacillus paralicheniformis	Contig	current	4475481	32	SAMN10721045	clay soil with high temperature around 45 degrees Celsius	Mexico: Yaqui Valley, Sonora		non_saline_candidate	
GCF_012972725.1	Bacillus paranthracis	Scaffold	current	5646718	166	SAMN14613777	rhyzosphere soil	Brazil: Pocon Pantanal		non_saline_candidate	
GCF_014932875.1	Bacillus paranthracis	Scaffold	current	5423884	219	SAMN16249740	clay soil	United Kingdom:Cardif		non_saline_candidate	
GCF_015845495.1	Bacillus paranthracis	Scaffold	current	5389352	52	SAMN03654316	soil	United Kingdom: Scotland		non_saline_candidate	
GCF_020042645.1	Bacillus paralicheniformis	Chromosome	current	4397844	1	SAMN13510061	soil	Pakistan: Karak		non_saline_candidate	
GCF_022952805.1	Bacillus paralicheniformis	Contig	current	4351328	27	SAMN27398165	rhizosphere of Bouteloua dactyloides	Pakistan		non_saline_candidate	
GCF_022953115.1	Bacillus paralicheniformis	Contig	current	4452800	24	SAMN27182028	roots	Jordan	Triticum turgidum subsp. durum	non_saline_candidate	
GCF_023502625.1	Bacillus paralicheniformis	Scaffold	current	4746855	1736	SAMN27484123	soil	Israel		non_saline_candidate	
GCF_023824115.1	Bacillus paranthracis	Complete Genome	current	5562708	2	SAMN22304414	soil	China		non_saline_candidate	
GCF_023930055.1	Bacillus paralicheniformis	Contig	current	4197946	54	SAMN27282932	agricultural soil	Serbia: Belgrade		non_saline_candidate	
GCF_024296885.1	Bacillus paranthracis	Complete Genome	current	5537675	2	SAMN29494290	soil	China:Wuhan,HUbei		non_saline_candidate	
GCF_024702005.1	Bacillus paranthracis	Contig	current	5425773	32	SAMN20585307	rhizosphere of maize plants	Benin: Central and Northern Agroecological Zone		non_saline_candidate	
GCF_024712625.1	Bacillus paranthracis	Contig	current	5565962	5	SAMN29019226	alpine soil	Nepal:Gokyo Ri		non_saline_candidate	
GCF_024712785.1	Bacillus paranthracis	Contig	current	5376497	7	SAMN29019227	soil	USA: Nevada, Las Vegas		non_saline_candidate	
GCF_024741115.1	Bacillus paranthracis	Contig	current	5261973	370	SAMN20777201	Rhizosphere of maize plants	Benin: Agro-ecological zone of North		non_saline_candidate	
GCF_025161175.1	Bacillus paralicheniformis	Chromosome	current	5174262	2	SAMN30648323	soil	Nigeria: Abeokuta		non_saline_candidate	
GCF_025833795.1	Bacillus paralicheniformis	Contig	current	4550690	78	SAMN31236553	canola rhizosphere	Poland: Gorsk		non_saline_candidate	
GCF_026066475.1	Bacillus paralicheniformis	Contig	current	4318292	21	SAMN20605484	rhizospheric soil	India: Chattisgarh		non_saline_candidate	
GCF_026221135.1	Bacillus paramycoides	Scaffold	current	5493110	30	SAMN31232808	rhizospheric soil from adult guarana trees	Brazil: Maues, AM	Paullinia cupana	non_saline_candidate	
GCF_026275425.2	Bacillus paranthracis	Contig	current	5256083	60	SAMN31722786	soil	Russia: Yakutia		non_saline_candidate	
GCF_026672655.1	Bacillus paralicheniformis	Contig	current	4495932	25	SAMN22170321	endophytic isolate from medicinal plant	India: Himalayan Mountain Ranges, Arunachal Pradesh	medicinal plant	non_saline_candidate	
GCF_029000405.1	Bacillus paralicheniformis	Complete Genome	current	4338611	1	SAMN33388128	purple soil of Beibei District	China: Chongqing	missing	non_saline_candidate	
GCF_029590455.1	Bacillus paralicheniformis	Complete Genome	current	4288118	1	SAMN33788273	soil	China:Shandong		non_saline_candidate	
GCF_031197975.1	Bacillus paranthracis	Contig	current	5092022	23	SAMN37220307	Agricultural farm soil	India: Maharashtra		non_saline_candidate	
GCF_032467935.1	Bacillus paralicheniformis	Contig	current	4286372	52	SAMN32521003	soil	China		non_saline_candidate	
GCF_033542675.1	Bacillus paralicheniformis	Contig	current	4291985	12	SAMN37937522	soil	Pakistan		non_saline_candidate	
GCF_035808135.1	Bacillus paralicheniformis	Scaffold	current	4489393	83	SAMN33940659	soil	Antarctica		non_saline_candidate	
GCF_035808155.1	Bacillus paralicheniformis	Scaffold	current	4381490	69	SAMN33940660	soil	Antarctica		non_saline_candidate	
GCF_035808175.1	Bacillus paralicheniformis	Scaffold	current	4378969	78	SAMN33940658	soil	Antarctica		non_saline_candidate	
GCF_035808195.1	Bacillus paralicheniformis	Scaffold	current	4388266	118	SAMN33940657	soil	Antarctica		non_saline_candidate	
GCF_035808215.1	Bacillus paralicheniformis	Scaffold	current	4380066	75	SAMN33940656	soil	Antarctica		non_saline_candidate	
GCF_035808235.1	Bacillus paralicheniformis	Scaffold	current	4375184	58	SAMN33940655	soil	Antarctica		non_saline_candidate	
GCF_035808255.1	Bacillus paralicheniformis	Scaffold	current	4377114	87	SAMN33940654	soil	Antarctica		non_saline_candidate	
GCF_035808275.1	Bacillus paralicheniformis	Scaffold	current	4378905	77	SAMN33940653	soil	Antarctica		non_saline_candidate	
GCF_035808295.1	Bacillus paralicheniformis	Scaffold	current	4381118	72	SAMN33940652	soil	USA		non_saline_candidate	
GCF_035808315.1	Bacillus paralicheniformis	Scaffold	current	4369410	62	SAMN33940650	soil	Antarctica		non_saline_candidate	
GCF_035808335.1	Bacillus paralicheniformis	Scaffold	current	4385801	77	SAMN33940651	soil	Antarctica		non_saline_candidate	
GCF_035808355.1	Bacillus paralicheniformis	Scaffold	current	4374010	62	SAMN33940649	soil	Antarctica		non_saline_candidate	
GCF_035808375.1	Bacillus paralicheniformis	Scaffold	current	4365904	143	SAMN33940648	soil	Antarctica		non_saline_candidate	
GCF_035808395.1	Bacillus paralicheniformis	Scaffold	current	4385913	68	SAMN33940647	soil	Antarctica		non_saline_candidate	
GCF_035808415.1	Bacillus paralicheniformis	Scaffold	current	4463259	81	SAMN33940646	soil	Antarctica		non_saline_candidate	
GCF_035808435.1	Bacillus paralicheniformis	Scaffold	current	4458037	92	SAMN33940645	soil	Antarctica		non_saline_candidate	
GCF_035808455.1	Bacillus paralicheniformis	Scaffold	current	4478682	78	SAMN33940644	soil	Antarctica		non_saline_candidate	
GCF_035808475.1	Bacillus paralicheniformis	Scaffold	current	4463014	79	SAMN33940643	soil	Antarctica		non_saline_candidate	
GCF_035808495.1	Bacillus paralicheniformis	Contig	current	4396616	60	SAMN33940642	soil	Antarctica		non_saline_candidate	
GCF_035808515.1	Bacillus paralicheniformis	Scaffold	current	4460604	92	SAMN33940641	soil	Antarctica		non_saline_candidate	
GCF_035808535.1	Bacillus paralicheniformis	Scaffold	current	4461711	101	SAMN33940639	soil	Antarctica		non_saline_candidate	
GCF_035808555.1	Bacillus paralicheniformis	Scaffold	current	4469210	70	SAMN33940638	soil	Antarctica		non_saline_candidate	
GCF_035808575.1	Bacillus paralicheniformis	Scaffold	current	4453123	121	SAMN33940637	soil	Antarctica		non_saline_candidate	
GCF_035808595.1	Bacillus paralicheniformis	Scaffold	current	4457105	87	SAMN33940640	soil	Antarctica		non_saline_candidate	
GCF_035808615.1	Bacillus paralicheniformis	Scaffold	current	4437151	320	SAMN33940636	soil	Antarctica		non_saline_candidate	
GCF_035808635.1	Bacillus paralicheniformis	Scaffold	current	4466499	100	SAMN33940633	soil	Antarctica		non_saline_candidate	
GCF_035808655.1	Bacillus paralicheniformis	Scaffold	current	4467782	101	SAMN33940632	soil	Antarctica		non_saline_candidate	
GCF_035808665.1	Bacillus paralicheniformis	Scaffold	current	4464816	103	SAMN33940635	soil	Antarctica		non_saline_candidate	
GCF_035808695.1	Bacillus paralicheniformis	Scaffold	current	4381392	64	SAMN33940634	soil	Antarctica		non_saline_candidate	
GCF_035808715.1	Bacillus paralicheniformis	Scaffold	current	4467280	96	SAMN33940631	soil	Antarctica		non_saline_candidate	
GCF_035808735.1	Bacillus paralicheniformis	Scaffold	current	4395234	76	SAMN33940628	soil	Antarctica		non_saline_candidate	
GCF_035808755.1	Bacillus paralicheniformis	Scaffold	current	4441805	355	SAMN33940627	soil	Antarctica		non_saline_candidate	
GCF_035808775.1	Bacillus paralicheniformis	Scaffold	current	4467671	81	SAMN33940630	soil	USA		non_saline_candidate	
GCF_035808795.1	Bacillus paralicheniformis	Scaffold	current	4469870	79	SAMN33940629	soil	Antarctica		non_saline_candidate	
GCF_035808815.1	Bacillus paralicheniformis	Scaffold	current	4480167	128	SAMN33940626	soil	Antarctica		non_saline_candidate	
GCF_035808835.1	Bacillus paralicheniformis	Scaffold	current	4476260	97	SAMN33940625	soil	Antarctica		non_saline_candidate	
GCF_035808855.1	Bacillus paralicheniformis	Scaffold	current	4478084	93	SAMN33940624	soil	Antarctica		non_saline_candidate	
GCF_035808875.1	Bacillus paralicheniformis	Scaffold	current	4480085	84	SAMN33940623	soil	Antarctica		non_saline_candidate	
GCF_035808895.1	Bacillus paralicheniformis	Scaffold	current	4488451	73	SAMN33940622	soil	Antarctica		non_saline_candidate	
GCF_035808915.1	Bacillus paralicheniformis	Scaffold	current	4435126	161	SAMN33940621	soil	Antarctica		non_saline_candidate	
GCF_035808935.1	Bacillus paralicheniformis	Scaffold	current	4459107	92	SAMN33940620	soil	Antarctica		non_saline_candidate	
GCF_035810615.1	Bacillus paranthracis	Scaffold	current	5310408	28	SAMN33940523	soil	not collected		non_saline_candidate	
GCF_036009925.1	Bacillus paralicheniformis	Scaffold	current	4412750	72	SAMN33940619	soil	Antarctica		non_saline_candidate	
GCF_036209465.1	Bacillus paramycoides	Scaffold	current	5363943	81	SAMN32927401	soil	Cote d'Ivoire		non_saline_candidate	
GCF_036209475.1	Bacillus paramycoides	Scaffold	current	5294777	53	SAMN32927402	soil	Cote d'Ivoire		non_saline_candidate	
GCF_036209515.1	Bacillus paramycoides	Scaffold	current	5182738	31	SAMN32927400	soil	Cote d'Ivoire		non_saline_candidate	
GCF_036209585.1	Bacillus paramycoides	Scaffold	current	5199139	85	SAMN32927398	soil	Cote d'Ivoire		non_saline_candidate	
GCF_036209705.1	Bacillus paramycoides	Scaffold	current	5364188	63	SAMN32927392	soil	Trinidad and Tobago: Trinidad, Talparo		non_saline_candidate	
GCF_036209885.1	Bacillus paramycoides	Scaffold	current	5299588	259	SAMN32927383	soil	Cote d'Ivoire		non_saline_candidate	
GCF_036209905.1	Bacillus paramycoides	Scaffold	current	5483749	83	SAMN32927384	soil	Cote d'Ivoire		non_saline_candidate	
GCF_036210205.1	Bacillus paralicheniformis	Scaffold	current	4302128	39	SAMN32927365	soil	Israel: Evolution Canyon		non_saline_candidate	
GCF_036210285.1	Bacillus paralicheniformis	Scaffold	current	4313836	40	SAMN32927364	soil	Israel: Evolution Canyon		non_saline_candidate	
GCF_036210305.1	Bacillus paralicheniformis	Scaffold	current	4327416	28	SAMN32927360	soil	Israel: Evolution Canyon		non_saline_candidate	
GCF_036210345.1	Bacillus paralicheniformis	Scaffold	current	4376078	37	SAMN32927363	soil	Israel: Evolution Canyon		non_saline_candidate	
GCF_036210355.1	Bacillus paralicheniformis	Scaffold	current	4399718	39	SAMN32927359	soil	Israel: Evolution Canyon		non_saline_candidate	
GCF_036210385.1	Bacillus paralicheniformis	Scaffold	current	4337664	36	SAMN32927358	soil	Israel: Evolution Canyon		non_saline_candidate	
GCF_036210405.1	Bacillus paralicheniformis	Scaffold	current	4389508	42	SAMN32927357	soil	Israel: Evolution Canyon		non_saline_candidate	
GCF_036210425.1	Bacillus paralicheniformis	Scaffold	current	4319783	34	SAMN32927355	soil	Israel: Evolution Canyon		non_saline_candidate	
GCF_036210465.1	Bacillus paralicheniformis	Scaffold	current	4288210	32	SAMN32927354	soil	Israel: Evolution Canyon		non_saline_candidate	
GCF_036210505.1	Bacillus paralicheniformis	Scaffold	current	4486060	86	SAMN32927351	soil	Antarctica: Brown Bluff Island		non_saline_candidate	
GCF_036210515.1	Bacillus paralicheniformis	Scaffold	current	4392422	89	SAMN32927350	soil	Antarctica: Brown Bluff Island		non_saline_candidate	
GCF_036210525.1	Bacillus paralicheniformis	Scaffold	current	4422866	93	SAMN32927349	soil	Antarctica: Paulet Island		non_saline_candidate	
GCF_036212125.1	Bacillus paramycoides	Scaffold	current	5560887	83	SAMN32927265	soil	Iraq		non_saline_candidate	
GCF_037907705.1	Bacillus paramobilis	Contig	current	5245928	37	SAMN20166717	rhizosphere	Uruguay	soybean	non_saline_candidate	
GCF_038096195.1	Bacillus paramobilis	Complete Genome	current	5286002	1	SAMN40747984	soil	South Korea: Danwol-myeon, Yangpyeong-gun, Gyeonggi-do		non_saline_candidate	
GCF_038971285.1	Bacillus paramycoides	Complete Genome	current	5828503	6	SAMN41050194	soil	China: Shangdong		non_saline_candidate	
GCF_040965915.1	Bacillus paralicheniformis	Scaffold	current	4468621	20	SAMN42801616	roots	Russia: Rostov region	Oryza sativa L.	non_saline_candidate	
GCF_044498105.1	Bacillus paralicheniformis	Chromosome	current	4376831	103	SAMN44485018	Olive rhizosphere	Morocco		non_saline_candidate	
GCF_050445545.1	Bacillus paralicheniformis	Contig	current	4320646	103	SAMN40738004	roots	Tunisia	potato	non_saline_candidate	
GCF_050459945.1	Bacillus paramycoides	Scaffold	current	5627347	91	SAMN41009296	soil	Cote d'Ivoire		non_saline_candidate	
GCF_050459985.1	Bacillus paramycoides	Scaffold	current	5774287	91	SAMN41009294	soil	Cote d'Ivoire		non_saline_candidate	
GCF_050461585.1	Bacillus paralicheniformis	Contig	current	4448266	100	SAMN41009252	soil	Antarctica: Brown Bluff		non_saline_candidate	
GCF_050958645.1	Bacillus paralicheniformis	Contig	current	4782168	69	SAMN37735107	soil	Brazil: Bahia		non_saline_candidate	
GCF_051225695.1	Bacillus paralicheniformis	Scaffold	current	4291478	102	SAMN49650144	soil	Algeria		non_saline_candidate	
GCF_051941075.1	Bacillus paralicheniformis	Complete Genome	current	4410549	1	SAMN50433766	soil and rock	Viet Nam: Quang Ninh		non_saline_candidate	
GCF_052692055.1	Bacillus paralicheniformis	Contig	current	4276246	39	SAMN51256983	Soil, root	China:Alar		non_saline_candidate	
GCF_052828465.1	Bacillus paramycoides	Scaffold	current	5619544	81	SAMN50763194	rhizosphere soil of cacao (Theobroma cacao) in association with acai (Euterpe oleracea)	Brazil: Para		non_saline_candidate	
GCF_055702925.1	Bacillus paramycoides	Scaffold	current	5932641	142	SAMN55951488	soil	Brazil		non_saline_candidate	
GCF_055703005.1	Bacillus paramycoides	Scaffold	current	5938700	129	SAMN55951489	soil	Brazil		non_saline_candidate	
GCF_056110465.1	Bacillus paralicheniformis	Contig	current	4485300	64	SAMN54736309	Riparian forest soil near a stream	Brazil:Gravata		non_saline_candidate	
GCF_056110495.1	Bacillus paralicheniformis	Contig	current	4685350	68	SAMN54736308	Riparian forest soil near a stream	Brazil:Gravata		non_saline_candidate	
GCF_001578205.1	Bacillus pumilus	Complete Genome	current	3878815	2	SAMN03372270	sugar beet rhizosphere	Netherlands: Wageningen		non_saline_candidate	
GCF_002014615.1	Bacillus pseudomycoides	Contig	current	5849665	261	SAMN05953540	soil adjecent to bovine farm	USA		non_saline_candidate	
GCF_002550145.1	Bacillus pseudomycoides	Scaffold	current	5813926	275	SAMN07598705	soil	USA: NY		non_saline_candidate	
GCF_002550685.1	Bacillus pseudomycoides	Scaffold	current	5524615	267	SAMN07598628	plant leaf	USA: IN		non_saline_candidate	
GCF_002551795.1	Bacillus pseudomycoides	Scaffold	current	5641772	222	SAMN07598702	soil	USA: IA		non_saline_candidate	
GCF_002552375.1	Bacillus pseudomycoides	Scaffold	current	5569570	275	SAMN07598647	soil	USA: IA		non_saline_candidate	
GCF_002553115.1	Bacillus pseudomycoides	Scaffold	current	5655638	233	SAMN07598649	plant leaf	USA: IN		non_saline_candidate	
GCF_002554825.1	Bacillus pseudomycoides	Scaffold	current	5322177	279	SAMN07597490	soil	USA: NY		non_saline_candidate	
GCF_002554885.1	Bacillus pseudomycoides	Scaffold	current	5660575	228	SAMN07597489	soil	USA: IA		non_saline_candidate	
GCF_002555005.1	Bacillus pseudomycoides	Scaffold	current	5204562	247	SAMN07597458	soil	USA: NY		non_saline_candidate	
GCF_002555545.1	Bacillus pseudomycoides	Scaffold	current	5675319	333	SAMN07597375	root	USA: IA	Corn	non_saline_candidate	
GCF_002555615.1	Bacillus pseudomycoides	Scaffold	current	5684401	317	SAMN07597369	root	USA: IA	Soybean	non_saline_candidate	
GCF_002555725.1	Bacillus pseudomycoides	Scaffold	current	5901674	307	SAMN07597349	soil	USA: IA		non_saline_candidate	
GCF_002555785.1	Bacillus pseudomycoides	Scaffold	current	5595470	254	SAMN07597345	root	USA: IA	Corn	non_saline_candidate	
GCF_002555995.1	Bacillus pseudomycoides	Scaffold	current	5510516	276	SAMN07597307	soil	USA: NY		non_saline_candidate	
GCF_002556235.1	Bacillus pseudomycoides	Scaffold	current	5634527	211	SAMN07597237	root	USA: IA	Corn	non_saline_candidate	
GCF_002556345.1	Bacillus pseudomycoides	Scaffold	current	5484218	275	SAMN07597301	soil	USA: IA		non_saline_candidate	
GCF_002556975.1	Bacillus pseudomycoides	Scaffold	current	5603647	270	SAMN07597596	soil	USA: IA		non_saline_candidate	
GCF_002557285.1	Bacillus pseudomycoides	Scaffold	current	5534852	281	SAMN07597558	soil	USA: IA		non_saline_candidate	
GCF_002557385.1	Bacillus pseudomycoides	Scaffold	current	5619311	209	SAMN07597537	root	USA: IA	Corn	non_saline_candidate	
GCF_002557395.1	Bacillus pseudomycoides	Scaffold	current	5664897	501	SAMN07597531	soil	USA: IA		non_saline_candidate	
GCF_002557835.1	Bacillus pseudomycoides	Scaffold	current	5710664	280	SAMN07597626	plant	USA: NC	Corn	non_saline_candidate	
GCF_002568705.1	Bacillus pseudomycoides	Scaffold	current	5728547	364	SAMN07598519	soil	USA: NY		non_saline_candidate	
GCF_002568765.1	Bacillus pseudomycoides	Scaffold	current	5627638	213	SAMN07598486	root	USA: IA	Corn	non_saline_candidate	
GCF_002569075.1	Bacillus pseudomycoides	Scaffold	current	5737708	372	SAMN07598554	soil	USA: IA		non_saline_candidate	
GCF_002569205.1	Bacillus pseudomycoides	Scaffold	current	5672220	255	SAMN07598435	soil	USA: NY		non_saline_candidate	
GCF_002569225.1	Bacillus pseudomycoides	Scaffold	current	5748771	368	SAMN07598440	soil	USA: IA		non_saline_candidate	
GCF_002569925.1	Bacillus pseudomycoides	Scaffold	current	5841288	316	SAMN07598390	soil	USA: IA		non_saline_candidate	
GCF_002569945.1	Bacillus pseudomycoides	Scaffold	current	5706171	327	SAMN07598386	soil	USA: NY		non_saline_candidate	
GCF_002571545.1	Bacillus pseudomycoides	Scaffold	current	5857799	297	SAMN07598319	soil	USA: NC		non_saline_candidate	
GCF_002571595.1	Bacillus pseudomycoides	Scaffold	current	5631222	333	SAMN07598316	soil	USA: IA		non_saline_candidate	
GCF_002571985.1	Bacillus pseudomycoides	Scaffold	current	5647584	265	SAMN07598268	soil	USA: IA		non_saline_candidate	
GCF_002572215.1	Bacillus pseudomycoides	Scaffold	current	5815122	365	SAMN07598184	soil	USA: NC		non_saline_candidate	
GCF_002572465.1	Bacillus pseudomycoides	Scaffold	current	5303175	248	SAMN07598203	soil	USA: NY		non_saline_candidate	
GCF_002576515.1	Bacillus pseudomycoides	Scaffold	current	5697573	236	SAMN07597965	soil	USA: NC		non_saline_candidate	
GCF_002579115.1	Bacillus pseudomycoides	Scaffold	current	5527589	251	SAMN07598153	soil	USA: IA		non_saline_candidate	
GCF_002579165.1	Bacillus pseudomycoides	Scaffold	current	5603442	314	SAMN07598152	soil	USA: IA		non_saline_candidate	
GCF_002579385.1	Bacillus pseudomycoides	Scaffold	current	5698202	583	SAMN07598119	root	USA: IA	Corn	non_saline_candidate	
GCF_002580745.1	Bacillus pseudomycoides	Scaffold	current	5639348	241	SAMN07598027	soil	USA: IA		non_saline_candidate	
GCF_002580755.1	Bacillus pseudomycoides	Scaffold	current	5551464	280	SAMN07598010	soil	USA: NY		non_saline_candidate	
GCF_002581425.1	Bacillus pseudomycoides	Scaffold	current	5603835	285	SAMN07598051	soil	USA: IA		non_saline_candidate	
GCF_002581835.1	Bacillus pseudomycoides	Scaffold	current	5751519	289	SAMN07597959	soil	USA: IA		non_saline_candidate	
GCF_002582085.1	Bacillus pseudomycoides	Scaffold	current	5808837	275	SAMN07597933	soil	USA: NC		non_saline_candidate	
GCF_002582165.1	Bacillus pseudomycoides	Scaffold	current	5825791	791	SAMN07597921	root	USA: MO	Soybean	non_saline_candidate	
GCF_002583865.1	Bacillus pseudomycoides	Scaffold	current	5884098	324	SAMN07597885	soil	USA: IA		non_saline_candidate	
GCF_002589505.1	Bacillus pseudomycoides	Scaffold	current	5439389	349	SAMN07597868	root	USA: IA	Corn	non_saline_candidate	
GCF_002998335.1	Bacillus pumilus	Scaffold	current	3766320	22	SAMN08634680	Turnip soil	China: Tibet, Nyingchi		non_saline_candidate	
GCF_002998365.1	Bacillus pumilus	Scaffold	current	3697756	23	SAMN08634668	beet roots	China: Tibet, Nyingchi		non_saline_candidate	
GCF_002998415.1	Bacillus pumilus	Scaffold	current	3770927	16	SAMN08634856	soil	China: Tibet, Lhasa		non_saline_candidate	
GCF_002998475.1	Bacillus pumilus	Scaffold	current	3798185	23	SAMN08634709	soil	China: Tibet, Lhasa		non_saline_candidate	
GCF_003034105.1	Bacillus pumilus	Scaffold	current	3684250	31	SAMN06285022	Citrus rhizosphere	USA: Florida, Fort Pierce		non_saline_candidate	
GCF_003265785.1	Bacillus pumilus	Contig	current	3656744	36	SAMN08384463	soil	Netherlands		non_saline_candidate	
GCF_003265805.1	Bacillus pumilus	Contig	current	3803730	47	SAMN08384462	soil	Netherlands		non_saline_candidate	
GCF_003985025.1	Bacillus pumilus	Contig	current	3672922	61	SAMN10531140	Plant seeds	Russia: Leningrad oblast,Belogorka area	Lathyrus oleraceus	non_saline_candidate	
GCF_004006455.1	Bacillus pumilus	Complete Genome	current	3640542	1	SAMN09215342		China	soil	non_saline_candidate	
GCF_009937765.1	Bacillus pumilus	Chromosome	current	3774709	1	SAMN13526181	soil	Pakistan: Karak		non_saline_candidate	
GCF_022811845.1	Bacillus pseudomycoides	Complete Genome	current	5689465	4	SAMN16579483	Zoo wolf area soil	China:zhengzhou		non_saline_candidate	
GCF_023036475.1	Bacillus pinisoli	Contig	current	4004187	38	SAMN23765204		China: Weizhou Island	soil	non_saline_candidate	
GCF_029222575.1	Bacillus pseudomycoides	Contig	current	5308120	158	SAMN33442695	soil	Greece		non_saline_candidate	
GCF_031324125.1	Bacillus pseudomycoides	Contig	current	5949058	13	SAMN34374912	pine forrest soil between two spruce trees	Germany: near Munchenroda, Jena		non_saline_candidate	
GCF_035282265.1	Bacillus pseudomycoides	Contig	current	5517295	96	SAMN39174032	soil	China: Huazhong Agricultural University, Shizishan Street, Wuhan, Hubei 430070		non_saline_candidate	
GCF_036210905.1	Bacillus paranthracis	Scaffold	current	5583975	87	SAMN32927330	soil	USA		non_saline_candidate	
GCF_036210925.1	Bacillus paranthracis	Scaffold	current	5559702	77	SAMN32927328	soil	USA		non_saline_candidate	
GCF_036210935.1	Bacillus paranthracis	Scaffold	current	5546157	90	SAMN32927327	soil	USA		non_saline_candidate	
GCF_036210945.1	Bacillus paranthracis	Scaffold	current	5552634	78	SAMN32927329	soil	USA		non_saline_candidate	
GCF_036210985.1	Bacillus paranthracis	Scaffold	current	5563059	81	SAMN32927326	soil	USA		non_saline_candidate	
GCF_036211005.1	Bacillus paranthracis	Scaffold	current	5581382	73	SAMN32927323	soil	USA		non_saline_candidate	
GCF_036211025.1	Bacillus paranthracis	Scaffold	current	5575156	67	SAMN32927321	soil	USA		non_saline_candidate	
GCF_036211035.1	Bacillus paranthracis	Scaffold	current	5569717	82	SAMN32927325	soil	USA		non_saline_candidate	
GCF_036211045.1	Bacillus paranthracis	Scaffold	current	5593817	83	SAMN32927322	soil	USA		non_saline_candidate	
GCF_036211055.1	Bacillus paranthracis	Scaffold	current	5565727	93	SAMN32927324	soil	USA		non_saline_candidate	
GCF_036211125.1	Bacillus paranthracis	Scaffold	current	5541644	99	SAMN32927315	soil	USA		non_saline_candidate	
GCF_036211145.1	Bacillus paranthracis	Scaffold	current	5531942	78	SAMN32927318	soil	USA		non_saline_candidate	
GCF_036211155.1	Bacillus paranthracis	Scaffold	current	5506836	96	SAMN32927317	soil	USA		non_saline_candidate	
GCF_036211205.1	Bacillus paranthracis	Scaffold	current	5544323	79	SAMN32927316	soil	USA		non_saline_candidate	
GCF_036211215.1	Bacillus paranthracis	Scaffold	current	5614469	101	SAMN32927314	soil	USA		non_saline_candidate	
GCF_036211225.1	Bacillus paranthracis	Scaffold	current	5551922	78	SAMN32927312	soil	USA		non_saline_candidate	
GCF_036211245.1	Bacillus paranthracis	Scaffold	current	5573167	77	SAMN32927313	soil	USA		non_saline_candidate	
GCF_036211255.1	Bacillus paranthracis	Scaffold	current	5601559	95	SAMN32927311	soil	USA		non_saline_candidate	
GCF_036211345.1	Bacillus paranthracis	Scaffold	current	5589224	144	SAMN32927307	soil	USA		non_saline_candidate	
GCF_036211465.1	Bacillus pseudomycoides	Scaffold	current	5760807	219	SAMN32927300	soil	USA		non_saline_candidate	
GCF_036212285.1	Bacillus pseudomycoides	Scaffold	current	5669433	173	SAMN32927260	soil	not collected		non_saline_candidate	
GCF_036222445.1	Bacillus pseudomycoides	Scaffold	current	5163940	131	SAMN33941057	soil	USA		non_saline_candidate	
GCF_036222685.1	Bacillus pseudomycoides	Scaffold	current	5754295	153	SAMN33941044	soil	not collected		non_saline_candidate	
GCF_036408975.1	Bacillus pretiosus	Contig	current	5660637	18	SAMN39605382	root	Poland: Lask	Galium aparine L.	non_saline_candidate	
GCF_036964805.1	Bacillus paranthracis	Contig	current	5406686	43	SAMN40044536	root	Poland: Kozmin Wielkopolski	Carduus nutans L.	non_saline_candidate	
GCF_037937215.1	Bacillus proteolyticus	Contig	current	6063502	7	SAMN40626903	soil	South Korea: Gyeonggi-do		non_saline_candidate	
GCF_040538915.1	Bacillus paranthracis	Contig	current	5455188	106	SAMN42158190	soil	USA: Rochester, Rochester Institute of Technology		non_saline_candidate	
GCF_040829845.1	Bacillus pseudomycoides	Scaffold	current	5622098	108	SAMN42518159	rhizosphere	Canada: Montreal	wheat	non_saline_candidate	
GCF_042583685.1	Bacillus paranthracis	Scaffold	current	5501503	53	SAMN43959764	soil	China:Fujian		non_saline_candidate	
GCF_046763985.1	Bacillus paranthracis	Contig	current	5144273	68	SAMN46046895	soil	Pakistan: Lahore		non_saline_candidate	
GCF_049257295.1	Bacillus paranthracis	Contig	current	5489151	85	SAMN44426338	soil	Mexico: Yaqui Valley	wheat	non_saline_candidate	
GCF_050210255.1	Bacillus pseudomycoides	Complete Genome	current	5544785	8	SAMN48134735	Strawberry rhizosphere	Canada: Bouctouche, province of New-Brunswick	Fragaria x ananassa	non_saline_candidate	
GCF_050457845.1	Bacillus paranthracis	Scaffold	current	5477071	59	SAMN41009383	soil	India: Orissa Jungle		non_saline_candidate	
GCF_050477945.1	Bacillus pseudomycoides	Contig	current	5507647	76	SAMN41009765	soil	USA: Oklahoma		non_saline_candidate	
GCF_050629285.1	Bacillus paranthracis	Contig	current	5675387	118	SAMN43795148	soil	Belgium: Louvain-La-Neuve		non_saline_candidate	
GCF_050630175.1	Bacillus pseudomycoides	Contig	current	5858123	80	SAMN43795104	soil	Belgium: Louvain-La-Neuve		non_saline_candidate	
GCF_051805455.1	Bacillus paranthracis	Complete Genome	current	5199906	3	SAMN41382508	soil	Brazil: Sao Cristovao, Sergipe		non_saline_candidate	
GCF_053850125.1	Bacillus paranthracis	Contig	current	5680927	5	SAMN53502411	soil	Bangladesh: Munshiganj		non_saline_candidate	
GCF_053852075.1	Bacillus paranthracis	Contig	current	5394496	3	SAMN53502410	rhizosphere soil of BINA dhan 7	Bangladesh: Gazipur		non_saline_candidate	
GCF_054106025.1	Bacillus paranthracis	Scaffold	current	5633021	5	SAMN53284262	Butcher soil	India: Viruthampattu, Tamil Nadu		non_saline_candidate	
GCF_055474445.1	Bacillus pretiosus	Scaffold	current	6376090	1179	SAMN53476620	Non-agricultural soil	Ecuador:Ambuqui		non_saline_candidate	
GCF_056237715.1	Bacillus pseudomycoides	Complete Genome	current	5121676	1	SAMN50521509	soil	USA: Brookings, South Dakota	wheat	non_saline_candidate	
GCF_001038765.1	Bacillus safensis	Contig	current	3670024	28	SAMN03751792	Plant	Malaysia: Malacca		non_saline_candidate	
GCF_001038905.1	Bacillus safensis	Contig	current	3670040	28	SAMN03751780	Plant	Malaysia: Malacca		non_saline_candidate	
GCF_001043695.1	Bacillus safensis	Contig	current	3671006	27	SAMN03392531	Plant	Malaysia: Malacca		non_saline_candidate	
GCF_002998315.1	Bacillus safensis	Scaffold	current	3730128	14	SAMN08634633	pea roots	China: Tibet, Nyingchi		non_saline_candidate	
GCF_006864165.1	Bacillus safensis	Contig	current	3674191	25	SAMN06921004	soil	Brazil: Brasilia		non_saline_candidate	
GCF_012972765.1	Bacillus safensis	Scaffold	current	3860391	47	SAMN14613776	soil	Brazil: Pocon Pantanal		non_saline_candidate	
GCF_015844685.1	Bacillus safensis	Contig	current	3751433	12	SAMN03654033	maybe soil	China		non_saline_candidate	
GCF_015844715.1	Bacillus safensis	Contig	current	3746618	12	SAMN03654034	maybe soil	China		non_saline_candidate	
GCF_015854405.1	Bacillus safensis	Contig	current	3753934	22	SAMN03651983	maybe soil	China		non_saline_candidate	
GCF_015854505.1	Bacillus safensis	Contig	current	3749721	12	SAMN03652119	maybe soil	China		non_saline_candidate	
GCF_015854515.1	Bacillus safensis	Contig	current	3746512	12	SAMN03652120	maybe soil	China		non_saline_candidate	
GCF_015854545.1	Bacillus safensis	Contig	current	3751598	23	SAMN03652044	maybe soil	China		non_saline_candidate	
GCF_018101255.1	Bacillus pumilus	Contig	current	3801654	33	SAMN16287488	roots	Brazil: Vacaria, Rio Grande do Sul (RS) State	Brassica napus	non_saline_candidate	
GCF_018101275.1	Bacillus safensis	Contig	current	3662671	16	SAMN16287487	roots	Brazil: Vacaria, Rio Grande do Sul (RS) State	Brassica napus	non_saline_candidate	
GCF_018101295.1	Bacillus safensis	Contig	current	3664210	37	SAMN16287486	roots	Brazil: Vacaria, Rio Grande do Sul (RS) State	Brassica napus	non_saline_candidate	
GCF_018101335.1	Bacillus safensis	Contig	current	3670235	23	SAMN16287485	roots	Brazil: Vacaria, Rio Grande do Sul (RS) State	Brassica napus	non_saline_candidate	
GCF_018361345.1	Bacillus safensis	Contig	current	3659546	46	SAMN06761400	tuberous root	Brazil	Sweet potato	non_saline_candidate	
GCF_020179025.1	Bacillus pumilus	Contig	current	3645212	33	SAMN20132760	rhizosphere	Australia:Sydney	wheat	non_saline_candidate	
GCF_020179095.1	Bacillus safensis	Contig	current	3832643	19	SAMN20132757	rhizosphere	Australia:Sydney	wheat	non_saline_candidate	
GCF_020535425.1	Bacillus pumilus	Complete Genome	current	3821535	2	SAMN14228080	sod-podzolic soil	Belarus		non_saline_candidate	
GCF_020908045.1	Bacillus pumilus	Scaffold	current	3667574	41	SAMN16976349		China	seed of leguminous plant	non_saline_candidate	
GCF_021398835.1	Bacillus safensis	Complete Genome	current	3745092	1	SAMN24429176	soil	South Korea		non_saline_candidate	
GCF_022758335.1	Bacillus pumilus	Scaffold	current	3640519	18	SAMN26871133	plant root	Pakistan: Lahore		non_saline_candidate	
GCF_023089635.1	Bacillus safensis	Scaffold	current	3955550	762	SAMN18644305	rhizosphere soil	India: Uttar Pradesh, Bulandsahar		non_saline_candidate	
GCF_023093895.1	Bacillus safensis	Complete Genome	current	3735476	1	SAMN27578315	soil	China: Nanjing		non_saline_candidate	
GCF_023195455.1	Bacillus safensis	Scaffold	current	3747727	21	SAMN27670919	black pine root	China		non_saline_candidate	
GCF_024498355.1	Bacillus pumilus	Complete Genome	current	3736781	2	SAMN29933354	soil	China:Inner Mongolia		non_saline_candidate	
GCF_025309755.1	Bacillus safensis	Complete Genome	current	3751152	1	SAMN30816007	Isolated from peanut rhizosphere soil	China: Guangxi,Nanning		non_saline_candidate	
GCF_026114325.1	Bacillus safensis	Contig	current	3615074	138	SAMN31577027	permafrost soil, Hyppo nunatak	Antarctica: Bunger Hills	not provided	non_saline_candidate	
GCF_026786405.1	Bacillus safensis	Scaffold	current	3599723	160	SAMN25520158	soil	France: Paris		non_saline_candidate	
GCF_026787025.1	Bacillus safensis	Scaffold	current	3766325	85	SAMN25843200	soil	France		non_saline_candidate	
GCF_026787045.1	Bacillus pumilus	Scaffold	current	3824931	143	SAMN25843198	soil	France: Pyrenees		non_saline_candidate	
GCF_026787055.1	Bacillus pumilus	Scaffold	current	3875490	91	SAMN25843199	soil	France: Pyrenees		non_saline_candidate	
GCF_026787085.1	Bacillus pumilus	Scaffold	current	3573144	441	SAMN25843197	soil	Canada: Grand Nord		non_saline_candidate	
GCF_026787105.1	Bacillus safensis	Scaffold	current	3708524	180	SAMN25843196	soil	India: Orissa		non_saline_candidate	
GCF_026787205.1	Bacillus safensis	Scaffold	current	3845269	224	SAMN25843191	soil	Greenland		non_saline_candidate	
GCF_026787225.1	Bacillus safensis	Scaffold	current	3860972	90	SAMN25843190	soil	Greenland		non_saline_candidate	
GCF_026787305.1	Bacillus safensis	Scaffold	current	3698105	189	SAMN25843186	soil	Greenland		non_saline_candidate	
GCF_026787335.1	Bacillus safensis	Scaffold	current	3686846	454	SAMN25843182	soil	Greenland		non_saline_candidate	
GCF_026787365.1	Bacillus safensis	Scaffold	current	3771918	28	SAMN25843185	soil	Greenland		non_saline_candidate	
GCF_026787445.1	Bacillus pumilus	Scaffold	current	3622944	43	SAMN25843179	soil	Greenland		non_saline_candidate	
GCF_026787785.1	Bacillus pumilus	Scaffold	current	3886449	21	SAMN25843162	soil	France: Col du Grand Saint Bernard		non_saline_candidate	
GCF_026787815.1	Bacillus safensis	Scaffold	current	3752049	98	SAMN25843161	soil	Cote d'Ivoire: Africa		non_saline_candidate	
GCF_026966935.1	Bacillus safensis	Contig	current	3641973	34	SAMN32130583	petroleum contaminated soil	India		non_saline_candidate	
GCF_027497635.1	Bacillus safensis	Scaffold	current	3798090	59	SAMN23574915	soil	Guatemala: Cubilhuitz		non_saline_candidate	
GCF_028463885.1	Bacillus safensis	Complete Genome	current	3769976	1	SAMN32902172	soil	South Korea:Sunchang		non_saline_candidate	
GCF_029211445.1	Bacillus safensis	Scaffold	current	3677242	14	SAMN32912879	soil, rose rhizosphere	USA: La Verne, California		non_saline_candidate	
GCF_029222365.1	Bacillus pumilus	Contig	current	3638165	20	SAMN33442706	soil	Greece		non_saline_candidate	
GCF_029222425.1	Bacillus pumilus	Contig	current	3638020	21	SAMN33442703	soil	Greece		non_saline_candidate	
GCF_029222445.1	Bacillus pumilus	Contig	current	3637742	22	SAMN33442702	soil	Greece		non_saline_candidate	
GCF_029222605.1	Bacillus pumilus	Contig	current	3638320	21	SAMN33442693	soil	Greece		non_saline_candidate	
GCF_029623775.1	Bacillus pumilus	Contig	current	3607672	24	SAMN34001268	rhizosphere soil	China: Hebei Province	potato	non_saline_candidate	
GCF_029634685.1	Bacillus pumilus	Complete Genome	current	3824664	1	SAMN26309570	soil	Germany		non_saline_candidate	
GCF_029857515.2	Bacillus pumilus	Complete Genome	current	3792642	2	SAMN33591697	soil	not applicable		non_saline_candidate	
GCF_029930515.1	Bacillus safensis	Contig	current	3667318	13	SAMN34340091	rhizosperic soil	Romania: Iasi	Zea mays	non_saline_candidate	
GCF_030122825.1	Bacillus pumilus	Complete Genome	current	3892007	1	SAMN34374851	forest soil	Denmark: Jaegersborg Dyrehave		non_saline_candidate	
GCF_030167015.1	Bacillus pumilus	Complete Genome	current	3813964	1	SAMN34374891	soil in warm, humid forested area with dark clay soils (5 cm deep)	Mexico: Tepoztlan, Morelos		non_saline_candidate	
GCF_030292035.1	Bacillus safensis	Complete Genome	current	3677506	2	SAMN34374889	pine forrest soil between two spruce trees	Germany: near Munchenroda, Jena		non_saline_candidate	
GCF_032911305.1	Bacillus safensis	Scaffold	current	3671999	23	SAMN37738838	plant	India: Kerala	Nerium oleander	non_saline_candidate	
GCF_035064525.1	Bacillus pumilus	Contig	current	3642418	15	SAMN20166712	rhizosphere	Uruguay	soybean	non_saline_candidate	
GCF_035810435.1	Bacillus rugosus	Scaffold	current	4142867	22	SAMN33940533	soil	USA		non_saline_candidate	
GCF_035818275.1	Bacillus pumilus	Scaffold	current	3654073	67	SAMN33940750	soil	Canada		non_saline_candidate	
GCF_035823515.1	Bacillus safensis	Contig	current	3775758	83	SAMN33940713	soil	not collected		non_saline_candidate	
GCF_035823575.1	Bacillus pumilus	Scaffold	current	3866169	79	SAMN33940710	soil	not collected		non_saline_candidate	
GCF_035823675.1	Bacillus safensis	Scaffold	current	3775522	53	SAMN33940704	soil	not collected		non_saline_candidate	
GCF_036209255.1	Bacillus safensis	Contig	current	3716738	20	SAMN32927412	soil	Canada: Winnipeg		non_saline_candidate	
GCF_036209295.1	Bacillus safensis	Scaffold	current	3757567	27	SAMN32927411	soil	Trinidad and Tobago: Trinidad, Talparo		non_saline_candidate	
GCF_036210225.1	Bacillus pumilus	Scaffold	current	3728010	54	SAMN32927368	soil	Israel: Evolution Canyon		non_saline_candidate	
GCF_036222405.1	Bacillus pumilus	Scaffold	current	3779973	27	SAMN33941058	soil	USA		non_saline_candidate	
GCF_036666035.1	Bacillus safensis	Contig	current	3740299	23	SAMN37253670	soil	India	rice	non_saline_candidate	
GCF_040337595.1	Bacillus pumilus	Contig	current	3686817	56	SAMN12262389	soil	Brazil: Brasilia		non_saline_candidate	
GCF_040829855.1	Bacillus pumilus	Scaffold	current	3821255	46	SAMN42518158	rhizosphere	Canada: Montreal	wheat	non_saline_candidate	
GCF_040893075.1	Bacillus pumilus	Complete Genome	current	3699913	1	SAMN42554341	rhizosphere of strawberry	Canada: Bouctouche, New-Brunswick		non_saline_candidate	
GCF_047424865.1	Bacillus pumilus	Complete Genome	current	3619818	2	SAMN45898837	soil	China		non_saline_candidate	
GCF_048891905.1	Bacillus pumilus	Contig	current	3800489	291	SAMN44109744	soil	Lithuania	Prunus domestica	non_saline_candidate	
GCF_049534475.1	Bacillus pumilus	Contig	current	3944696	921	SAMN44109745	soil	Lithuania	Prunus domestica	non_saline_candidate	
GCF_049534515.1	Bacillus pumilus	Contig	current	3720793	146	SAMN44109743	soil	Lithuania	Prunus domestica	non_saline_candidate	
GCF_050456785.1	Bacillus rhizoplanae	Scaffold	current	4578115	53	SAMN41009436	soil	Trinidad and Tobago: Trinidad, Talparo		non_saline_candidate	
GCF_050457625.1	Bacillus rhizoplanae	Contig	current	4429067	44	SAMN41009394	soil	Trinidad and Tobago: Trinidad		non_saline_candidate	
GCF_050457665.1	Bacillus rhizoplanae	Scaffold	current	4395446	211	SAMN41009392	soil	Trinidad and Tobago: Trinidad		non_saline_candidate	
GCF_050457685.1	Bacillus rhizoplanae	Contig	current	4435406	92	SAMN41009391	soil	Trinidad and Tobago: Trinidad		non_saline_candidate	
GCF_050459145.1	Bacillus pumilus	Contig	current	3786099	48	SAMN41009323	soil	France: Font Romeau, Pyrenees		non_saline_candidate	
GCF_050459165.1	Bacillus pumilus	Contig	current	3867500	83	SAMN41009322	soil	France: Font Romeau, Pyrenees		non_saline_candidate	
GCF_050459185.1	Bacillus pumilus	Contig	current	3637735	81	SAMN41009321	soil	Canada: Northern Regions		non_saline_candidate	
GCF_050459205.1	Bacillus pumilus	Contig	current	3643108	82	SAMN41009320	soil	Canada: Northern Regions		non_saline_candidate	
GCF_050470765.1	Bacillus pumilus	Contig	current	4034393	17	SAMN41397071	turf podozol soil	Russia		non_saline_candidate	
GCF_051814725.1	Bacillus pumilus	Contig	current	3688736	22	SAMN50280180	soil	South Africa: Limpopo Province		non_saline_candidate	
GCF_053570905.1	Bacillus pumilus	Contig	current	3715579	25	SAMN51205492	rhizosphere	Greece: Thrace, Orestiada	Solanum chilense	non_saline_candidate	
GCF_055179835.1	Bacillus pumilus	Contig	current	3610912	27	SAMN55039459	soil	Chile: San Pedro de Atacama		non_saline_candidate	
GCF_055597785.1	Bacillus pumilus	Complete Genome	current	3962614	1	SAMN55849006	sod-podzolic soil	Belarus: Gomel region		non_saline_candidate	
GCF_055694105.1	Bacillus pumilus	Complete Genome	current	3651153	1	SAMN54251678	soil	Italy		non_saline_candidate	
GCF_056237595.1	Bacillus pumilus	Complete Genome	current	3724538	1	SAMN50521516	soil	USA: Brookings, South Dakota	corn	non_saline_candidate	
GCF_056393465.1	Bacillus pumilus	Complete Genome	current	3657272	2	SAMN53076690	soil	China:Inner Mongolia		non_saline_candidate	
GCF_056781025.1	Bacillus pumilus	Complete Genome	current	3611834	1	SAMN56895992		China	soil	non_saline_candidate	
GCF_977007725.1	Bacillus pumilus	Complete Genome	current	3775567	1	SAMEA120226968	Petroleum hydrocarbon-degrading enrichment culture obtained through microcosm enrichment of a PHC-polluted soil: FR_PLO_05_A_M1	France		non_saline_candidate	
GCF_000798615.1	Bacillus siamensis	Contig	current	3961663	40	SAMN03216563	soil	Mexico: Papaloapan region		non_saline_candidate	
GCF_001518755.1	Bacillus sp. AM 13(2015)	Contig	current	3734657	99	SAMN04088739	soil	India		non_saline_candidate	
GCF_001679765.1	Bacillus sp. B25(2016b)	Chromosome	current	5113413	43	SAMN05256515	rhizospheric soil	Mexico: Sinaloa		non_saline_candidate	
GCF_002550645.1	Bacillus sp. AFS094611	Scaffold	current	5592442	75	SAMN07598637	core	USA: NC	Plant	non_saline_candidate	
GCF_002552175.1	Bacillus sp. AFS096315	Scaffold	current	5063370	81	SAMN07598668	soil	USA: IA		non_saline_candidate	
GCF_002555445.1	Bacillus sp. AFS017336	Scaffold	current	5704478	166	SAMN07597464	soil	USA: NY		non_saline_candidate	
GCF_002556365.1	Bacillus sp. AFS002410	Contig	current	5557433	115	SAMN07597269	soil	USA: NY		non_saline_candidate	
GCF_002557915.1	Bacillus sp. AFS014408	Scaffold	current	5127929	270	SAMN07597425	soil	USA: IA		non_saline_candidate	
GCF_002559405.1	Bacillus sp. AFS001701	Scaffold	current	5096173	802	SAMN07597255	soil	USA: IA		non_saline_candidate	
GCF_002560985.1	Bacillus sp. AFS018417	Scaffold	current	4652556	159	SAMN07597482	soil	USA: IA		non_saline_candidate	
GCF_002561455.1	Bacillus sp. AFS015802	Scaffold	current	4368902	76	SAMN07597442	soil	USA: NC		non_saline_candidate	
GCF_002561875.1	Bacillus sp. AFS017274	Scaffold	current	5702307	90	SAMN07597463	root	USA: OH	Corn	non_saline_candidate	
GCF_002566505.1	Bacillus sp. AFS077874	Scaffold	current	5055293	71	SAMN07598441	root	USA: IA	Corn	non_saline_candidate	
GCF_002567005.1	Bacillus sp. AFS073361	Scaffold	current	5631410	239	SAMN07598375	soil	USA: NY		non_saline_candidate	
GCF_002574545.1	Bacillus sp. AFS055030	Scaffold	current	4392053	93	SAMN07598124	plant root	USA: NC		non_saline_candidate	
GCF_002574965.1	Bacillus sp. AFS054943	Scaffold	current	5437718	217	SAMN07598122	soil	USA: NC		non_saline_candidate	
GCF_002577195.1	Bacillus sp. AFS041924	Scaffold	current	4634545	162	SAMN07597951	plant root	USA: NC		non_saline_candidate	
GCF_002577655.1	Bacillus sp. AFS040349	Scaffold	current	5258052	249	SAMN07597923	root	USA: MO	Soybean	non_saline_candidate	
GCF_002584635.1	Bacillus sp. AFS031507	Scaffold	current	6170817	142	SAMN07597818	root	USA: MN	Soybean	non_saline_candidate	
GCF_002584985.1	Bacillus sp. AFS029637	Scaffold	current	5016247	107	SAMN07597780	soil	USA: NC		non_saline_candidate	
GCF_002585125.1	Bacillus sp. AFS029533	Scaffold	current	5014565	92	SAMN07597777	soil	USA: IA		non_saline_candidate	
GCF_002585305.1	Bacillus sp. AFS037270	Scaffold	current	6606966	161	SAMN07597887	soil	USA: IA		non_saline_candidate	
GCF_002797395.1	Bacillus solitudinis	Scaffold	current	4678137	39	SAMN07249152	soil	China		non_saline_candidate	
GCF_002896395.1	Bacillus sp. AKBS9	Contig	current	5398728	80	SAMN08364573	soil	India		non_saline_candidate	
GCF_003400345.1	Bacillus sp. AW	Contig	current	5738904	48	SAMN09769422	soil	USA:New Hampshire, Town of Hanover, near Occom Pond		non_saline_candidate	
GCF_004367815.1	Bacillus sp. BH2	Contig	current	5779374	51	SAMN10992521	roots	Algeria: Oran	Tamarix aphylla	non_saline_candidate	
GCF_004367825.2	Bacillus sp. BH32	Contig	current	5661597	51	SAMN10992522	roots	Algeria: Djelfa	Atriplex halimus	non_saline_candidate	
GCF_006546985.1	Bacillus sp. 03113	Scaffold	current	4243931	44	SAMN11577514	rice soil	China	Oryza sativa	non_saline_candidate	
GCF_006680105.1	Bacillus sp. B4EP4a	Contig	current	5465679	147	SAMN12043774	soil	France: Dijon		non_saline_candidate	
GCF_007363175.1	Bacillus sp. BD59S	Complete Genome	current	5645291	3	SAMN10615492	soil	Bangladesh		non_saline_candidate	
GCF_008042285.1	Bacillus sp. AR13-1	Scaffold	current	5940870	78	SAMN09370088	soil	Argentina: Buenos Aires, a tawn park		non_saline_candidate	
GCF_008042305.1	Bacillus sp. AY18-3	Contig	current	5630700	60	SAMN09370069	soil	Kazakhstan: Almaty, a town park		non_saline_candidate	
GCF_008042335.1	Bacillus sp. AR18-7	Contig	current	5516795	73	SAMN09370076	soil	Argentina: Buenos Aires, a town park		non_saline_candidate	
GCF_008042345.1	Bacillus sp. AR8-1	Scaffold	current	5699974	101	SAMN09370081	soil	Argentina: Buenos Aires, a tawn park		non_saline_candidate	
GCF_008042375.1	Bacillus sp. BF9-10	Scaffold	current	5567370	86	SAMN09370077	soil	Burkina Faso: Kouba, public road		non_saline_candidate	
GCF_008274865.1	Bacillus sp. AR4-2	Complete Genome	current	5438461	3	SAMN09370080	soil	Argentina: Buenos Aires, a tawn park		non_saline_candidate	
GCF_008368745.1	Bacillus sp. AY1-10	Scaffold	current	5612767	63	SAMN09370078	soil	Kazakhstan: Almaty, a town park		non_saline_candidate	
GCF_008368755.1	Bacillus sp. AR2-1	Scaffold	current	6117091	75	SAMN09370071	soil	Argentina: Buenos Aires, a tawn park		non_saline_candidate	
GCF_008368785.1	Bacillus sp. AY3-1	Scaffold	current	5360530	61	SAMN09370072	soil	Kazakhstan: Almaty, a town park		non_saline_candidate	
GCF_008368795.1	Bacillus sp. BF2-3	Scaffold	current	5775243	85	SAMN09370082	soil	Burkina Faso: Kouba, public road		non_saline_candidate	
GCF_008368805.1	Bacillus sp. BB56-3	Scaffold	current	6256096	132	SAMN09370086	soil	Poland: Biebrza National Park buffer zone		non_saline_candidate	
GCF_008368845.1	Bacillus sp. BB51/4	Scaffold	current	5716405	51	SAMN09370074	soil	Poland: Biebrza National Park buffer zone		non_saline_candidate	
GCF_008368885.1	Bacillus sp. BPN334	Contig	current	5993266	69	SAMN09370070	soil	Poland: Bialowieza National Park		non_saline_candidate	
GCF_008368895.1	Bacillus sp. BB081	Scaffold	current	5442865	165	SAMN09370075	soil	Poland: Biebrza National Park buffer zone		non_saline_candidate	
GCF_008368965.1	Bacillus sp. AY2-1	Scaffold	current	5946462	357	SAMN09370083	soil	Kazakhstan: Almaty, a town park		non_saline_candidate	
GCF_009183765.1	Bacillus sp. B3-WWTP-C-10-D-3	Scaffold	current	5258704	52	SAMN12925047	waste water treatment plant, downstream	South Africa: North-West, Potchefstroom		non_saline_candidate	
GCF_009183785.1	Bacillus sp. B4-WWTP-NA-D-NA-NA	Scaffold	current	5648013	133	SAMN12925048	waste water treatment plant	South Africa: North-West, Potchefstroom		non_saline_candidate	
GCF_009183795.1	Bacillus sp. B1-WWTP-T-0.5-Post-4	Scaffold	current	5501654	65	SAMN12925045	waste water treatment plant, post chlorination	South Africa: North-West, Potchefstroom		non_saline_candidate	
GCF_009183805.1	Bacillus sp. B2-WWTP-C-10-Post-4	Scaffold	current	5710293	304	SAMN12925046	waste water treatment plant, post chlorination	South Africa: North-West, Potchefstroom		non_saline_candidate	
GCF_014534715.1	Bacillus sp. 2211	Contig	current	3884306	24	SAMN16077867	rice root	Thailand	Oryza sativa	non_saline_candidate	
GCF_014534735.1	Bacillus sp. 1021	Contig	current	3753774	26	SAMN16077866	rice root	Thailand	Oryza sativa	non_saline_candidate	
GCF_017161885.1	Bacillus sp. 3a	Chromosome	current	3721772	1	SAMN17221404	estuarine soil	Brazil: Regencia District, Espirito Santo State		non_saline_candidate	
GCF_017742235.1	Bacillus sp. 165	Contig	current	3545051	38	SAMN18520934	plant	China:Guangxi		non_saline_candidate	
GCF_019464555.1	Bacillus sp. 7D3	Complete Genome	current	3812926	1	SAMN19821082	wheat field soil	China: Nanjing		non_saline_candidate	
GCF_020783355.1	Bacillus sp. BC1-43	Complete Genome	current	4185798	2	SAMN22612658	soil	South Korea: Cheonan, Chungcheongnam-do		non_saline_candidate	
GCF_020861455.1	Bacillus sp. AF23	Contig	current	4256474	68	SAMN18387573	soils disturbed by subterranean fires	Mexico: Michoacan de Ocampo, Venustiano Carranza		non_saline_candidate	
GCF_020861495.1	Bacillus sp. AF12	Contig	current	3995228	52	SAMN18382521	soils disturbed by subterranean fires	Mexico: Michoacan de Ocampo, Venustiano Carranza		non_saline_candidate	
GCF_021341655.1	Bacillus sp. Au-Bac7	Contig	current	5493637	74	SAMN24405679	soil	China: Fujian, Longyan, Zijin gold and copper mine		non_saline_candidate	
GCF_024453785.1	Bacillus siamensis	Complete Genome	current	4020075	1	SAMN29759001	root tuber	China: Zhejiang	wenyujin	non_saline_candidate	
GCF_024722355.1	Bacillus sp. BAC	Complete Genome	current	4226888	1	SAMN30161627	soil	China:Gansu		non_saline_candidate	
GCF_026114335.1	Bacillus sp. AS_3	Contig	current	5503542	59	SAMN31578917	medicinal plant	South Africa	Alectra sessiliflora	non_saline_candidate	
GCF_026240955.1	Bacillus sp. AS_5	Contig	current	5510121	38	SAMN31580292	medicinal plant	South Africa	Alectra sessiliflora	non_saline_candidate	
GCF_027497645.1	Bacillus siamensis	Scaffold	current	3916442	72	SAMN23574916	soil	Guatemala: San Vicente Pacaya		non_saline_candidate	
GCF_028401955.1	Bacillus sp. BP-3	Scaffold	current	5016350	80	SAMN32886131	paddy soil	China:Chenzhou		non_saline_candidate	
GCF_028664335.1	Bacillus sp. AGSP2	Contig	current	4027925	54	SAMN32292702	soil/sediment	India: Ankleshwar, Guajrat		non_saline_candidate	
GCF_028728315.1	Bacillus sp. BLCC1-0148	Contig	current	5665044	4	SAMN31844956	rhizosphere soil	China	Rehmannia glutinosa	non_saline_candidate	
GCF_029536185.1	Bacillus sp. B28	Complete Genome	current	4132583	1	SAMN33764126	peanut rhizosphere soil	China: Qingdao, Shandong province	missing	non_saline_candidate	
GCF_030386235.1	Bacillus sp. B.PNR1	Scaffold	current	4113144	9	SAMN30608759	agricultural soil near extinct volcano	Thailand: Buriram, Panaom Rung		non_saline_candidate	
GCF_030403765.1	Bacillus sp. B.PNR2	Scaffold	current	4112807	10	SAMN32746351	Agicultural soil	Thailand: Buriram		non_saline_candidate	
GCF_031324045.1	Bacillus sonorensis	Contig	current	4673031	59	SAMN34375037	rhizosphere soil	China: Yuxi, Yunnan Province		non_saline_candidate	
GCF_033194935.1	Bacillus sp. 31	Contig	current	4051713	40	SAMN37737277	soil	Tunisia		non_saline_candidate	
GCF_034317825.1	Bacillus sp. AG1	Contig	current	4227683	27	SAMN38380496	soil	Tunisia:Sfax		non_saline_candidate	
GCF_035809995.1	Bacillus sonorensis	Scaffold	current	4422874	26	SAMN33940553	soil	USA		non_saline_candidate	
GCF_035810035.1	Bacillus sonorensis	Scaffold	current	4411747	34	SAMN33940552	soil	USA		non_saline_candidate	
GCF_035810055.1	Bacillus sonorensis	Scaffold	current	4667006	28	SAMN33940551	soil	USA		non_saline_candidate	
GCF_035810065.1	Bacillus sonorensis	Scaffold	current	4653266	42	SAMN33940550	soil	USA		non_saline_candidate	
GCF_035810075.1	Bacillus sonorensis	Scaffold	current	4406485	22	SAMN33940548	soil	USA		non_saline_candidate	
GCF_035810115.1	Bacillus sonorensis	Scaffold	current	4476894	26	SAMN33940549	soil	USA		non_saline_candidate	
GCF_035810135.1	Bacillus sonorensis	Scaffold	current	4429968	23	SAMN33940547	soil	USA		non_saline_candidate	
GCF_035822615.1	Bacillus siamensis	Scaffold	current	3701307	28	SAMN33940735	soil	India		non_saline_candidate	
GCF_035830835.1	Bacillus sp. AAVF1	Contig	current	4324706	39	SAMN39255887	soil	Mexico: Sonora		non_saline_candidate	
GCF_036211585.1	Bacillus smithii	Scaffold	current	3473922	101	SAMN32927296	soil	not collected		non_saline_candidate	
GCF_036211625.1	Bacillus smithii	Scaffold	current	3472875	105	SAMN32927294	soil	not collected		non_saline_candidate	
GCF_036211705.1	Bacillus salipaludis	Scaffold	current	6380214	109	SAMN32927288	soil	not collected		non_saline_candidate	
GCF_036440575.1	Bacillus sp. 5001	Contig	current	4465291	198	SAMN39623910	soil	Mexico:Guanajuato		non_saline_candidate	
GCF_037027485.1	Bacillus sp. 205(2023)	Contig	current	4135435	62	SAMN38274873	soil	Tunisia: Kebili	Soil Kebili	non_saline_candidate	
GCF_037027505.1	Bacillus sp. 204(2023)	Contig	current	4027383	36	SAMN38274872	soil	Tunisia: Mednine	Allium roseum	non_saline_candidate	
GCF_039134555.1	Bacillus sp. BR3(2024)	Complete Genome	current	6011357	6	SAMN40127310	soil	China:Guangxi		non_saline_candidate	
GCF_040716265.1	Bacillus siamensis	Scaffold	current	3750285	13	SAMN36379395	Acid sulfate soil from rice cultivation	Viet Nam: Kien Giang province		non_saline_candidate	
GCF_040716295.1	Bacillus siamensis	Scaffold	current	3823780	13	SAMN36379394	Acid sulfate soil from rice cultivation	Viet Nam: Kien Giang province		non_saline_candidate	
GCF_043677075.1	Bacillus safensis	Contig	current	3614609	14	SAMN43792388	soil	Bangladesh		non_saline_candidate	
GCF_045277205.1	Bacillus sp. A01H	Complete Genome	current	5910996	6	SAMN33196481	soil	China		non_saline_candidate	
GCF_046245155.1	Bacillus safensis	Complete Genome	current	3793516	1	SAMN45812046		China: Guizhou	Soil	non_saline_candidate	
GCF_046267945.1	Bacillus safensis	Complete Genome	current	3787572	1	SAMN45832065	soil	China: Bijie		non_saline_candidate	
GCF_047305475.1	Bacillus sp. 3P20	Complete Genome	current	5544404	4	SAMN37669924	rhizosphere soil	Malaysia	Pteris vittata	non_saline_candidate	
GCF_047307045.1	Bacillus sp. A31	Scaffold	current	3642156	29	SAMN38528114	soil	China: Anda	Salix	non_saline_candidate	
GCF_049542595.1	Bacillus safensis	Scaffold	current	3686322	10	SAMN47542913	roots	India: Gujarat	Lantana camara	non_saline_candidate	
GCF_049786945.1	Bacillus sp. B38	Contig	current	4044673	74	SAMN39481344	soil	not provided	not provided	non_saline_candidate	
GCF_050312635.1	Bacillus sp. AF42	Contig	current	4003376	55	SAMN41636851	soils disturbed by subterranean fires	Mexico: Michoacan de Ocampo, Venustiano Carranza		non_saline_candidate	
GCF_050312645.1	Bacillus sp. AF53	Contig	current	5669325	71	SAMN41636852	soils disturbed by subterranean fires	Mexico: Michoacan de Ocampo, Venustiano Carranza		non_saline_candidate	
GCF_050312655.1	Bacillus sp. AF56	Contig	current	5905702	104	SAMN41637125	soils disturbed by subterranean fires	Mexico: Michoacan de Ocampo, Venustiano Carranza		non_saline_candidate	
GCF_050312695.1	Bacillus sp. AF62	Contig	current	6259828	339	SAMN41637204	soils disturbed by subterranean fires	Mexico: Michoacan de Ocampo, Venustiano Carranza		non_saline_candidate	
GCF_050379575.1	Bacillus sp. alh8	Contig	current	4184253	21	SAMN48391031	soil	Kuwait		non_saline_candidate	
GCF_050464565.1	Bacillus sonorensis	Scaffold	current	4574025	27	SAMN41009171	soil	USA: Tumanoc Hill, Arizona		non_saline_candidate	
GCF_050465685.1	Bacillus smithii	Scaffold	current	3406760	106	SAMN41009141	soil	Not Collected		non_saline_candidate	
GCF_050465705.1	Bacillus smithii	Scaffold	current	3383340	29	SAMN41009140	soil	Not Collected		non_saline_candidate	
GCF_050466145.1	Bacillus salipaludis	Scaffold	current	5625407	85	SAMN41009132	soil	Not Collected		non_saline_candidate	
GCF_051294775.1	Bacillus sp. 'calajunan'	Scaffold	current	6027683	724	SAMN49769117	soil	Philippines: Iloilo		non_saline_candidate	
GCF_051425535.1	Bacillus safensis	Complete Genome	current	3795137	1	SAMN49699285	chernozem soils	Russia: SFedU Botanical Garden		non_saline_candidate	
GCF_052044605.1	Bacillus sp. 22483	Scaffold	current	3723718	43	SAMN50301473	rhizosphere soil	China:Shandong, Linqu		non_saline_candidate	
GCF_052044835.1	Bacillus sp. 22475	Scaffold	current	6284914	130	SAMN50301471	rhizosphere soil	China:Shandong, Linqu		non_saline_candidate	
GCF_052044955.1	Bacillus sp. 22446	Scaffold	current	3745450	40	SAMN50301464	rhizosphere soil	China:Shandong, Linqu		non_saline_candidate	
GCF_052045225.1	Bacillus sp. 22293	Scaffold	current	4041503	36	SAMN50301448	rhizosphere soil	China:Guizhou, Bijie		non_saline_candidate	
GCF_052045475.1	Bacillus sp. 22266	Scaffold	current	4041380	32	SAMN50301444	rhizosphere soil	China:Guizhou, Bijie		non_saline_candidate	
GCF_052045575.1	Bacillus sp. 22190	Scaffold	current	3850320	61	SAMN50301436	rhizosphere soil	China:Henan, Biyang		non_saline_candidate	
GCF_052682215.1	Bacillus sp. 1A	Contig	current	6311226	1	SAMN51206708	plant root tip	USA: California		non_saline_candidate	
GCF_053291865.1	Bacillus safensis	Complete Genome	current	3663256	1	SAMN50033526	Cypress rhizosphere soil	China:Beijing		non_saline_candidate	
GCF_053543735.1	Bacillus safensis	Contig	current	3600504	1086	SAMN43406637	Foliar	not provided	plant	non_saline_candidate	
GCF_053903065.1	Bacillus sp. AK031	Complete Genome	current	4310667	2	SAMN27610246	soil	Saudi Arabia: Thwual	Avicennia marina	non_saline_candidate	
GCF_053903075.1	Bacillus sp. AK128	Complete Genome	current	4712946	1	SAMN27610249	Plant	Saudi Arabia: Thwual	Avicennia marina	non_saline_candidate	
GCF_053903085.1	Bacillus sp. AK124	Complete Genome	current	4330884	1	SAMN27610248	Plant	Saudi Arabia: Thwual	Avicennia marina	non_saline_candidate	
GCF_053903095.1	Bacillus sp. AK130	Complete Genome	current	4330942	1	SAMN27610250	Plant	Saudi Arabia: Thwual	Avicennia marina	non_saline_candidate	
GCF_054343815.1	Bacillus safensis	Scaffold	current	3762819	35	SAMN52903209	soil	Uzbekistan: Tashkent		non_saline_candidate	
GCF_054456595.1	Bacillus sp. BMG-18	Complete Genome	current	4126734	1	SAMN54312534	roots	China: Xi an Village, Lanying Township, Wuxi County, Chongqing	Fritillaria taipaiensis	non_saline_candidate	
GCF_055790345.1	Bacillus sonorensis	Contig	current	4680094	99	SAMN56339940	soil	China:Jingzhou		non_saline_candidate	
GCF_056033925.1	Bacillus sp. AMCV2	Contig	current	4094482	3	SAMN54166495	rhizosphere	Argentina	Vitis vinifera	non_saline_candidate	
GCF_056098965.1	Bacillus safensis	Contig	current	3840292	39	SAMN45878040	rhizosphere	Mexico: Yaqui Valley	wheat	non_saline_candidate	
GCF_056098985.1	Bacillus sp. 11B20	Contig	current	3759824	19	SAMN45897228	soil	Mexico: Yaqui Valley	maize	non_saline_candidate	
GCF_056155665.1	Bacillus sp. BD59S	Contig	current	5141448	111	SAMN47579046	soil	Bangladesh		non_saline_candidate	
GCF_056172715.1	Bacillus sp. ABR	Contig	current	3732868	20	SAMN31300158	Kurseong tea garden soil	India: Kurseong		non_saline_candidate	
GCF_056395645.1	Bacillus sp. 10L38	Contig	current	5799769	79	SAMN42773526	root	Netherlands: Reijerscamp	Arabidopsis thaliana Col-0	non_saline_candidate	
GCF_056396725.1	Bacillus sp. 05T31	Scaffold	current	5718345	1540	SAMN42773471	root	Netherlands: Reijerscamp	Arabidopsis thaliana Col-0	non_saline_candidate	
GCF_056396765.1	Bacillus sp. 05T22	Contig	current	5380588	317	SAMN42773469	root	Netherlands: Reijerscamp	Arabidopsis thaliana Col-0	non_saline_candidate	
GCF_056396785.1	Bacillus sp. 05T21	Contig	current	6283810	128	SAMN42773468	root	Netherlands: Reijerscamp	Arabidopsis thaliana Col-0	non_saline_candidate	
GCF_056396905.1	Bacillus sp. 05N44	Contig	current	5936015	298	SAMN42773464	root	Netherlands: Reijerscamp	Arabidopsis thaliana Col-0	non_saline_candidate	
GCF_056397025.1	Bacillus sp. 05N43	Contig	current	5992189	108	SAMN42773456	root	Netherlands: Reijerscamp	Arabidopsis thaliana Col-0	non_saline_candidate	
GCF_056397985.1	Bacillus sp. 05L412_4	Contig	current	5743441	842	SAMN42773407	root	Netherlands: Reijerscamp	Arabidopsis thaliana Col-0	non_saline_candidate	
GCF_056398025.1	Bacillus sp. 05L412	Contig	current	3793303	32	SAMN42773404	root	Netherlands: Reijerscamp	Arabidopsis thaliana Col-0	non_saline_candidate	
GCF_056398845.1	Bacillus sp. 01T419_2	Contig	current	5941159	311	SAMN42773363	root	Netherlands: Reijerscamp	Arabidopsis thaliana Col-0	non_saline_candidate	
GCF_056399205.1	Bacillus sp. 01N45	Contig	current	5778234	85	SAMN42773345	root	Netherlands: Reijerscamp	Arabidopsis thaliana Col-0	non_saline_candidate	
GCF_056399565.1	Bacillus sp. 01N42_2	Contig	current	3769664	25	SAMN42773327	root	Netherlands: Reijerscamp	Arabidopsis thaliana Col-0	non_saline_candidate	
GCF_056770595.1	Bacillus sp. B1	Contig	current	5777022	37	SAMN56718554	soil	China: Henan		non_saline_candidate	
GCF_056777025.1	Bacillus safensis	Contig	current	3621484	21	SAMN54765072	soil treated with glyphosate, other pesticides, fungicides, insecticides, water-soluble fertilizers	Serbia: Smederevska Palanka		non_saline_candidate	
GCF_056821635.1	Bacillus safensis	Contig	current	3741631	14	SAMN54294570	soil	Pakistan: Lahore		non_saline_candidate	
GCF_000633295.1	Bacillus sp. H1m	Contig	current	5702631	178	SAMN02729847	Carnivorous Plant Phytotelma	Malaysia		non_saline_candidate	
GCF_000633475.1	Bacillus sp. H1a	Contig	current	5751430	167	SAMN02729850	Carnivorous Plant Phytotelma	Malaysia		non_saline_candidate	
GCF_001183905.1	Bacillus sp. FJAT-27445	Scaffold	current	4188775	341	SAMN03840764	soil	China: Yunnan		non_saline_candidate	
GCF_001183965.1	Bacillus sp. FJAT-27916	Scaffold	current	4154233	38	SAMN03840768	soil	China: Yunnan		non_saline_candidate	
GCF_001183975.1	Bacillus sp. FJAT-27231	Scaffold	current	4332205	18	SAMN03840767	soil	China: Jinlin		non_saline_candidate	
GCF_001184755.1	Bacillus sp. FJAT-27238	Scaffold	current	6134829	4	SAMN03840765	soil	China: Jilin		non_saline_candidate	
GCF_001273925.1	Bacillus sp. FJAT-27251	Scaffold	current	5043950	81	SAMN03853466	soil	China: Jinlin		non_saline_candidate	
GCF_001273955.1	Bacillus sp. FJAT-27245	Scaffold	current	4606627	22	SAMN03853470	soil	China: Jinlin		non_saline_candidate	
GCF_001278755.1	Bacillus sp. FJAT-22090	Chromosome	current	4215291	2	SAMN04009131	soil	China:Jiangxi		non_saline_candidate	
GCF_001278805.1	Bacillus sp. FJAT-18017	Chromosome	current	5265521	1	SAMN04009150	soil	China:Jiangxi		non_saline_candidate	
GCF_001420605.1	Bacillus sp. FJAT-25509	Scaffold	current	5117549	43	SAMN04038045	soil	China: Sichuan		non_saline_candidate	
GCF_001509555.1	Bacillus sp. FJAT-29937	Scaffold	current	4551322	44	SAMN04099166	soil	China: Fujian		non_saline_candidate	
GCF_001510665.1	Bacillus sp. FJAT-27445	Scaffold	current	4588063	57	SAMN04102801	soil	China:Yunnan		non_saline_candidate	
GCF_001510715.1	Bacillus sp. FJAT-29814	Scaffold	current	5888440	60	SAMN04102798	soil	China:Fujian		non_saline_candidate	
GCF_001682855.1	Bacillus sp. FJAT-27264	Scaffold	current	6681755	40	SAMN05003917	soil	China: Yunnan		non_saline_candidate	
GCF_001682865.1	Bacillus sp. FJAT-26390	Scaffold	current	7433303	43	SAMN04994729	soil	China: Xizang		non_saline_candidate	
GCF_001685025.1	Bacillus sp. FJAT-27225	Contig	current	5166106	27	SAMN05003852	soil	China: Heilongjiang		non_saline_candidate	
GCF_001685035.1	Bacillus sp. FJAT-27986	Contig	current	3817878	20	SAMN05006709	soil	China: Sichuan		non_saline_candidate	
GCF_001719225.1	Bacillus sp. FJAT-14266	Complete Genome	current	4109356	1	SAMN04631804	soil	China:Fujian		non_saline_candidate	
GCF_002335755.1	Bacillus sp. FJAT-45066	Scaffold	current	3899609	5	SAMN07212119	soil	China		non_saline_candidate	
GCF_002335805.1	Bacillus sp. FJAT-45350	Scaffold	current	4301594	23	SAMN07212143	soil	China		non_saline_candidate	
GCF_002797315.1	Bacillus sp. FJAT-44742	Scaffold	current	3989367	8	SAMN07249150	soil	China		non_saline_candidate	
GCF_002797325.1	Bacillus sp. FJAT-45037	Scaffold	current	3373087	5	SAMN07212054	soil	China		non_saline_candidate	
GCF_002797375.1	Bacillus sp. FJAT-42315	Scaffold	current	3708137	52	SAMN07249165	soil	China		non_saline_candidate	
GCF_002998455.1	Bacillus sp. GBSC66	Scaffold	current	3570267	23	SAMN08634935	grass roots	China: Tibet, Nyingchi		non_saline_candidate	
GCF_002998655.1	Bacillus sp. GBSW19	Scaffold	current	3618693	13	SAMN08637791	soil	China: Tibet		non_saline_candidate	
GCF_002998675.1	Bacillus sp. GBSW2	Scaffold	current	3676222	19	SAMN08636683	pea roots	China: Tibet, Nyingchi		non_saline_candidate	
GCF_002998705.1	Bacillus sp. CJCL2	Contig	current	3591979	17	SAMN08637794	soil	China: Tibet		non_saline_candidate	
GCF_003330965.1	Bacillus sp. DM2	Complete Genome	current	4322871	2	SAMN09630362	soil	China: Qinghai-Tibet Plateau		non_saline_candidate	
GCF_003355115.1	Bacillus sp. COPE52	Chromosome	current	5806513	74	SAMN09462204	Root endosphere	Mexico: Los Reyes, Michoacan	Rubus ulmifolius	non_saline_candidate	
GCF_003400205.1	Bacillus sp. HNG	Contig	current	4967308	60	SAMN09769430	soil	USA: NH, Town of Hanover		non_saline_candidate	
GCF_003400245.1	Bacillus sp. dmp10	Contig	current	5945787	41	SAMN09769431	soil	USA: New Hampshire, Town of Hanover, park adjacent to Geisel Medical School		non_saline_candidate	
GCF_003400325.1	Bacillus sp. HMG	Contig	current	3693643	13	SAMN09769434	soil	USA: New Hampshire, Town of Hanover		non_saline_candidate	
GCF_003401715.1	Bacillus sp. dmp5	Contig	current	5718222	47	SAMN09769486	soil	USA: New Hampshire, Town of Hanover, park adjacent to Geisel Medical School		non_saline_candidate	
GCF_003429225.1	Bacillus sp. E25	Chromosome	current	5915788	99	SAMN09461924	Tomato plant endosphere	Mexico: Zamora, Michoacan	Physalis ixocarpa	non_saline_candidate	
GCF_003816055.1	Bacillus sp. FJAT-42376	Chromosome	current	4253348	1	SAMN07249159	soil	China		non_saline_candidate	
GCF_006349665.1	Bacillus sp. CD3-5	Contig	current	5190752	50	SAMN11964776	Brassica juncea rhizosphere	Viet Nam		non_saline_candidate	
GCF_006349675.1	Bacillus sp. CD3-1a	Contig	current	5150560	40	SAMN11964783	Brassica juncea rhizosphere	Viet Nam		non_saline_candidate	
GCF_008274905.1	Bacillus sp. JAS24-2	Complete Genome	current	6129653	3	SAMN09370087	soil	Poland: Jasienowka, farmland		non_saline_candidate	
GCF_008368945.1	Bacillus sp. JAS102	Scaffold	current	5266143	59	SAMN09370079	soil	Poland: Jasienowka, farmland		non_saline_candidate	
GCF_012624885.1	Bacillus sp. ISTL8	Contig	current	5559890	20	SAMN12288742	soil of landfill site	India: Ghazipur landfill, New Delhi		non_saline_candidate	
GCF_012843265.1	Bacillus sp. DNRA2	Contig	current	4406083	106	SAMN14556205	rice paddy soil	South Korea: Chungnam National University (CNU) agricultural research site		non_saline_candidate	
GCF_014926325.1	Bacillus sp. IGA-FME-2	Contig	current	3955076	40	SAMN16400875	plants of commercial interest	China	Glycine max	non_saline_candidate	
GCF_018139665.1	Bacillus sp. CCNWLCWHY013	Scaffold	current	4212765	23	SAMN18789873	soil	China:Luochuan		non_saline_candidate	
GCF_018343515.1	Bacillus sp. FJAT-50079	Scaffold	current	4739423	21	SAMN19008749	rhizosphere soil	China:Zhangzhou	citrus	non_saline_candidate	
GCF_018343615.1	Bacillus sp. FJAT-49736	Scaffold	current	4423788	24	SAMN19008744	rhizosphere soil	China:Zhangzhou	citrus	non_saline_candidate	
GCF_018343715.1	Bacillus sp. FJAT-49711	Scaffold	current	4767936	27	SAMN19008741	rhizosphere soil	China:Zhangzhou	citrus	non_saline_candidate	
GCF_019039175.1	Bacillus sp. FJAT-27001	Scaffold	current	4116982	83	SAMN05687775	soil	China:Yunnan		non_saline_candidate	
GCF_019039215.1	Bacillus sp. FJAT-29790	Scaffold	current	4546172	129	SAMN05687774	root	China:Fujian		non_saline_candidate	
GCF_019091155.1	Bacillus sp. GbtcB15	Scaffold	current	4073835	647	SAMN18679173	root endophyte	China: Linyi	Ginkgo biloba	non_saline_candidate	
GCF_019091205.1	Bacillus sp. GbtcB14	Scaffold	current	5817638	380	SAMN18679172	root endophyte	China: Linyi	Ginkgo biloba	non_saline_candidate	
GCF_019091225.1	Bacillus sp. GbtcB13	Contig	current	4498021	660	SAMN18679171	root endophyte	China: Linyi	Ginkgo biloba	non_saline_candidate	
GCF_019091365.1	Bacillus sp. GbtcB10	Scaffold	current	3893306	507	SAMN18679168	root endophyte	China: Linyi	Ginkgo biloba	non_saline_candidate	
GCF_020149975.1	Bacillus sp. CRB-7	Complete Genome	current	5264724	2	SAMN21211841	soil	China:Chengdu		non_saline_candidate	
GCF_021043345.1	Bacillus sp. BS3(2021)	Contig	current	4351328	27	SAMN23443024	soil	Pakistan		non_saline_candidate	
GCF_023270245.1	Bacillus sp. C21	Contig	current	4039111	24	SAMN27553940	soil cooling of temperate crop in the tropical climate	Malaysia: Universiti Teknologi Malaysia, Greenhouse		non_saline_candidate	
GCF_023823855.1	Bacillus sp. CMF12	Complete Genome	current	5298346	1	SAMN22304401	soil	China		non_saline_candidate	
GCF_024398395.1	Bacillus sp. FS02	Complete Genome	current	3773439	1	SAMN18917214	soil	India: Palampur, HP		non_saline_candidate	
GCF_024712505.1	Bacillus sp. IBL03825	Contig	current	6186450	5	SAMN29019224	cave soil	Jamaica		non_saline_candidate	
GCF_029222485.1	Bacillus sp. Cr_R3	Contig	current	5951258	81	SAMN33442700	soil	Greece		non_saline_candidate	
GCF_029222545.1	Bacillus sp. Cr_R16	Contig	current	5946711	108	SAMN33442698	soil	Greece		non_saline_candidate	
GCF_029222665.1	Bacillus sp. Cr_A10	Contig	current	3986735	30	SAMN33442690	soil	Greece		non_saline_candidate	
GCF_030292155.1	Bacillus sp. DX3.1	Complete Genome	current	5688347	9	SAMN34510080	field soil	Germany: Heida		non_saline_candidate	
GCF_030348195.1	Bacillus sp. DX4.1	Contig	current	5629426	8	SAMN34510081	grassland soil	Germany: Heida		non_saline_candidate	
GCF_030348225.1	Bacillus sp. DX1.1	Contig	current	5642017	8	SAMN34510077	pine forrest soil between two spruce trees	Germany: near Munchenroda, Jena		non_saline_candidate	
GCF_032461565.1	Bacillus sp. IG6	Contig	current	4506847	135	SAMN37346994	Date palm rhizosphere	Tunisia		non_saline_candidate	
GCF_032461585.1	Bacillus sp. IS1	Contig	current	4417661	54	SAMN37346544	date palm rhizosphere	Tunisia		non_saline_candidate	
GCF_032461625.1	Bacillus sp. IG2	Contig	current	4440413	94	SAMN37311298	rhizosphere data palm	Tunisia		non_saline_candidate	
GCF_033194635.1	Bacillus sp. ICE1	Contig	current	4000682	50	SAMN37950553	roots	Mexico: Celaya, Guanajuato	Agave tequilana	non_saline_candidate	
GCF_035065055.1	Bacillus sp. DAG6	Contig	current	5306532	52	SAMN38245993	roots	Russia:Samur forest	Populus alba	non_saline_candidate	
GCF_037083485.1	Bacillus sp. CCNWLW147	Scaffold	current	6465501	80	SAMN39993313	soil	China:Shannxi		non_saline_candidate	
GCF_037083625.1	Bacillus sp. CCNWLW75	Scaffold	current	6465981	81	SAMN39992840	soil	China:Shannxi		non_saline_candidate	
GCF_037120585.1	Bacillus sp. CCNWLW194	Scaffold	current	6461468	78	SAMN40127321	soil	China:Shannxi		non_saline_candidate	
GCF_038007225.1	Bacillus sp. FSL W8-0102	Contig	current	3777059	3	SAMN30670321	Powder Plant	not applicable	not applicable	non_saline_candidate	
GCF_040838255.1	Bacillus sp. C30	Contig	current	4298214	584	SAMN42513491	soil	United Kingdom: Scotland, Aberdeen		non_saline_candidate	
GCF_040940185.1	Bacillus sp. HSTU-bmb18	Contig	current	5518763	291	SAMN15577024	lake ground soil	Bangladesh: Sadar, Dinajpur		non_saline_candidate	
GCF_046054275.1	Bacillus sp. GX	Scaffold	current	5739651	57	SAMN44828888	soil	China:Nanchong		non_saline_candidate	
GCF_046351715.1	Bacillus sp. Bva_UNVM-123	Scaffold	current	5119099	173	SAMN18815149	soil	Argentina		non_saline_candidate	
GCF_046599285.1	Bacillus sp. C15	Contig	current	3973763	16	SAMN46069079	ginseng plant	Missing: data agreement established pre-2023		non_saline_candidate	
GCF_049178875.1	Bacillus sp. J14	Contig	current	3935075	32	SAMN47539852		China:Mudanjiang	Plant	non_saline_candidate	
GCF_053545315.1	Bacillus sp. CIS52	Contig	current	3730861	13	SAMN44474650	rhizosphere of sugar cane crops	Mexico: El Sidral, Ciudad Valles San Luis Potosi	Saccharum officinarum	non_saline_candidate	
GCF_054570475.1	Bacillus sp. C1	Scaffold	current	5169516	44	SAMN54531316	rhizosphere, land salinization	China: Daqing		non_saline_candidate	
GCF_055502545.1	Bacillus sp. CZDM1	Contig	current	5883992	46	SAMN55066585	paddy soil	China: Hunan province, Chenzhou		non_saline_candidate	
GCF_055825275.1	Bacillus sp. GS3m_15504	Contig	current	5811235	49	SAMN56336210	rhizosphere soil	Tunisia: Gabes	Plant	non_saline_candidate	
GCF_056033865.1	Bacillus sp. FAU20	Contig	current	5438544	29	SAMN54166498	rhizosphere	Argentina	Vitis vinifera	non_saline_candidate	
GCF_056033885.1	Bacillus sp. FAU18	Contig	current	4212652	5	SAMN54166497	rhizosphere	Argentina	Vitis vinifera	non_saline_candidate	
GCF_056341055.1	Bacillus sp. HN03	Complete Genome	current	3983006	1	SAMN26816379	soil	China:Hainan		non_saline_candidate	
GCF_918741275.1	Bacillus sp. CECT 9360	Contig	current	4076327	39	SAMEA10029473	drinking water from drinking water treatment plant	Spain		non_saline_candidate	
GCF_000970445.1	Bacillus sp. TH008	Scaffold	current	4458714	135	SAMN03291350	soil	USA: Ohio, Columbus, banks of Olentangy River		non_saline_candidate	
GCF_001043515.1	Bacillus sp. LK7	Contig	current	4003810	52	SAMN03392477	Plant	Malaysia: Malacca		non_saline_candidate	
GCF_001043575.1	Bacillus sp. LK2	Contig	current	5439362	116	SAMN03390108	Plant	Malaysia: Malacca		non_saline_candidate	
GCF_001043795.1	Bacillus sp. LK10	Contig	current	3687890	71	SAMN03392522	Plant	Malaysia: Malacca		non_saline_candidate	
GCF_001429445.1	Bacillus sp. Root920	Scaffold	current	3676263	15	SAMN04155877		Germany:Cologne	Arabidopsis thaliana	non_saline_candidate	
GCF_001429465.1	Bacillus sp. Root11	Scaffold	current	6621700	63	SAMN04155694		Germany:Cologne	Arabidopsis thaliana	non_saline_candidate	
GCF_001429475.1	Bacillus sp. Root131	Scaffold	current	6523787	61	SAMN04155720		Germany:Cologne	Arabidopsis thaliana	non_saline_candidate	
GCF_001444735.1	Bacillus sp. TH007	Contig	current	3687156	19	SAMN03760075	soil	USA: Columbus, Ohio		non_saline_candidate	
GCF_001940785.1	Bacillus sp. MRMR6	Contig	current	5438354	96	SAMN06140743	Underwater soil	USA: Mendota, CA	not applicable	non_saline_candidate	
GCF_002209985.1	Bacillus sp. K2I17	Scaffold	current	6112111	147	SAMN07259826	soil	Chile: Antarctic territory		non_saline_candidate	
GCF_002218325.1	Bacillus sp. M13(2017)	Scaffold	current	5873661	52	SAMN06323232	soil	China: Kanas Lake		non_saline_candidate	
GCF_002278635.1	Bacillus sp. X2(2017)	Contig	current	4125163	38	SAMN07442101	soil	India: Assam		non_saline_candidate	
GCF_002803435.1	Bacillus sp. mrc49	Contig	current	5730998	814	SAMN08042501	Sacred grove	India:East Khasi Hills Meghalaya	Soil	non_saline_candidate	
GCF_002993125.1	Bacillus sp. LLTC93	Scaffold	current	3802952	19	SAMN08628415	beet soil	China: Nyingchi		non_saline_candidate	
GCF_002998085.1	Bacillus sp. NMCN1	Scaffold	current	3662514	12	SAMN08633934	Namtso Lake soil	China: Tibet, Lake Namtso, Nagqu		non_saline_candidate	
GCF_002998465.1	Bacillus sp. NMCC46	Scaffold	current	3632907	19	SAMN08636320	grass root soil	China:Tibet, Lake Namtso, Nagqu		non_saline_candidate	
GCF_002998555.1	Bacillus sp. NMCC4	Scaffold	current	3716705	23	SAMN08636338	soil	China: Tibet, Lhasa		non_saline_candidate	
GCF_002998575.1	Bacillus sp. LNXM65	Scaffold	current	3683458	20	SAMN08636368	soil	China: Tibet		non_saline_candidate	
GCF_002998605.1	Bacillus sp. MZGC1	Scaffold	current	3804143	16	SAMN08636787	soil	China: Tibet		non_saline_candidate	
GCF_002998615.1	Bacillus sp. LNXM10	Scaffold	current	3688268	18	SAMN08636686	wheat root soil	China: Tibet, Lhasa		non_saline_candidate	
GCF_002998735.1	Bacillus sp. NMTD17	Scaffold	current	3681961	14	SAMN08637800	barley roots soil	China: Tibet, Lhasa		non_saline_candidate	
GCF_002998775.1	Bacillus sp. YBWC18	Contig	current	3629628	15	SAMN08637833	soil	China: Tibet, Lhasa		non_saline_candidate	
GCF_003004355.1	Bacillus sp. LNXM12-2	Scaffold	current	3628483	14	SAMN08637793	wheat root soil	China: Tibet, Lhasa		non_saline_candidate	
GCF_003004375.1	Bacillus sp. LNXM12-1	Scaffold	current	3627244	12	SAMN08636788	soil	China: Tibet, Lhasa		non_saline_candidate	
GCF_003046665.1	Bacillus sp. Rc4	Contig	current	4035078	95	SAMN08813192	root	India:Manipur	Black rice	non_saline_candidate	
GCF_003264175.1	Bacillus sp. SRB_331	Scaffold	current	6087768	228	SAMN06602905	soil	New Zealand		non_saline_candidate	
GCF_003264205.1	Bacillus sp. SRB_8	Scaffold	current	6134098	270	SAMN06602903	soil	New Zealand		non_saline_candidate	
GCF_003343345.1	Bacillus sp. PF5	Contig	current	5168783	148	SAMN09483753	contaminated soil	USA: Department of Transportation site, Seymore, Indiana		non_saline_candidate	
GCF_003343425.1	Bacillus sp. K6W	Contig	current	5271897	189	SAMN09483754	contaminated soil	USA: Department of Transportation site, Seymore, Indiana		non_saline_candidate	
GCF_003399495.1	Bacillus sp. MT	Contig	current	4092616	23	SAMN09769427	soil	USA: New Hampshire, Town of Hanover, College Park adjacent to Geisel School of Medicine		non_saline_candidate	
GCF_003399505.1	Bacillus sp. OE	Contig	current	5934628	37	SAMN09769433	soil	USA: New Hampshire, Town of Hanover, marsh shore of Occure Pond		non_saline_candidate	
GCF_003400255.1	Bacillus sp. LB(2018)	Contig	current	5729898	39	SAMN09769436	soil	USA: New Hampshire, Town of Hanover, Hanover Country Club golf course		non_saline_candidate	
GCF_003676355.1	Bacillus sp. L75	Scaffold	current	3963508	104	SAMN10089063	soils	China	Homo sapiens	non_saline_candidate	
GCF_003946965.1	Bacillus sp. STP3	Contig	current	4151459	217	SAMN09988189	Sewage Treatment Plant	Malaysia: Kuala Lumpur		non_saline_candidate	
GCF_004103875.1	Bacillus sp. WR11	Complete Genome	current	4202080	1	SAMN10225298	root	China	Triticum aestivum L.	non_saline_candidate	
GCF_005154805.1	Bacillus sp. S3	Complete Genome	current	5677811	2	SAMN11475527	Contaminated Mine Soils	China: Hunan		non_saline_candidate	
GCF_005937795.2	Bacillus sp. KBS0812	Complete Genome	current	4299846	2	SAMN11620959	soil	USA: Hickory Corners, MI		non_saline_candidate	
GCF_007097215.1	Bacillus sp. PW192	Contig	current	3886130	41	SAMN12234592	rhizosphere	Thailand:Nakornsawan		non_saline_candidate	
GCF_008042405.1	Bacillus sp. SH7-1	Scaffold	current	5798572	85	SAMN09370073	soil	Kenya: Shimba Hills National Reserve, car-park		non_saline_candidate	
GCF_008274885.1	Bacillus sp. SH8-8	Complete Genome	current	5439260	3	SAMN09370085	soil	Kenya: Shimba Hills National Reserve, car-park		non_saline_candidate	
GCF_008368855.1	Bacillus sp. TE8-1	Scaffold	current	5909200	72	SAMN09370084	soil	Kenya: Tsavo East National Park, car-park		non_saline_candidate	
GCF_008368905.1	Bacillus sp. SH5-2	Scaffold	current	5229578	57	SAMN09370090	soil	Kenya: Shimba Hills National Reserve, car-park		non_saline_candidate	
GCF_009905595.1	Bacillus sp. y1(2019)	Contig	current	4171111	35	SAMN13831373	sediment soil	China: Huanghe River		non_saline_candidate	
GCF_010093085.1	Bacillus sp. SKDU12	Contig	current	3461886	27	SAMN06158430	soil	India		non_saline_candidate	
GCF_013314535.1	Bacillus sp. Xin1	Contig	current	5537824	218	SAMN15051669	soil	China		non_saline_candidate	
GCF_014250375.1	Bacillus sp. PAMC26543	Complete Genome	current	4101852	1	SAMN15794337	soil	Antarctica		non_saline_candidate	
GCF_014250415.1	Bacillus sp. PAMC28748	Complete Genome	current	4212838	1	SAMN15794283	soil	Antarctica		non_saline_candidate	
GCF_014250435.1	Bacillus sp. PAMC28571	Complete Genome	current	3793123	1	SAMN15794281	soil	Antarctica		non_saline_candidate	
GCF_014302175.1	Bacillus sp. PAMC22265	Complete Genome	current	3791266	1	SAMN15794277	soil	Antarctica		non_saline_candidate	
GCF_014338615.1	Bacillus sp. Xin	Scaffold	current	5693794	328	SAMN15887563	soil	China	cotton	non_saline_candidate	
GCF_014489805.1	Bacillus sp. Y1	Contig	current	4171111	35	SAMN15951548	sediment soil	China: yellow river		non_saline_candidate	
GCF_016924995.1	Bacillus sp. LJBS06	Complete Genome	current	4237297	2	SAMN17766440	soil	China: Shanghai		non_saline_candidate	
GCF_017498755.1	Bacillus sp. XF8	Contig	current	5590783	123	SAMN18316467	rhizosphere soil of peanut	China:Henan		non_saline_candidate	
GCF_017797845.1	Bacillus sp. LJBV19	Complete Genome	current	3973013	1	SAMN18498952	soil	China: shanghai		non_saline_candidate	
GCF_017939725.1	Bacillus sp. WL1	Scaffold	current	5624893	421	SAMN18530009	soil	China: Yinchuan, Ningxia	Nostoc flagelliforme colonies	non_saline_candidate	
GCF_018861275.1	Bacillus sp. JNUCC-22	Complete Genome	current	3949366	1	SAMN19582019	soil	South Korea: Jeju, Baengnokdam Summit Crater Area, Mt. Halla		non_saline_candidate	
GCF_018885385.1	Bacillus sp. JNUCC-24	Complete Genome	current	3835772	2	SAMN19582029	soil	South Korea: Baengnokdam Summit Crater Area, Mt. Halla, Jeju		non_saline_candidate	
GCF_019219025.1	Bacillus sp. sid0103	Contig	current	6664329	185	SAMN19994152	soil	USA		non_saline_candidate	
GCF_019334685.1	Bacillus sp. LJBS17	Complete Genome	current	4330013	3	SAMN20204829	soil	China: Shanghai		non_saline_candidate	
GCF_020708615.1	Bacillus sp. LBG-1-113	Scaffold	current	4069186	30	SAMN22445230	root	China: Gansu	lily	non_saline_candidate	
GCF_021729365.1	Bacillus sp. R45	Complete Genome	current	3924335	1	SAMN25210050	soil	China:Nanjing		non_saline_candidate	
GCF_022117615.1	Bacillus sp. UTDS19-33BHI26	Contig	current	5674783	9	SAMN23567016	soil	USA: Dallas, Texas		non_saline_candidate	
GCF_022625245.1	Bacillus sp. TL12	Contig	current	5535173	280	SAMN23102655	soil	China:Anhui		non_saline_candidate	
GCF_022637375.2	Bacillus sp. N5-665	Complete Genome	current	6035299	2	SAMN26520713	peat soil	Germany: long-term fertilization experiment Paulinenaue		non_saline_candidate	
GCF_022701035.1	Bacillus sp. N447-1	Complete Genome	current	5500489	2	SAMN16579498		China:zhengzhou	Zoo anteater area soil	non_saline_candidate	
GCF_030209735.1	Bacillus sp. lyk4-R2A-2	Contig	current	3638498	19	SAMN34123768	root/leaf	USA: midwestern states	Arabidopsis thaliana	non_saline_candidate	
GCF_030284525.1	Bacillus sp. L381	Complete Genome	current	3861105	1	SAMN31018855	root	China:Guangzhou	Oryza meridionalis	non_saline_candidate	
GCF_030851295.1	Bacillus sp. WR13	Scaffold	current	4009084	15	SAMN30058691	root	China: Zhoukou	Triticum aestivum	non_saline_candidate	
GCF_032465855.1	Bacillus sp. TSA-4	Complete Genome	current	4068985	1	SAMN37639057	soil	China		non_saline_candidate	
GCF_032970695.1	Bacillus sp. W1	Contig	current	5321023	56	SAMN37828464	soil	Thailand		non_saline_candidate	
GCF_033041975.1	Bacillus sp. SM-B1	Contig	current	5546794	30	SAMN30947289	Soil samples collected from a detoxification pond in a gold mining area	Malaysia: Pahang		non_saline_candidate	
GCF_033449965.1	Bacillus sp. T3	Complete Genome	current	4606419	2	SAMN37270868	Rhizosphere soil of pepper	South Korea: Daegu		non_saline_candidate	
GCF_034259245.1	Bacillus sp. RA(2023)	Complete Genome	current	5889210	4	SAMN38441019	soil	China: Shandong Dongying		non_saline_candidate	
GCF_034296245.1	Bacillus sp. V26	Contig	current	4047809	31	SAMN38380495	soil	Tunisia:Sfax		non_saline_candidate	
GCF_036662555.1	Bacillus sp. S1(2024)	Contig	current	4454139	312	SAMN39250102	soil	China		non_saline_candidate	
GCF_037159895.1	Bacillus sp. WH-2	Contig	current	5651931	34	SAMN18105338	paddy soil	China: Fujian		non_saline_candidate	
GCF_038440275.1	Bacillus sp. OTU2372	Contig	current	6159206	107	SAMN33870869	soil	USA: Meadowbrook Park, Urbana, IL		non_saline_candidate	
GCF_038440375.1	Bacillus sp. OTU530	Contig	current	6541583	202	SAMN33870864	soil	USA: Meadowbrook Park, Urbana, IL		non_saline_candidate	
GCF_039605675.1	Bacillus sp. PBIB7	Contig	current	4072455	66	SAMN40965257	beach soil	China: beach	Kandelia candel	non_saline_candidate	
GCF_039605725.1	Bacillus sp. PBIB1	Contig	current	3926884	75	SAMN40965255	beach soil	China: beach	Kandelia candel	non_saline_candidate	
GCF_039606095.1	Bacillus sp. PBIB4	Contig	current	3917155	66	SAMN40965256	beach soil	China: beach	Kandelia candel	non_saline_candidate	
GCF_040838205.1	Bacillus sp. S4	Contig	current	4169735	504	SAMN42513490	soil	United Kingdom: Scotland, Aberdeen		non_saline_candidate	
GCF_041222765.1	Bacillus sp. JNUCC-21	Complete Genome	current	4199467	1	SAMN42956505	Baengnokdam Summit Crater Area, Mt. Halla	South Korea: Jeju Island	soil	non_saline_candidate	
GCF_041360755.1	Bacillus sp. RCC_6_1	Scaffold	current	6105564	63	SAMN42017410	root	USA: Angelo Coast Range Reserve	Brachypodium distachyon	non_saline_candidate	
GCF_041927505.1	Bacillus sp. OTC-L18	Contig	current	5388947	40	SAMN43530235	soil	China: Shenyang		non_saline_candidate	
GCF_046310575.1	Bacillus sp. TD10	Contig	current	5979927	75	SAMN43109734	soil	Pakistan: DI Khan	not applicable	non_saline_candidate	
GCF_046311935.1	Bacillus sp. TD11	Contig	current	6222156	65	SAMN43111445	soil	Pakistan: DI Khan	Not applicable	non_saline_candidate	
GCF_046535495.1	Bacillus sp. SIMBA_008	Contig	current	4573881	1466	SAMN37992154	forest soil	India		non_saline_candidate	
GCF_047977995.1	Bacillus sp. LFS086	Contig	current	5707807	14	SAMN41991647	rhizosphere soil	USA: New Haven	soybean	non_saline_candidate	
GCF_049059085.1	Bacillus sp. YIM B13410	Contig	current	3674929	13	SAMN43971609	rhizosphere soil	China: Yunnan Province	tobacco	non_saline_candidate	
GCF_049059145.1	Bacillus sp. YIM B13432	Contig	current	3887828	12	SAMN43971608	rhizosphere soil	China: Yunnan Province	tobacco	non_saline_candidate	
GCF_049059205.1	Bacillus sp. YIM B13441	Contig	current	3889118	10	SAMN43971607	rhizosphere soil	China: Yunnan Province	tobacco	non_saline_candidate	
GCF_049059225.1	Bacillus sp. YIM B13440	Contig	current	3888508	10	SAMN43971606	rhizosphere soil	China: Yunnan Province	tobacco	non_saline_candidate	
GCF_049059245.1	Bacillus sp. YIM B13442	Contig	current	3887769	9	SAMN43971605	rhizosphere soil	China: Yunnan Province	tobacco	non_saline_candidate	
GCF_049059285.1	Bacillus sp. YIM B13449	Scaffold	current	3846041	15	SAMN43971604	rhizosphere soil	China: Yunnan Province	tobacco	non_saline_candidate	
GCF_049059325.1	Bacillus sp. YIM B13433	Contig	current	4045282	12	SAMN43971603	rhizosphere soil	China: Yunnan Province	tobacco	non_saline_candidate	
GCF_049059365.1	Bacillus sp. YIM B13425	Contig	current	3889735	14	SAMN43971602	rhizosphere soil	China: Yunnan Province	tobacco	non_saline_candidate	
GCF_049059385.1	Bacillus sp. YIM B13424	Contig	current	3887823	14	SAMN43971601	rhizosphere soil	China: Yunnan Province	tobacco	non_saline_candidate	
GCF_049059425.1	Bacillus sp. YIM B13526	Contig	current	3886301	9	SAMN43971600	rhizosphere soil	China: Yunnan Province	tobacco	non_saline_candidate	
GCF_049059505.1	Bacillus sp. YIM B13525	Contig	current	3888707	11	SAMN43971599	rhizosphere soil	China: Yunnan Province	tobacco	non_saline_candidate	
GCF_049059525.1	Bacillus sp. YIM B13423	Contig	current	3887638	9	SAMN43971598	rhizosphere soil	China: Yunnan Province	tobacco	non_saline_candidate	
GCF_050473785.1	Bacillus sp. S14(2024)	Contig	current	4890248	10	SAMN41397054	clay soil	USA		non_saline_candidate	
GCF_050473805.1	Bacillus sp. S13(2024)	Contig	current	5108127	7	SAMN41397053	clay soil	USA		non_saline_candidate	
GCF_050473865.1	Bacillus sp. S10(2024)	Contig	current	4857455	12	SAMN41397050	clay soil	USA		non_saline_candidate	
GCF_050474045.1	Bacillus sp. S2(2024)	Contig	current	5249228	6	SAMN41397042	clay soil	USA		non_saline_candidate	
GCF_050864245.1	Bacillus sp. XT-4	Scaffold	current	3711965	42	SAMN48882079	cadmium-contaminated soil	China: Xiangtan, Hunan province		non_saline_candidate	
GCF_051131815.1	Bacillus sp. PM5	Chromosome	current	5263753	1	SAMN47806251		China: Nanjing	Soil	non_saline_candidate	
GCF_051131825.1	Bacillus sp. PM43	Chromosome	current	4051346	2	SAMN47806259		China: Nanjing	Soil	non_saline_candidate	
GCF_051488405.1	Bacillus sp. RK1064	Contig	current	3683153	2	SAMN49662485	soil	Turkey: Erzurum		non_saline_candidate	
GCF_051488465.1	Bacillus sp. TV3D	Contig	current	3644519	3	SAMN49662481	soil	Turkey: Erzurum		non_saline_candidate	
GCF_052113145.1	Bacillus sp. YAF8	Contig	current	3784230	53	SAMN42732147	root	Netherlands: Reijerscamp	Arabidopsis thaliana Col-0	non_saline_candidate	
GCF_052113405.1	Bacillus sp. YAF12_1	Contig	current	5987367	96	SAMN42732134	root	Netherlands: Reijerscamp	Arabidopsis thaliana Col-0	non_saline_candidate	
GCF_052259025.1	Bacillus sp. MHSD17	Contig	current	5400073	11	SAMN50633695	roots	South Africa: Limpopo province	Dicoma anomala	non_saline_candidate	
GCF_052600175.1	Bacillus sp. M.A.Huq-78	Scaffold	current	5196555	146	SAMN50892729	soil	South Korea		non_saline_candidate	
GCF_052805735.1	Bacillus sp. N6	Complete Genome	current	5471967	4	SAMN51432599	tea garden soil	China: Wuyishan		non_saline_candidate	
GCF_053557995.1	Bacillus sp. XB1	Scaffold	current	5327894	34	SAMN45866699	soil	China: Zhejiang		non_saline_candidate	
GCF_053613335.1	Bacillus sp. LR--39	Contig	current	5358683	1721	SAMN52937125	lavender rhizosphere soil	China: Xinjiang, Yining City	Lavandula angustifolia Mill.	non_saline_candidate	
GCF_053663195.1	Bacillus sp. JK127	Contig	current	3879778	18	SAMN52356605	Rhizosphere soil of banana plantation	Thailand: Sakon Nakhon	Musa	non_saline_candidate	
GCF_053663335.1	Bacillus sp. YH3-2-B2	Contig	current	3870357	14	SAMN52356606	Rhizosphere soil of banana plantation	Thailand: Yala	Musa	non_saline_candidate	
GCF_053663355.1	Bacillus sp. JK106	Contig	current	3935600	13	SAMN52356604	Rhizosphere soil of banana plantation	Thailand: Sakon Nakhon	Musa	non_saline_candidate	
GCF_053663395.1	Bacillus sp. JK74	Contig	current	3850142	14	SAMN52356603	Rhizosphere soil of banana plantation	Thailand: Sakon Nakhon	Musa	non_saline_candidate	
GCF_053663455.1	Bacillus sp. JK62	Contig	current	3946557	19	SAMN52356602	Rhizosphere soil of banana plantation	Thailand: Sakon Nakhon	Musa	non_saline_candidate	
GCF_053903125.1	Bacillus sp. JZ105	Complete Genome	current	3773681	1	SAMN27610177	Plant	Saudi Arabia: Jizan	Tribulus terrestris	non_saline_candidate	
GCF_053903135.1	Bacillus sp. JZ109	Complete Genome	current	4103390	1	SAMN27610178	Plant	Saudi Arabia: Jizan	Tribulus terrestris	non_saline_candidate	
GCF_053903145.1	Bacillus sp. JZ39	Complete Genome	current	4007146	1	SAMN27610179	Plant	Saudi Arabia: Jizan	Tribulus terrestris	non_saline_candidate	
GCF_053903155.1	Bacillus sp. JZ76	Complete Genome	current	4103388	1	SAMN27610200	Plant	Saudi Arabia: Jizan	Tribulus terrestris	non_saline_candidate	
GCF_053903185.1	Bacillus sp. JZ142	Complete Genome	current	3773654	1	SAMN27610204	Plant	Saudi Arabia: Jizan	Euphorbia granulata	non_saline_candidate	
GCF_053903195.1	Bacillus sp. JZ33	Complete Genome	current	3773699	1	SAMN27610205	Plant	Saudi Arabia: Jizan	Euphorbia granulata	non_saline_candidate	
GCF_053903205.1	Bacillus sp. JZ34	Complete Genome	current	4397370	1	SAMN27610206	Plant	Saudi Arabia: Jizan	Euphorbia granulata	non_saline_candidate	
GCF_053903215.1	Bacillus sp. JZ35	Complete Genome	current	3773699	1	SAMN27610207	Plant	Saudi Arabia: Jizan	Euphorbia granulata	non_saline_candidate	
GCF_053903235.1	Bacillus sp. JZ71	Complete Genome	current	3781119	2	SAMN27610209	Plant	Saudi Arabia: Thweal	Euphorbia granulata	non_saline_candidate	
GCF_053903245.1	Bacillus sp. K7	Complete Genome	current	3889512	1	SAMN27610210	Plant	Saudi Arabia: Thweal	Dactyloctenium aristatum	non_saline_candidate	
GCF_054161355.1	Bacillus sp. PK3-037	Complete Genome	current	4128071	1	SAMN27610215	Plant	Pakistan: Thar desert	Janochloa antidotale	non_saline_candidate	
GCF_054161375.1	Bacillus sp. PK3-130	Complete Genome	current	4128155	1	SAMN27610219	Plant	Pakistan: Thar desert	Janochloa antidotale	non_saline_candidate	
GCF_054161385.1	Bacillus sp. PK3-136	Complete Genome	current	4128070	1	SAMN27610220	Plant	Pakistan: Thar desert	Janochloa antidotale	non_saline_candidate	
GCF_054161395.1	Bacillus sp. PK3-137	Complete Genome	current	3736950	1	SAMN27610221	Plant	Pakistan: Thar desert	Janochloa antidotale	non_saline_candidate	
GCF_054161405.1	Bacillus sp. PK5-004	Complete Genome	current	3736957	1	SAMN27610223	Plant	Pakistan: Thar desert	Tribulus terrestris	non_saline_candidate	
GCF_054161415.1	Bacillus sp. PK5-006	Complete Genome	current	3736907	1	SAMN27610224	Plant	Pakistan: Thar desert	Tribulus terrestris	non_saline_candidate	
GCF_054161425.1	Bacillus sp. PK5-009	Complete Genome	current	3736920	1	SAMN27610225	Plant	Pakistan: Thar desert	Tribulus terrestris	non_saline_candidate	
GCF_054161435.1	Bacillus sp. PK5-050	Complete Genome	current	3736916	1	SAMN27610228	Plant	Pakistan: Thar desert	Tribulus terrestris	non_saline_candidate	
GCF_054161445.1	Bacillus sp. PK6-013	Complete Genome	current	4287170	1	SAMN27610229	Plant	Pakistan: Thar desert	Tetraena simplex	non_saline_candidate	
GCF_054161455.1	Bacillus sp. PK6-026	Complete Genome	current	4370689	1	SAMN27610231	Plant	Pakistan: Thar desert	Tetraena simplex	non_saline_candidate	
GCF_054792375.1	Bacillus sp. SA116	Complete Genome	current	4230722	2	SAMN27610185	Plant	Saudi Arabia: Jizan	Indigofera argentea Burm.f.	non_saline_candidate	
GCF_055902415.1	Bacillus sp. SSR7	Contig	current	5589474	50	SAMN50434436	plant	Viet Nam: Soc Son, Hanoi	rice	non_saline_candidate	
GCF_056033845.1	Bacillus sp. TCT6	Contig	current	5925164	8	SAMN54166499	rhizosphere	Argentina	Vitis vinifera	non_saline_candidate	
GCF_056401715.1	Bacillus sp. P4_E1	Contig	current	5544841	68	SAMN42779338	root	Denmark: Askov	Zea mays B151	non_saline_candidate	
GCF_056401855.1	Bacillus sp. P4_D3	Contig	current	5295471	1380	SAMN42779330	root	Denmark: Askov	Zea mays B151	non_saline_candidate	
GCF_056530265.1	Bacillus sp. PK6-025	Complete Genome	current	4423395	2	SAMN27610230	Plant	Pakistan: Thar desert	Tetraena simplex	non_saline_candidate	
GCF_056530295.1	Bacillus sp. PK6-16	Complete Genome	current	5667521	2	SAMN27610232	Plant	Pakistan: Thar desert	Tetraena simplex	non_saline_candidate	
GCF_056711665.1	Bacillus sp. Medicinal_06	Contig	current	5563333	108	SAMN49909481	soil rhizosphere	Pakistan: Lahore	Medicinal plants	non_saline_candidate	
GCF_056738645.1	Bacillus sp. PK3-067	Complete Genome	current	5869396	5	SAMN27610218	Plant	Pakistan: Thar desert	Janochloa antidotale	non_saline_candidate	
GCF_056838025.1	Bacillus sp. MC1252	Complete Genome	current	3678855	1	SAMN54756743		China: Aksu Prefecture, Xinjiang Uygur Autonomous Region	soil	non_saline_candidate	
GCF_000245035.1	Bacillus spizizenii DV1-B-1	Contig	current	3974551	20	SAMN02435808	soil			non_saline_candidate	
GCF_000931815.1	Bacillus spizizenii RFWG1A3	Contig	current	4063986	25	SAMN01985722	gravel soil	USA: south-facing slope of Radio Facility Wash, Furnace Creek, CA		non_saline_candidate	
GCF_000931825.1	Bacillus spizizenii RFWG1A4	Contig	current	3997018	13	SAMN01985723	gravel soil	USA: south-facing slope of Radio Facility Wash, Furnace Creek, CA		non_saline_candidate	
GCF_000931835.1	Bacillus spizizenii RFWG4C10	Contig	current	3981158	16	SAMN01985724	gravel soil	USA: north-facing slope of Radio Facility Wash, Furnace Creek, CA		non_saline_candidate	
GCF_000931845.1	Bacillus spizizenii RFWG5B15	Contig	current	4006158	15	SAMN01985725	gravel soil	USA: north-facing slope of Radio Facility Wash, Furnace Creek, CA		non_saline_candidate	
GCF_000959025.1	Bacillus spizizenii	Complete Genome	current	4031727	1	SAMN03400169	soil	Russia		non_saline_candidate	
GCF_001043765.1	Bacillus subtilis	Contig	current	4099232	36	SAMN03751781	Plant	Malaysia: Malacca		non_saline_candidate	
GCF_001278955.1	Bacillus subtilis	Scaffold	current	4038551	44	SAMN03835251	soil	China		non_saline_candidate	
GCF_001566945.1	Bacillus spizizenii	Contig	current	4254363	92	SAMN04482511	hexachlorocyclohexane-contaminated soil	France: Huningue		non_saline_candidate	
GCF_001660605.1	Bacillus subtilis	Contig	current	4118930	288	SAMN04932709	soil	Pakistan		non_saline_candidate	
GCF_001742355.1	Bacillus subtilis	Contig	current	4088598	52	SAMN02903557	soil	China: Beijing		non_saline_candidate	
GCF_001742365.1	Bacillus subtilis	Contig	current	4030959	12	SAMN02903556	soil	China: Beijing		non_saline_candidate	
GCF_001888825.1	Bacillus subtilis	Scaffold	current	4266089	246	SAMN06011219	oil contaminated soil	Pakistan		non_saline_candidate	
GCF_001890405.1	Bacillus subtilis	Complete Genome	current	4212430	2	SAMN06060088	soil	China: Tianjin		non_saline_candidate	
GCF_002072735.1	Bacillus subtilis	Complete Genome	current	4072961	1	SAMN06618433	rhizosphere	China:Zhongning,Ningxia	Lycium barbarum L.	non_saline_candidate	
GCF_002142595.1	Bacillus subtilis	Complete Genome	current	3923177	1	SAMN06808294	rhizospheric soil	Algeria: Tlemcen		non_saline_candidate	
GCF_002155045.1	Bacillus spizizenii	Scaffold	current	4042051	23	SAMN06298242	Heavy crude-oil contaminated soil sample	Oman: Heavy-Oil field		non_saline_candidate	
GCF_002205435.1	Bacillus subtilis	Chromosome	current	4093698	130	SAMN07187745	soil	India: Assam, Sivasagar		non_saline_candidate	
GCF_002211235.1	Bacillus spizizenii	Scaffold	current	4216713	25	SAMN07277156	potato rhizosphere	Russia: Republic of Tatarstan, Kazan		non_saline_candidate	
GCF_002277775.1	Bacillus subtilis	Scaffold	current	4271280	21	SAMN07285925	potato rhizosphere	Russia: Republic of Tatarstan		non_saline_candidate	
GCF_002799585.1	Bacillus subtilis	Contig	current	4215855	879	SAMN05958281	soil	Mexico:Zacatecas, Morelos		non_saline_candidate	
GCF_003014945.1	Bacillus subtilis	Contig	current	4091387	60	SAMN08731004	soil	Bangladesh		non_saline_candidate	
GCF_003148355.1	Bacillus subtilis	Complete Genome	current	4120380	1	SAMN09212889	soil	China: Hainan province		non_saline_candidate	
GCF_003265645.1	Bacillus subtilis	Scaffold	current	4161805	13	SAMN02714223	soil	China: Yantai, Shandong		non_saline_candidate	
GCF_003265725.1	Bacillus subtilis	Contig	current	4187740	22	SAMN08384464	soil	Netherlands		non_saline_candidate	
GCF_003694695.1	Bacillus subtilis	Contig	current	4045950	37	SAMN10036102	soil	Bangladesh		non_saline_candidate	
GCF_003833205.1	Bacillus subtilis	Contig	current	4125144	23	SAMN10375217	soil / grassland	Netherlands		non_saline_candidate	
GCF_003833235.1	Bacillus subtilis	Contig	current	4157573	21	SAMN10375216	soil / grassland	Netherlands		non_saline_candidate	
GCF_003833295.1	Bacillus subtilis	Contig	current	4179885	26	SAMN10375215	soil / grassland	Netherlands		non_saline_candidate	
GCF_003990435.1	Bacillus subtilis	Contig	current	4180980	27	SAMN10375219	soil / grassland	Netherlands		non_saline_candidate	
GCF_004101945.1	Bacillus subtilis	Complete Genome	current	4110138	1	SAMN07460133	soil	France		non_saline_candidate	
GCF_004103895.1	Bacillus subtilis	Scaffold	current	3980593	32	SAMN06445278	rhizospheric soil	India:Uttar Pradesh		non_saline_candidate	
GCF_004294535.1	Bacillus subtilis	Contig	current	4059431	21	SAMN10787356	Maize rhizosphere	South Africa	Soil	non_saline_candidate	
GCF_004294565.1	Bacillus subtilis	Scaffold	current	4060396	23	SAMN10786851	Maize rhizosphere	South Africa: Mafikeng	Soil	non_saline_candidate	
GCF_005771655.1	Bacillus spizizenii	Contig	current	3989621	327	SAMN11642372	soil from sugarcane field	Brazil: Paraiba		non_saline_candidate	
GCF_005849145.1	Bacillus subtilis	Complete Genome	current	4073059	1	SAMN11535052	Tobacco rhizosphere soil	China:Hunan Province		non_saline_candidate	
GCF_007995205.1	Bacillus subtilis	Scaffold	current	4138034	56	SAMN06167145	Soil from decomposing logs of textile industry	India: Gujarat, Surat		non_saline_candidate	
GCF_008131765.1	Bacillus subtilis	Contig	current	4159859	66	SAMN09217790	soil	India: Surat, Gujarat		non_saline_candidate	
GCF_009665145.1	Bacillus subtilis	Complete Genome	current	4015360	1	SAMN13155133	soil	China: Chengde		non_saline_candidate	
GCF_009857115.1	Bacillus subtilis	Complete Genome	current	4119195	1	SAMN13715497	soil	South Korea: Gotjawal in Jeju island		non_saline_candidate	
GCF_009937745.1	Bacillus subtilis	Chromosome	current	4457201	1	SAMN13510061	soil	Pakistan: Karak		non_saline_candidate	
GCF_010634645.1	Bacillus subtilis	Scaffold	current	4236139	85	SAMN06643048	healthy plant	India	Crocus sativus (saffron)	non_saline_candidate	
GCF_011765645.1	Bacillus subtilis	Chromosome	current	4142132	26	SAMN12697602	Plant tissue	India:Manipur	Oryza sativa	non_saline_candidate	
GCF_013285325.1	Bacillus subtilis	Complete Genome	current	4101682	1	SAMN15069579	soil	China:Najing province		non_saline_candidate	
GCF_013342875.1	Bacillus subtilis	Scaffold	current	4248244	24	SAMN15042623	soil	China		non_saline_candidate	
GCF_014805495.1	Bacillus subtilis	Contig	current	4001755	20	SAMN15546529	rhizospheric soil	France: Marne	grapevine	non_saline_candidate	
GCF_014879275.1	Bacillus subtilis	Complete Genome	current	4200880	1	SAMN16330026	Bat guano from cave soil	Brazil: Para, Altamira		non_saline_candidate	
GCF_015535655.1	Bacillus subtilis	Complete Genome	current	4105857	1	SAMN13503695	Dendrobium	China:Guangzhou	plant	non_saline_candidate	
GCF_015602625.1	Bacillus subtilis	Complete Genome	current	4186822	1	SAMN13503694	Dendrobium	China:Guangzhou	plant	non_saline_candidate	
GCF_015776795.1	Bacillus subtilis	Contig	current	4118641	7	SAMN02797764	soil	Germany		non_saline_candidate	
GCF_015844635.1	Bacillus subtilis	Scaffold	current	4094982	22	SAMN03654031	maybe soil	China		non_saline_candidate	
GCF_015844655.1	Bacillus subtilis	Scaffold	current	4227600	102	SAMN03654030	maybe soil	China		non_saline_candidate	
GCF_015845955.1	Bacillus subtilis	Contig	current	4935951	19	SAMN03654382	soil	China		non_saline_candidate	
GCF_015880865.1	Bacillus subtilis	Scaffold	current	4081556	29	SAMN03651926	maybe soil	China		non_saline_candidate	
GCF_015881035.1	Bacillus subtilis	Contig	current	4077468	22	SAMN03652291	maybe soil	China		non_saline_candidate	
GCF_016411905.1	Bacillus subtilis	Contig	current	4083757	54	SAMN17131857	soil	USA: New Albany, Ohio		non_saline_candidate	
GCF_016411915.1	Bacillus subtilis	Contig	current	4065202	25	SAMN17131858	soil	USA: The Ohio State University, Columbus, Ohio		non_saline_candidate	
GCF_016890225.1	Bacillus suaedaesalsae	Contig	current	3908041	46	SAMN17817098	plant	China: Inner Mongolia		non_saline_candidate	
GCF_016894165.1	Bacillus subtilis	Complete Genome	current	4080024	1	SAMN17832981	soil	Belarus:Novopolotsk		non_saline_candidate	
GCF_017352355.1	Bacillus subtilis	Contig	current	4294389	46	SAMN13734907	Plant	India	Curcuma longa	non_saline_candidate	
GCF_017599395.1	Bacillus subtilis	Scaffold	current	4143274	124	SAMN18386051	soil	Pakistan: Thal Desert		non_saline_candidate	
GCF_017817855.1	Bacillus subtilis	Scaffold	current	4064901	29	SAMN18155319	soil	Brazil		non_saline_candidate	
GCF_018223525.1	Bacillus subtilis	Scaffold	current	4061509	23	SAMN18839106	soil	China:Beijing, Haidian District, Zhongguancunnandajie, Chinese Agricultral of Academy Sciences		non_saline_candidate	
GCF_018394175.1	Bacillus subtilis	Complete Genome	current	4030791	1	SAMN19091144	soil	China: Mount Tai		non_saline_candidate	
GCF_018530835.1	Bacillus subtilis	Scaffold	current	4037732	11	SAMN19238141	soil	China:Beijing, Haidian District, Zhongguancunnandajie, Chinese Agricultral of Academy Sciences		non_saline_candidate	
GCF_019931715.1	Bacillus subtilis	Complete Genome	current	4299840	2	SAMN21220196	soil	China		non_saline_candidate	
GCF_020859605.1	Bacillus subtilis	Scaffold	current	4125559	22	SAMN22603050	activated sludge from wastewater treatment plant	China: Fuzhou		non_saline_candidate	
GCF_021498185.1	Bacillus subtilis	Chromosome	current	4138018	14	SAMN14911298	Local soil sample	India		non_saline_candidate	
GCF_022370975.1	Bacillus subtilis	Complete Genome	current	4264477	1	SAMN25982035	soil	China: Shandong		non_saline_candidate	
GCF_022654795.1	Bacillus subtilis	Complete Genome	current	4160635	1	SAMN26533862	tea soil	China: Guiyang		non_saline_candidate	
GCF_022700935.1	Bacillus subtilis	Complete Genome	current	4215560	1	SAMN16585340	Soil of Dajian Mountain Forest Farm	China:Shanxi qinshui		non_saline_candidate	
GCF_022809835.2	Bacillus sp. ZJS3	Complete Genome	current	5756387	3	SAMN26863310	biological soil crust	China:Tengger Desert		non_saline_candidate	
GCF_022814905.1	Bacillus stercoris	Contig	current	4117388	29	SAMN26982665	soil	India: Agriculture farm, IESD, BHU		non_saline_candidate	
GCF_022832445.1	Bacillus subtilis	Contig	current	4051450	32	SAMN27023765	soil	Brazil: Goias,Unai		non_saline_candidate	
GCF_023369715.1	Bacillus subtilis	Complete Genome	current	4058498	1	SAMN28044975		China: Hebei	soil	non_saline_candidate	
GCF_024220155.1	Bacillus subtilis	Complete Genome	current	4030831	1	SAMN29498062	soil	China:Beijing		non_saline_candidate	
GCF_024653155.1	Bacillus subtilis	Contig	current	4054265	29	SAMN30152234	soil	Brazil: Goias,Unai		non_saline_candidate	
GCF_025367415.1	Bacillus subtilis	Contig	current	4134872	21	SAMN30864131	soil	China:Beijing		non_saline_candidate	
GCF_025367495.1	Bacillus subtilis	Contig	current	4135208	19	SAMN30864133	soil	China:Beijing		non_saline_candidate	
GCF_025460705.1	Bacillus subtilis	Scaffold	current	4152216	23	SAMN28928350	petroleum contaminated soil	China: Maoming		non_saline_candidate	
GCF_025502505.1	Bacillus subtilis	Complete Genome	current	4175498	2	SAMN30959807	soil	South Korea:Buyeo		non_saline_candidate	
GCF_025502545.1	Bacillus subtilis	Complete Genome	current	4175500	2	SAMN30959580	soil	South Korea:Buyeo		non_saline_candidate	
GCF_025767725.1	Bacillus subtilis	Chromosome	current	4204770	1	SAMN09662699	soil	India: Maharashtra		non_saline_candidate	
GCF_025847675.1	Bacillus subtilis	Contig	current	4160070	137	SAMN31335104	soil	Montenegro: Maganik		non_saline_candidate	
GCF_025914075.1	Bacillus subtilis	Complete Genome	current	4049856	1	SAMN18642587	soil	China:Nanjing		non_saline_candidate	
GCF_026639155.1	Bacillus subtilis	Complete Genome	current	4060823	1	SAMN31746991	soil	China		non_saline_candidate	
GCF_026793955.1	Bacillus subtilis	Scaffold	current	4064771	25	SAMN25999666	soil	not collected		non_saline_candidate	
GCF_030315825.1	Bacillus stercoris	Contig	current	4047020	30	SAMN35731721	soil	India: Tirunelveli		non_saline_candidate	
GCF_030553605.1	Bacillus stercoris	Contig	current	4050394	22	SAMN36699394	Paddy cultivating soil	India: Tirunelveli, Senthimangalam		non_saline_candidate	
GCF_035810275.1	Bacillus spizizenii	Contig	current	3991737	17	SAMN33940540	soil	USA		non_saline_candidate	
GCF_035810295.1	Bacillus spizizenii	Scaffold	current	4031749	42	SAMN33940539	soil	USA		non_saline_candidate	
GCF_035810315.1	Bacillus spizizenii	Scaffold	current	4096462	26	SAMN33940538	soil	USA		non_saline_candidate	
GCF_035810335.1	Bacillus spizizenii	Scaffold	current	4158339	25	SAMN33940537	soil	Tunisia		non_saline_candidate	
GCF_035810355.1	Bacillus spizizenii	Contig	current	4137773	30	SAMN33940536	soil	USA		non_saline_candidate	
GCF_035810375.1	Bacillus spizizenii	Scaffold	current	4032702	38	SAMN33940535	soil	USA		non_saline_candidate	
GCF_035810395.1	Bacillus spizizenii	Contig	current	3912755	28	SAMN33940534	soil	USA		non_saline_candidate	
GCF_035810655.1	Bacillus spizizenii	Contig	current	4032834	17	SAMN33940521	soil	USA		non_saline_candidate	
GCF_035811495.1	Bacillus spizizenii	Contig	current	3990067	29	SAMN33940478	soil	not collected		non_saline_candidate	
GCF_035813395.1	Bacillus spizizenii	Scaffold	current	4051607	44	SAMN33940381	soil	not collected		non_saline_candidate	
GCF_035822295.1	Bacillus stercoris	Scaffold	current	4042839	19	SAMN33940744	soil	Trinidad and Tobago: Trinidad		non_saline_candidate	
GCF_035822975.1	Bacillus spizizenii	Scaffold	current	3968596	86	SAMN33940725	soil	USA		non_saline_candidate	
GCF_036210235.1	Bacillus spizizenii	Contig	current	4061794	23	SAMN32927367	soil	Israel: Evolution Canyon		non_saline_candidate	
GCF_036666015.1	Bacillus spizizenii	Contig	current	4077663	32	SAMN37253669	rhizopheric soil	India	rice	non_saline_candidate	
GCF_036785745.1	Bacillus spizizenii	Complete Genome	current	4130445	1	SAMN28663891	sabkha environment soil	United Arab Emirates: Abu Dhabi		non_saline_candidate	
GCF_036884815.1	Bacillus spizizenii	Complete Genome	current	4130172	1	SAMN39909520	soil	United Arab Emirates: Abu Dhabi		non_saline_candidate	
GCF_046267965.1	Bacillus spizizenii	Complete Genome	current	4096143	1	SAMN45884960	soil	China:Urumqi		non_saline_candidate	
GCF_048551435.1	Bacillus spizizenii	Scaffold	current	4086889	37	SAMN45886277		Iran: Kashan	soil	non_saline_candidate	
GCF_048551475.1	Bacillus spizizenii	Scaffold	current	4081723	40	SAMN45886870		Iran	soil	non_saline_candidate	
GCF_050017575.1	Bacillus stercoris	Contig	current	4357733	23	SAMN45888191	rhizosphere	Pakistan: Lahore		non_saline_candidate	
GCF_050462985.1	Bacillus spizizenii	Contig	current	4173166	20	SAMN41009212	soil	Denmark		non_saline_candidate	
GCF_050465085.1	Bacillus spizizenii	Contig	current	3917674	44	SAMN41009158	soil	USA: Death Valley, California		non_saline_candidate	
GCF_050473665.1	Bacillus spizizenii	Contig	current	4236691	15	SAMN41397060	soil	unknown		non_saline_candidate	
GCF_051908535.1	Bacillus stercoris	Contig	current	4176670	24	SAMN50280205	soil	South Africa: Limpopo Province		non_saline_candidate	
GCF_054112725.1	Bacillus spizizenii	Complete Genome	current	4111314	1	SAMN53380481	soil	China: XINJIANG	Populus euphratica Oliv	non_saline_candidate	
GCF_055234065.1	Bacillus stercoris	Contig	current	4105030	222	SAMN55210876	petroleum-contaminated soil	China:Alar		non_saline_candidate	
GCF_056098885.1	Bacillus spizizenii	Contig	current	4149554	48	SAMN45878044	soil	Mexico: Yaqui Valley	wheat	non_saline_candidate	
GCF_056777085.1	Bacillus stercoris	Contig	current	4142054	44	SAMN49909476	soil rhizosphere	Pakistan: Lahore	Medicinal plants	non_saline_candidate	
GCF_026794535.1	Bacillus subtilis	Contig	current	4230841	34	SAMN25999657	soil	not collected		non_saline_candidate	
GCF_027257895.1	Bacillus subtilis	Contig	current	4135821	20	SAMN30491754	soil	China:Beijing		non_saline_candidate	
GCF_028462485.1	Bacillus subtilis	Scaffold	current	4063891	69	SAMN32946340	soil	not applicable		non_saline_candidate	
GCF_028463925.1	Bacillus subtilis	Complete Genome	current	4110203	1	SAMN32902171	soil	South Korea:Sunchang		non_saline_candidate	
GCF_029027845.1	Bacillus subtilis	Complete Genome	current	4295123	2	SAMN26811691	soil	China: Shenzhen		non_saline_candidate	
GCF_029537155.2	Bacillus subtilis	Complete Genome	current	4140514	1	SAMN33591691	soil	not applicable		non_saline_candidate	
GCF_030005595.1	Bacillus subtilis	Contig	current	3985883	28	SAMN24619038	soil	India		non_saline_candidate	
GCF_030121685.1	Bacillus subtilis	Contig	current	4109438	35	SAMN32885317	soil from fly ash dump site	India:Nagpur		non_saline_candidate	
GCF_030122865.1	Bacillus subtilis	Complete Genome	current	4090469	1	SAMN34374854	grassland soil	Denmark: Gentofte		non_saline_candidate	
GCF_030122885.1	Bacillus subtilis	Complete Genome	current	4090469	1	SAMN34374855	grassland soil	Denmark: Gentofte		non_saline_candidate	
GCF_030123085.1	Bacillus subtilis	Complete Genome	current	4085814	1	SAMN34374884	pine forrest soil between two spruce trees	Germany: near Munchenroda, Jena		non_saline_candidate	
GCF_030123145.1	Bacillus subtilis	Complete Genome	current	4237328	1	SAMN34375013	rhizosphere soil	China: Kaifeng, Henan Province		non_saline_candidate	
GCF_030273385.1	Bacillus subtilis	Chromosome	current	4149783	30	SAMN23670471	rice garden soil	India: Jorhat, Assam		non_saline_candidate	
GCF_030348565.1	Bacillus subtilis	Contig	current	4281285	9	SAMN34374879	grassland soil	Denmark: Jaegersborg Dyrehave		non_saline_candidate	
GCF_030348595.1	Bacillus subtilis	Contig	current	4294185	8	SAMN34374878	grassland soil	Denmark: Jaegersborg Dyrehave		non_saline_candidate	
GCF_030348645.1	Bacillus subtilis	Contig	current	4313688	3	SAMN34374872	grassland soil	Denmark: Jaegersborg Dyrehave		non_saline_candidate	
GCF_030643845.1	Bacillus subtilis	Complete Genome	current	4227198	1	SAMN32775247	Starch plant	China: Guangxi		non_saline_candidate	
GCF_030662185.1	Bacillus subtilis	Contig	current	4258302	28	SAMN36765789	soil	India: Jharkhand		non_saline_candidate	
GCF_030863625.1	Bacillus subtilis	Complete Genome	current	3908079	1	SAMN30451247	rhizosphere soil	China:Shaanxi	missing	non_saline_candidate	
GCF_031324185.1	Bacillus subtilis	Contig	current	4130817	12	SAMN34374911	grassland soil attached to a mushroom	Denmark: Birkeroed		non_saline_candidate	
GCF_031326005.1	Bacillus subtilis	Complete Genome	current	4092273	2	SAMN37220582	soil sample	South Korea: Jeju Island		non_saline_candidate	
GCF_031326045.1	Bacillus subtilis	Complete Genome	current	4059376	1	SAMN37220456	soil sample	South Korea: Busan		non_saline_candidate	
GCF_033100155.1	Bacillus subtilis	Chromosome	current	4093049	2	SAMN37735702	Soil adhered to the roots	Trinidad and Tobago: Trinidad	Wild Sorghum	non_saline_candidate	
GCF_033845325.1	Bacillus subtilis	Contig	current	4168480	26	SAMN38252434	Plant	Cameroon		non_saline_candidate	
GCF_034259385.1	Bacillus subtilis	Contig	current	4086224	33	SAMN38447974	Plant	Cameroon		non_saline_candidate	
GCF_035808095.1	Bacillus subtilis	Scaffold	current	4243171	34	SAMN33940662	soil	Austria		non_saline_candidate	
GCF_035809035.1	Bacillus subtilis	Scaffold	current	4048165	18	SAMN33940602	soil	Russia		non_saline_candidate	
GCF_035809065.1	Bacillus subtilis	Scaffold	current	4043088	23	SAMN33940604	soil	Russia		non_saline_candidate	
GCF_035810155.1	Bacillus subtilis	Scaffold	current	4064812	20	SAMN33940544	soil	USA		non_saline_candidate	
GCF_035810175.1	Bacillus subtilis	Contig	current	4039974	11	SAMN33940545	soil	USA		non_saline_candidate	
GCF_035810195.1	Bacillus subtilis	Scaffold	current	3980630	18	SAMN33940546	soil	USA		non_saline_candidate	
GCF_035810215.1	Bacillus subtilis	Contig	current	4080854	22	SAMN33940543	soil	USA		non_saline_candidate	
GCF_035810235.1	Bacillus subtilis	Scaffold	current	4083521	14	SAMN33940542	soil	USA		non_saline_candidate	
GCF_035810255.1	Bacillus subtilis	Scaffold	current	4091815	17	SAMN33940541	soil	USA		non_saline_candidate	
GCF_035811755.1	Bacillus subtilis	Contig	current	4184088	16	SAMN33940466	soil	Zambia		non_saline_candidate	
GCF_035811795.1	Bacillus subtilis	Scaffold	current	3974430	13	SAMN33940465	soil	India		non_saline_candidate	
GCF_035812495.1	Bacillus subtilis	Scaffold	current	3944618	250	SAMN33940429	soil	not collected		non_saline_candidate	
GCF_035822235.1	Bacillus subtilis	Contig	current	4060424	20	SAMN33940745	soil	not collected		non_saline_candidate	
GCF_035822335.1	Bacillus subtilis	Contig	current	4064990	13	SAMN33940743	soil	Trinidad and Tobago: Trinidad		non_saline_candidate	
GCF_035822415.1	Bacillus subtilis	Contig	current	4061258	16	SAMN33940742	soil	not collected		non_saline_candidate	
GCF_035822435.1	Bacillus subtilis	Scaffold	current	4133452	16	SAMN33940740	soil	Canada		non_saline_candidate	
GCF_035822575.1	Bacillus subtilis	Scaffold	current	4060878	19	SAMN33940738	soil	Canada		non_saline_candidate	
GCF_035822685.1	Bacillus subtilis	Contig	current	4060387	19	SAMN33940734	soil	India		non_saline_candidate	
GCF_035822815.1	Bacillus subtilis	Scaffold	current	4180663	97	SAMN33940730	soil	Greenland		non_saline_candidate	
GCF_035823135.1	Bacillus subtilis	Scaffold	current	4209091	20	SAMN33940722	soil	not collected		non_saline_candidate	
GCF_035823895.1	Bacillus subtilis	Scaffold	current	4114275	28	SAMN31780099	soil	Poland		non_saline_candidate	
GCF_036512515.1	Bacillus subtilis	Complete Genome	current	4035612	3	SAMD00650365	soil	Japan:Tokyo		non_saline_candidate	
GCF_036665995.1	Bacillus subtilis	Contig	current	4110179	30	SAMN37253671	soil	India	rice	non_saline_candidate	
GCF_037026705.1	Bacillus subtilis	Contig	current	4138429	71	SAMN40189228	Wheat rhizosphere	Algeria: Guelma		non_saline_candidate	
GCF_037164265.1	Bacillus subtilis	Scaffold	current	4084542	92	SAMN39645117	soil	China: Beijing		non_saline_candidate	
GCF_037997165.1	Bacillus subtilis	Complete Genome	current	4215642	1	SAMN40517433	Healthy cucumber rhizosphere soil.	China: Beiwang Village, Luolong District, Luoyang City, Henan Province	Cucumis sativus L.	non_saline_candidate	
GCF_038442665.1	Bacillus subtilis	Complete Genome	current	4215643	1	SAMN40979683	wheat rhizospheric soil	China: a field at the Henan Academy of Agricultural Sciences in Xinxiang, Henan		non_saline_candidate	
GCF_038594285.1	Bacillus subtilis	Scaffold	current	4278314	30	SAMN40732643	soil	Russia: Republic of Tatarstan, Kazan		non_saline_candidate	
GCF_041153445.1	Bacillus subtilis	Scaffold	current	4004109	12	SAMN41837374	root	Thailand: Surat Thani	rice	non_saline_candidate	
GCF_041514415.1	Bacillus subtilis	Complete Genome	current	4083451	1	SAMN26302293	Rhizosphere soil of cucumber, cucumber field of the experimental farm of the School of Agriculture and Biology, Shanghai Jiaotong University	China: Shanghai		non_saline_candidate	
GCF_041537785.1	Bacillus subtilis	Contig	current	4043370	13	SAMN43297759	soil	China: Inner Mongolia		non_saline_candidate	
GCF_045001865.1	Bacillus subtilis	Complete Genome	current	4030855	1	SAMN38026925	soil	China: Henan		non_saline_candidate	
GCF_045277765.1	Bacillus subtilis	Chromosome	current	4168801	80	SAMN35344861	root of tea	India: Jalpaiguri, West Bengal	Camellia sinensis	non_saline_candidate	
GCF_046267835.1	Bacillus subtilis	Complete Genome	current	4425418	2	SAMN43911274	plant	China:Shangqiu		non_saline_candidate	
GCF_046573225.1	Bacillus subtilis	Contig	current	4574405	908	SAMN46063101	soil	Pakistan: Lahore		non_saline_candidate	
GCF_047302535.1	Bacillus subtilis	Complete Genome	current	4117990	1	SAMN44627545	root	USA:Tucson	Lactuca serriola	non_saline_candidate	
GCF_047782775.1	Bacillus subtilis	Complete Genome	current	4120051	1	SAMN45886785	soil sample	India: Rubber Estate, Kerala		non_saline_candidate	
GCF_049801195.1	Bacillus subtilis	Contig	current	4000167	31	SAMN40605109	soil	Mexico: Yaqui Valley	Triticum turgidum	non_saline_candidate	
GCF_050051195.1	Bacillus subtilis	Contig	current	4042096	19	SAMN48054948	soil	Brazil: Ceara, Quixera Mobim		non_saline_candidate	
GCF_050051215.1	Bacillus subtilis	Scaffold	current	4282130	24	SAMN48054950	soil	Brazil: Ceara, Ocara		non_saline_candidate	
GCF_050051235.1	Bacillus subtilis	Scaffold	current	4088418	17	SAMN48054949	soil	Brazil: Ceara, Pedra Branca		non_saline_candidate	
GCF_050474085.1	Bacillus subtilis	Contig	current	4272771	10	SAMN41397040	clay soil	USA		non_saline_candidate	
GCF_050563185.1	Bacillus subtilis	Contig	current	4104232	5	SAMN46047657	agricultural soil	Pakistan: Kasur		non_saline_candidate	
GCF_050884255.1	Bacillus subtilis	Complete Genome	current	4089051	1	SAMN48388340	soil	China:Taizhou		non_saline_candidate	
GCF_051133315.1	Bacillus subtilis	Contig	current	4402976	162	SAMN49477030	Plant	missing		non_saline_candidate	
GCF_051192595.1	Bacillus subtilis	Scaffold	current	4074393	25	SAMN49650439	potato rhizosphere	Russia:Tatarstan, Kazan		non_saline_candidate	
GCF_051486545.1	Bacillus subtilis	Contig	current	4188149	19	SAMN19781480	root nodules	Saudi Arabia: Jizan	Indigofera argentea Burm.f.	non_saline_candidate	
GCF_051487145.1	Bacillus subtilis	Contig	current	4098172	15	SAMN19781447	rhizosphere	Saudi Arabia: Jizan	Indigofera argentea Burm.f.	non_saline_candidate	
GCF_051487275.1	Bacillus subtilis	Contig	current	4175265	18	SAMN19781440	root nodules	Saudi Arabia: Jizan	Indigofera argentea Burm.f.	non_saline_candidate	
GCF_051487365.1	Bacillus subtilis	Contig	current	4102810	19	SAMN19781436	root nodules	Saudi Arabia: Jizan	Indigofera argentea Burm.f.	non_saline_candidate	
GCF_051858235.2	Bacillus subtilis	Contig	current	4119921	2	SAMN50031924	rhizosphere	Morocco: Taliouine	Crocus sativus L.	non_saline_candidate	
GCF_051904005.1	Bacillus subtilis	Complete Genome	current	4572713	1	SAMN28462502	Rhizosheric soil	India: Tamil Nadu, Coimbatore, TNAU		non_saline_candidate	
GCF_051908735.1	Bacillus subtilis	Complete Genome	current	4137114	2	SAMN50429499	plant leaves	China: Changsha		non_saline_candidate	
GCF_052441595.1	Bacillus subtilis	Contig	current	4028990	1	SAMN49662484	soil	Turkey: Erzurum		non_saline_candidate	
GCF_052546035.1	Bacillus subtilis	Contig	current	4150431	29	SAMN50896664	soil	Russia: The Orenburg		non_saline_candidate	
GCF_052591155.1	Bacillus subtilis	Contig	current	4047779	2	SAMN49947363	rhizosphere	Spain:Malaga	avacado	non_saline_candidate	
GCF_052806235.1	Bacillus subtilis	Contig	current	4029479	16	SAMN51437031	Rhizosphere soil of Durio zibethinus (durian)	Thailand: Khlong Phlu Subdistrict, Khao Khitchakut District, Chanthaburi Province	Durio zibethinus (durian)	non_saline_candidate	
GCF_052806295.1	Bacillus subtilis	Scaffold	current	4168299	50	SAMN48096595	soil	Spain		non_saline_candidate	
GCF_053291885.1	Bacillus subtilis	Complete Genome	current	4217970	1	SAMN50033525	Cypress rhizosphere soil	China:Beijing		non_saline_candidate	
GCF_053786015.1	Bacillus subtilis	Complete Genome	current	4091710	1	SAMN53403215	soil	China: Qingzhou		non_saline_candidate	
GCF_053819085.1	Bacillus subtilis	Contig	current	3987446	53	SAMN53424831	Plant	Viet Nam		non_saline_candidate	
GCF_053895045.1	Bacillus subtilis	Contig	current	4629911	85	SAMN53301952	roots	Bangladesh	Oryza sativa	non_saline_candidate	
GCF_054055415.1	Bacillus subtilis	Contig	current	3995395	26	SAMN53507531	soil	Viet Nam		non_saline_candidate	
GCF_054353695.1	Bacillus subtilis	Contig	current	4060483	13	SAMN52661507	soil	Ukraine		non_saline_candidate	
GCF_054408555.1	Bacillus subtilis	Complete Genome	current	4156860	3	SAMN46066456	soil	China: Shandong		non_saline_candidate	
GCF_000227485.1	Bacillus subtilis subsp. subtilis str. RO-NN-1	Complete Genome	current	4011949	1	SAMN02603351	soil			non_saline_candidate	
GCF_000385985.1	Bacillus subtilis PS216	Contig	current	4307186	146	SAMN02009237	sandy soil	Slovenia: Ljubljana		non_saline_candidate	
GCF_000582885.1	Bacillus subtilis QH-1	Contig	current	4034036	11	SAMN02951917	soil	China: Qinghai		non_saline_candidate	
GCF_000812025.2	Bacillus thermotolerans	Contig	current	3805822	124	SAMN03258395	composting demonstration plant	China: Dongguan		non_saline_candidate	
GCF_000818665.2	Bacillus thermotolerans	Contig	current	3716532	184	SAMN03253085	landfill soil from a depth of 5.5 ft	India: Chandigarh		non_saline_candidate	
GCF_000818695.2	Bacillus thermotolerans	Contig	current	3967261	172	SAMN03253084	landfill soil from a depth of 5.5 ft	India: Chandigarh		non_saline_candidate	
GCF_001017635.1	Bacillus thuringiensis	Complete Genome	current	6784135	10	SAMN03457230	roots	China	tobacco	non_saline_candidate	
GCF_001182785.1	Bacillus thuringiensis	Complete Genome	current	6403459	10	SAMN03840349	soil sample	China: Sichuan		non_saline_candidate	
GCF_001276195.1	Bacillus thuringiensis	Scaffold	current	6719392	167	SAMN03703411	soil	China: Hubei		non_saline_candidate	
GCF_001296435.1	Bacillus thuringiensis	Scaffold	current	6167994	94	SAMN03839946	soil	Brazil: Tocantins State		non_saline_candidate	
GCF_001420855.1	Bacillus thuringiensis	Complete Genome	current	6227942	7	SAMN04210076	soil	China: Hailuo Glacier virgin forest, Sichuan basin		non_saline_candidate	
GCF_001455345.1	Bacillus thuringiensis	Complete Genome	current	5352926	2	SAMN04278951	soil	China: Wuhan	invertebrates	non_saline_candidate	
GCF_001565875.1	Bacillus subtilis subsp. natto	Complete Genome	current	4193748	3	SAMN04437026	soil	missing	missing	non_saline_candidate	
GCF_001595725.1	Bacillus thuringiensis	Complete Genome	current	6390500	9	SAMN04469537	soil	China		non_saline_candidate	
GCF_001598095.1	Bacillus thuringiensis	Complete Genome	current	6490457	7	SAMN04266503	soil	USA		non_saline_candidate	
GCF_001625135.1	Bacillus subtilis subsp. subtilis	Contig	current	4119571	28	SAMN04594889	onion rhizosphere	Argentina: Bahia Blanca		non_saline_candidate	
GCF_001661555.1	Bacillus subtilis subsp. subtilis	Contig	current	4035748	20	SAMN04419588	soil	China: Jiangsu		non_saline_candidate	
GCF_001677055.1	Bacillus thuringiensis	Scaffold	current	5776387	48	SAMN04000100	red soil	China		non_saline_candidate	
GCF_001757675.1	Bacillus thuringiensis	Contig	current	5359363	30	SAMN04635980	Tomato rhizosphere	Germany:Goettingen		non_saline_candidate	
GCF_001757685.1	Bacillus thuringiensis	Contig	current	5356766	43	SAMN04803006	Tomato rhizosphere	Germany:Goettingen		non_saline_candidate	
GCF_001757695.1	Bacillus thuringiensis	Contig	current	5347504	60	SAMN04817213	Tomato rhizosphere	Germany:Goettingen		non_saline_candidate	
GCF_001757745.1	Bacillus thuringiensis	Contig	current	6008382	63	SAMN04819576	Tomato rhizosphere	Germany:Goettingen		non_saline_candidate	
GCF_001968805.1	Bacillus thuringiensis	Contig	current	5996018	80	SAMN06167427	soil sample	Argentina: Misiones		non_saline_candidate	
GCF_001969555.1	Bacillus swezeyi	Scaffold	current	4519724	78	SAMN06229978	soil	Israel: Evolution Canyon, south-facing slope		non_saline_candidate	
GCF_001969815.1	Bacillus swezeyi	Scaffold	current	4516141	98	SAMN06102001	soil	Israel: Evolution canyon, south-facing slope		non_saline_candidate	
GCF_002009095.1	Bacillus subtilis subsp. subtilis str. 168	Chromosome	current	4215398	3	SAMN06268574		missing	soil	non_saline_candidate	
GCF_002009135.1	Bacillus subtilis subsp. subtilis str. 168	Chromosome	current	4215385	2	SAMN06268590		missing	soil	non_saline_candidate	
GCF_002173755.1	Bacillus thuringiensis	Complete Genome	current	5878235	5	SAMN05846296	soil	China		non_saline_candidate	
GCF_002222555.1	Bacillus thuringiensis	Complete Genome	current	5661190	2	SAMN07317425	soil	South Korea		non_saline_candidate	
GCF_002550055.1	Bacillus thuringiensis	Scaffold	current	6164715	157	SAMN07598715	root	USA: IA	Corn	non_saline_candidate	
GCF_002550185.1	Bacillus thuringiensis	Scaffold	current	5879059	157	SAMN07598701	root	USA: IA	Corn	non_saline_candidate	
GCF_002550605.1	Bacillus thuringiensis	Scaffold	current	5585308	110	SAMN07598634	plant core	USA: NC		non_saline_candidate	
GCF_002550745.1	Bacillus thuringiensis	Scaffold	current	6278357	161	SAMN07598620	soil	USA: IA		non_saline_candidate	
GCF_002551695.1	Bacillus thuringiensis	Scaffold	current	5755358	85	SAMN07598718	plant core	USA: NC		non_saline_candidate	
GCF_002551885.1	Bacillus thuringiensis	Scaffold	current	5763454	102	SAMN07598692	plant core	USA: NC		non_saline_candidate	
GCF_002551955.1	Bacillus thuringiensis	Contig	current	5747830	110	SAMN07598683	plant core	USA: NC		non_saline_candidate	
GCF_002552035.1	Bacillus thuringiensis	Scaffold	current	5964703	169	SAMN07598677	root	USA: IA	Corn	non_saline_candidate	
GCF_002555365.1	Bacillus thuringiensis	Scaffold	current	6381065	442	SAMN07597481	Plant; Oats	USA: NC		non_saline_candidate	
GCF_002558035.1	Bacillus thuringiensis	Scaffold	current	6075424	159	SAMN07597403	plant	USA: IN	Weed	non_saline_candidate	
GCF_002558075.1	Bacillus thuringiensis	Scaffold	current	5929364	125	SAMN07597400	root	USA: IA	Soybean	non_saline_candidate	
GCF_002558235.1	Bacillus thuringiensis	Scaffold	current	6259421	171	SAMN07597402	root	USA: IA	Corn	non_saline_candidate	
GCF_002558355.1	Bacillus thuringiensis	Scaffold	current	5781692	106	SAMN07597326	soil	USA: NC		non_saline_candidate	
GCF_002558525.1	Bacillus thuringiensis	Scaffold	current	6705616	385	SAMN07597306	root	USA: IA	Corn	non_saline_candidate	
GCF_002558555.1	Bacillus thuringiensis	Scaffold	current	5925878	111	SAMN07597304	plant	USA: NC		non_saline_candidate	
GCF_002558595.1	Bacillus thuringiensis	Scaffold	current	6150353	228	SAMN07597303	plant	USA: IN	Weed	non_saline_candidate	
GCF_002558635.1	Bacillus thuringiensis	Scaffold	current	5839434	110	SAMN07597296	root	USA: IA	Corn	non_saline_candidate	
GCF_002558795.1	Bacillus thuringiensis	Scaffold	current	5664943	251	SAMN07597282	plant	USA: NC		non_saline_candidate	
GCF_002558915.1	Bacillus thuringiensis	Scaffold	current	6052136	169	SAMN07597271	root	USA: IA	Corn	non_saline_candidate	
GCF_002559875.1	Bacillus thuringiensis	Scaffold	current	6233011	175	SAMN07597598	soil	USA: IA		non_saline_candidate	
GCF_002560055.1	Bacillus thuringiensis	Scaffold	current	5995797	185	SAMN07597579	soil	USA: IA		non_saline_candidate	
GCF_002560305.1	Bacillus thuringiensis	Scaffold	current	5737245	414	SAMN07597565	plant core	USA: NC		non_saline_candidate	
GCF_002560335.1	Bacillus thuringiensis	Scaffold	current	5877435	122	SAMN07597559	plant core	USA: NC		non_saline_candidate	
GCF_002560455.1	Bacillus thuringiensis	Scaffold	current	5565061	55	SAMN07597550	plant core	USA: NC		non_saline_candidate	
GCF_002560805.1	Bacillus thuringiensis	Scaffold	current	5790720	114	SAMN07597521	soil	USA: NY		non_saline_candidate	
GCF_002560815.1	Bacillus thuringiensis	Scaffold	current	5868172	119	SAMN07597520	root	USA: IA	Corn	non_saline_candidate	
GCF_002560925.1	Bacillus thuringiensis	Scaffold	current	5822467	115	SAMN07597486	soil	USA: NY		non_saline_candidate	
GCF_002561275.1	Bacillus thuringiensis	Scaffold	current	5402158	52	SAMN07597454	plant core	USA: NC		non_saline_candidate	
GCF_002561335.1	Bacillus thuringiensis	Scaffold	current	6119265	79	SAMN07597452	soil	USA: NC		non_saline_candidate	
GCF_002561475.1	Bacillus thuringiensis	Scaffold	current	6072917	202	SAMN07597440	soil	USA: IA		non_saline_candidate	
GCF_002561585.1	Bacillus thuringiensis	Scaffold	current	5936084	147	SAMN07597423	root	USA: IL	Soybean	non_saline_candidate	
GCF_002561665.1	Bacillus thuringiensis	Scaffold	current	6465077	202	SAMN07597388	root	USA: MO	Soybean	non_saline_candidate	
GCF_002561795.1	Bacillus thuringiensis	Scaffold	current	5458035	104	SAMN07597495	plant core	USA: NC		non_saline_candidate	
GCF_002561825.1	Bacillus thuringiensis	Scaffold	current	5935112	408	SAMN07597478	plant core	USA: NC		non_saline_candidate	
GCF_002562045.1	Bacillus thuringiensis	Scaffold	current	6105078	188	SAMN07597396	root	USA: IL	Soybean	non_saline_candidate	
GCF_002562055.1	Bacillus thuringiensis	Scaffold	current	5660994	97	SAMN07597394	plant core	USA: NC		non_saline_candidate	
GCF_002562205.1	Bacillus thuringiensis	Scaffold	current	5824770	84	SAMN07597373	soil	USA: NY		non_saline_candidate	
GCF_002563145.1	Bacillus thuringiensis	Scaffold	current	6178940	275	SAMN07597505	root	USA: IA	Corn	non_saline_candidate	
GCF_002563205.1	Bacillus thuringiensis	Scaffold	current	6215531	380	SAMN07597504	soil	USA: NY		non_saline_candidate	
GCF_002563275.1	Bacillus thuringiensis	Scaffold	current	6225824	197	SAMN07597499	root	USA: MN	Soybean	non_saline_candidate	
GCF_002564405.1	Bacillus thuringiensis	Scaffold	current	5958485	143	SAMN07598575	soil	USA: IA		non_saline_candidate	
GCF_002564505.1	Bacillus thuringiensis	Scaffold	current	6462279	364	SAMN07598566	soil	USA: IA		non_saline_candidate	
GCF_002564545.1	Bacillus thuringiensis	Scaffold	current	5457801	83	SAMN07598560	plant core	USA: NC		non_saline_candidate	
GCF_002564645.1	Bacillus thuringiensis	Scaffold	current	5890098	143	SAMN07598540	plant core	USA: NC		non_saline_candidate	
GCF_002564955.1	Bacillus thuringiensis	Scaffold	current	5753778	139	SAMN07598558	soil	USA: NY		non_saline_candidate	
GCF_002565105.1	Bacillus thuringiensis	Scaffold	current	6115769	176	SAMN07598424	plant core	USA: NC		non_saline_candidate	
GCF_002565435.1	Bacillus thuringiensis	Scaffold	current	5691959	77	SAMN07598511	plant core	USA: NC		non_saline_candidate	
GCF_002565845.1	Bacillus thuringiensis	Scaffold	current	5392955	56	SAMN07598422	plant core	USA: NC		non_saline_candidate	
GCF_002566135.1	Bacillus thuringiensis	Scaffold	current	6888774	169	SAMN07598535	plant core	USA: NC		non_saline_candidate	
GCF_002566145.1	Bacillus thuringiensis	Scaffold	current	5706228	98	SAMN07598531	plant core	USA: NC		non_saline_candidate	
GCF_002566295.1	Bacillus thuringiensis	Scaffold	current	5688694	91	SAMN07598502	plant core	USA: NC		non_saline_candidate	
GCF_002566395.1	Bacillus thuringiensis	Scaffold	current	5771649	199	SAMN07598489	plant	USA: NC	Weed	non_saline_candidate	
GCF_002566485.1	Bacillus thuringiensis	Scaffold	current	5501366	57	SAMN07598458	plant core	USA: NC		non_saline_candidate	
GCF_002566545.1	Bacillus thuringiensis	Scaffold	current	5776026	919	SAMN07598447	plant	USA: NC	Weed	non_saline_candidate	
GCF_002566555.1	Bacillus thuringiensis	Scaffold	current	6304386	187	SAMN07598439	root	USA: IA	Corn	non_saline_candidate	
GCF_002567265.1	Bacillus thuringiensis	Scaffold	current	6323148	147	SAMN07598352	root	USA: MN	Soybean	non_saline_candidate	
GCF_002567295.1	Bacillus thuringiensis	Scaffold	current	5835355	99	SAMN07598349	root	USA: MO	Soybean	non_saline_candidate	
GCF_002567875.1	Bacillus thuringiensis	Scaffold	current	6212408	182	SAMN07598286	root	USA: IA	Corn	non_saline_candidate	
GCF_002567905.1	Bacillus thuringiensis	Scaffold	current	5909277	139	SAMN07598285	root	USA: IA	Corn	non_saline_candidate	
GCF_002567995.1	Bacillus thuringiensis	Scaffold	current	5859580	216	SAMN07598278	plant core	USA: NC		non_saline_candidate	
GCF_002568055.1	Bacillus thuringiensis	Scaffold	current	5538564	81	SAMN07598269	soil	USA: NC		non_saline_candidate	
GCF_002568175.1	Bacillus thuringiensis	Scaffold	current	6159910	205	SAMN07598299	root	USA: IA	Corn	non_saline_candidate	
GCF_002568285.1	Bacillus thuringiensis	Scaffold	current	6231162	145	SAMN07598267	soil	USA: NY		non_saline_candidate	
GCF_002568385.1	Bacillus thuringiensis	Scaffold	current	5774646	105	SAMN07598301	plant core	USA: NC		non_saline_candidate	
GCF_002568515.1	Bacillus thuringiensis	Scaffold	current	6191468	171	SAMN07598287	soil	USA: IA		non_saline_candidate	
GCF_002568525.1	Bacillus thuringiensis	Scaffold	current	5946724	114	SAMN07598274	root	USA: MN	Soybean	non_saline_candidate	
GCF_002568585.1	Bacillus thuringiensis	Scaffold	current	6248135	231	SAMN07598262	soil	USA: NY		non_saline_candidate	
GCF_002569275.1	Bacillus thuringiensis	Scaffold	current	5637755	88	SAMN07598407	Core; Other Plant	USA: NC		non_saline_candidate	
GCF_002569825.1	Bacillus thuringiensis	Scaffold	current	5925306	610	SAMN07598404	soil	USA: NC		non_saline_candidate	
GCF_002570505.1	Bacillus thuringiensis	Scaffold	current	5549329	88	SAMN07598221	plant core	USA: NC		non_saline_candidate	
GCF_002570635.1	Bacillus thuringiensis	Scaffold	current	5660043	75	SAMN07598195	soil	USA: NC		non_saline_candidate	
GCF_002570705.1	Bacillus thuringiensis	Scaffold	current	5716949	93	SAMN07598181	plant core	USA: NC		non_saline_candidate	
GCF_002570735.1	Bacillus thuringiensis	Scaffold	current	6222036	682	SAMN07598249	soil	USA: NC		non_saline_candidate	
GCF_002570925.1	Bacillus thuringiensis	Scaffold	current	5884736	160	SAMN07598204	plant core	USA: NC		non_saline_candidate	
GCF_002570955.1	Bacillus thuringiensis	Scaffold	current	5789031	85	SAMN07598201	soil	USA: NC		non_saline_candidate	
GCF_002571105.1	Bacillus thuringiensis	Scaffold	current	6164111	428	SAMN07598245	root	USA: IA	Soybean	non_saline_candidate	
GCF_002571305.1	Bacillus thuringiensis	Scaffold	current	6472052	403	SAMN07598187	soil	USA: NC		non_saline_candidate	
GCF_002571315.1	Bacillus thuringiensis	Scaffold	current	5707854	111	SAMN07598186	plant core	USA: NC		non_saline_candidate	
GCF_002572135.1	Bacillus thuringiensis	Scaffold	current	6369170	402	SAMN07598224	Plant; Oats	USA: NC		non_saline_candidate	
GCF_002573505.1	Bacillus thuringiensis	Scaffold	current	5739440	94	SAMN07598644	plant core	USA: NC		non_saline_candidate	
GCF_002998755.1	Bacillus subtilis subsp. subtilis	Scaffold	current	4074495	18	SAMN08637871	soil	China: Tibet		non_saline_candidate	
GCF_002998795.1	Bacillus subtilis subsp. subtilis	Scaffold	current	4072574	14	SAMN08637881	soil	China: Tibet		non_saline_candidate	
GCF_003931545.1	Bacillus subtilis subsp. subtilis	Contig	current	4009488	43	SAMN10497934	rhizosphere	France	maize	non_saline_candidate	
GCF_011800745.1	Bacillus subtilis subsp. subtilis	Scaffold	current	4090640	26	SAMN09761081	rhizosphere	Colombia: Uraba	Musa acuminata AAA Group	non_saline_candidate	
GCF_012648205.1	Bacillus subtilis subsp. subtilis	Complete Genome	current	4059834	1	SAMN14479758	cotton plant surface sterilized stem	Tajikistan:Dushanbe		non_saline_candidate	
GCF_013332455.1	Bacillus subtilis subsp. subtilis	Contig	current	4084062	22	SAMN14987718	roots	Viet Nam: Hoai Duc, Ha Noi	green eggplant	non_saline_candidate	
GCF_018454405.1	Bacillus subtilis subsp. subtilis	Complete Genome	current	4215114	1	SAMN19136531	beach soil	India:Midalam beach in Tamil Nadu		non_saline_candidate	
GCF_029916985.1	Bacillus subtilis subsp. subtilis	Complete Genome	current	4163183	2	SAMN34231589	soil	China:Wuhan		non_saline_candidate	
GCF_030908325.1	Bacillus swezeyi	Complete Genome	current	4527066	1	SAMN37015269	soil	China: Inner Mongolia		non_saline_candidate	
GCF_035809135.1	Bacillus swezeyi	Scaffold	current	4531128	31	SAMN33940597	soil	Israel		non_saline_candidate	
GCF_036216845.1	Bacillus swezeyi	Scaffold	current	4816348	37	SAMN32974835	soil	Israel: Evolution Canyon		non_saline_candidate	
GCF_036216865.1	Bacillus swezeyi	Scaffold	current	4811205	41	SAMN32974836	soil	Israel: Evolution Canyon		non_saline_candidate	
GCF_036216905.1	Bacillus swezeyi	Scaffold	current	4524322	42	SAMN32974833	soil	Israel: Evolution Canyon		non_saline_candidate	
GCF_036216925.1	Bacillus swezeyi	Scaffold	current	4525821	27	SAMN32974832	soil	Israel: Evolution Canyon		non_saline_candidate	
GCF_036216945.1	Bacillus swezeyi	Scaffold	current	4523947	23	SAMN32974831	soil	Israel: Evolution Canyon		non_saline_candidate	
GCF_036216965.1	Bacillus swezeyi	Scaffold	current	4524567	40	SAMN32974830	soil	Israel: Evolution Canyon		non_saline_candidate	
GCF_039619305.1	Bacillus subtilis subsp. subtilis	Complete Genome	current	4086124	1	SAMN41076884	Wheat root	China: Henan		non_saline_candidate	
GCF_041023695.1	Bacillus subtilis subsp. subtilis	Scaffold	current	4071622	16	SAMN42877911	tomato roots	Russia		non_saline_candidate	
GCF_047823005.1	Bacillus subtilis subsp. subtilis	Scaffold	current	4047995	17	SAMN46714633	Wastewater from the tannery treatment plant	Colombia: Quindio		non_saline_candidate	
GCF_049860545.1	Bacillus subtilis subsp. subtilis	Complete Genome	current	4295485	2	SAMN48002405	Plant rhizosphere	China: Nanjing		non_saline_candidate	
GCF_051912515.1	Bacillus subtilis subsp. subtilis	Complete Genome	current	4147866	1	SAMN50219890	soil sample	Mexico: Guanajuato, Valle de Santiago, Las Siete Luminarias Nature Reserve	Metarhizium robertsii	non_saline_candidate	
GCF_052068515.1	Bacillus swezeyi	Complete Genome	current	4359502	2	SAMN50199788	lake water and soil	China: Shandong		non_saline_candidate	
GCF_053713335.1	Bacillus subtilis subsp. subtilis NCIB 3610 = ATCC 6051 = DSM 10	Contig	current	3939037	33	SAMN53198202	soil	Philippines: Diliman, Quezon City		non_saline_candidate	
GCF_054875795.1	Bacillus subtilis	Contig	current	4251061	20	SAMN45423975	Soil under the coffee tree	Viet Nam		non_saline_candidate	
GCF_054962355.1	Bacillus subtilis	Contig	current	4142409	52	SAMN52959272	soil	Bangladesh		non_saline_candidate	
GCF_054962395.1	Bacillus subtilis	Contig	current	4142087	49	SAMN53058345	soil	Bangladesh		non_saline_candidate	
GCF_054962435.1	Bacillus subtilis	Contig	current	4142938	53	SAMN53091478	soil	Bangladesh		non_saline_candidate	
GCF_054962455.1	Bacillus subtilis	Contig	current	4144160	56	SAMN53086690	soil	Bangladesh		non_saline_candidate	
GCF_054974465.1	Bacillus subtilis	Contig	current	4139631	40	SAMN54995029	soil	India:surat		non_saline_candidate	
GCF_055229245.1	Bacillus subtilis	Contig	current	3958996	102	SAMN54974932	leaves, roots, stems	Bangladesh: Dhaka	Clitoria ternatea	non_saline_candidate	
GCF_055326565.1	Bacillus subtilis	Contig	current	4059792	76	SAMN52926226	Lavender rhizosphere soil	China: Xinjiang, Yining City	Lavandula angustifolia Mill.	non_saline_candidate	
GCF_055326625.1	Bacillus subtilis	Contig	current	4341256	499	SAMN52927183	Lavender rhizosphere soil	China: Xinjiang, Yining City	Lavandula angustifolia Mill.	non_saline_candidate	
GCF_055690685.1	Bacillus subtilis	Complete Genome	current	4177895	1	SAMN54376224	Root of Leucas aspera	Bangladesh: Biral, Dinajpur	Leucas aspera	non_saline_candidate	
GCF_055793405.1	Bacillus subtilis	Contig	current	4069917	52	SAMN54971873	soil	Pakistan: Punjab, Faisalabad		non_saline_candidate	
GCF_055801795.1	Bacillus subtilis	Complete Genome	current	4123886	1	SAMN54937985	Ginkgo biloba rhizosphere soil	China:Qiannan Buyi and Miao Autonomous Prefecture		non_saline_candidate	
GCF_056098865.1	Bacillus subtilis	Contig	current	4120273	32	SAMN45874130	soil	Mexico: Yaqui Valley	wheat	non_saline_candidate	
GCF_056110565.1	Bacillus subtilis	Contig	current	4047155	63	SAMN54736307	Riparian forest soil near a stream	Brazil:Serrafina		non_saline_candidate	
GCF_056156505.1	Bacillus subtilis	Contig	current	4173813	12	SAMN52878957	rhizosphere soil	China: Yunnan	Sanqi	non_saline_candidate	
GCF_056377955.1	Bacillus subtilis	Contig	current	4101732	26	SAMN46819883	rhizospheric soils from cacti	Brazil: Paulo Afonso		non_saline_candidate	
GCF_056674935.1	Bacillus subtilis	Contig	current	4088061	596	SAMN49909479	soil rhizosphere	Pakistan: Lahore	Medicinal plants	non_saline_candidate	
GCF_905310985.2	Bacillus subtilis	Complete Genome	current	4096107	1	SAMEA8103426	garden soil	United Kingdom		non_saline_candidate	
GCF_905310995.2	Bacillus subtilis	Complete Genome	current	4264553	1	SAMEA8103427	community garden soil	United Kingdom		non_saline_candidate	
GCF_905311015.1	Bacillus subtilis	Contig	current	4260145	47	SAMEA8103424	garden soil	United Kingdom		non_saline_candidate	
GCF_905311035.2	Bacillus subtilis	Chromosome	current	4312183	5	SAMEA8103425	garden soil	United Kingdom		non_saline_candidate	
GCF_905311385.2	Bacillus subtilis	Complete Genome	current	4371489	2	SAMEA8103433	garden soil	United Kingdom		non_saline_candidate	
GCF_905311395.1	Bacillus subtilis	Contig	current	4420112	76	SAMEA8103430	garden soil	United Kingdom		non_saline_candidate	
GCF_905311405.2	Bacillus subtilis	Complete Genome	current	4166364	2	SAMEA8103429	garden soil	United Kingdom		non_saline_candidate	
GCF_905311425.2	Bacillus subtilis	Complete Genome	current	4090679	1	SAMEA8103428	community garden soil	United Kingdom		non_saline_candidate	
GCF_905315045.2	Bacillus subtilis	Complete Genome	current	4226657	1	SAMEA8103437	garden soil	United Kingdom		non_saline_candidate	
GCF_905315055.2	Bacillus subtilis	Complete Genome	current	4001615	1	SAMEA8103438	garden soil	United Kingdom		non_saline_candidate	
GCF_905315375.1	Bacillus subtilis	Contig	current	4294788	48	SAMEA8103443	garden soil	United Kingdom		non_saline_candidate	
GCF_905315385.1	Bacillus subtilis	Contig	current	4289748	56	SAMEA8103442	community garden soil	United Kingdom		non_saline_candidate	
GCF_905315685.2	Bacillus subtilis	Complete Genome	current	4169376	2	SAMEA8103444	garden soil	United Kingdom		non_saline_candidate	
GCF_905315695.1	Bacillus subtilis	Contig	current	4221073	61	SAMEA8103445	garden soil	United Kingdom		non_saline_candidate	
GCF_905315705.2	Bacillus subtilis	Complete Genome	current	4215744	1	SAMEA8103446	garden soil	United Kingdom		non_saline_candidate	
GCF_905315715.2	Bacillus subtilis	Complete Genome	current	4224542	1	SAMEA8103447	garden soil	United Kingdom		non_saline_candidate	
GCF_905318255.2	Bacillus subtilis	Complete Genome	current	4275379	2	SAMEA8103449	garden soil	United Kingdom		non_saline_candidate	
GCF_905319135.2	Bacillus subtilis	Complete Genome	current	4324000	2	SAMEA8103452	garden soil	United Kingdom		non_saline_candidate	
GCF_905319145.1	Bacillus subtilis	Contig	current	4135906	38	SAMEA8103451	garden soil	United Kingdom		non_saline_candidate	
GCF_905319155.2	Bacillus subtilis	Complete Genome	current	4256610	1	SAMEA8103450	garden soil	United Kingdom		non_saline_candidate	
GCF_905319535.2	Bacillus subtilis	Contig	current	4248983	3	SAMEA8103456	garden soil	United Kingdom		non_saline_candidate	
GCF_905319545.2	Bacillus subtilis	Complete Genome	current	4096109	1	SAMEA8103453	garden soil	United Kingdom		non_saline_candidate	
GCF_905319555.1	Bacillus subtilis	Contig	current	4120078	128	SAMEA8103455	garden soil	United Kingdom		non_saline_candidate	
GCF_905319565.2	Bacillus subtilis	Complete Genome	current	4169161	2	SAMEA8103454	garden soil	United Kingdom		non_saline_candidate	
GCF_905319795.1	Bacillus subtilis	Contig	current	4296050	45	SAMEA8103457	garden soil	United Kingdom		non_saline_candidate	
GCF_905319815.1	Bacillus subtilis	Contig	current	4203983	39	SAMEA8103459	garden soil	United Kingdom		non_saline_candidate	
GCF_905319825.1	Bacillus subtilis	Contig	current	4293873	37	SAMEA8103458	garden soil	United Kingdom		non_saline_candidate	
GCF_002574115.1	Bacillus thuringiensis	Scaffold	current	5865637	184	SAMN07598170	plant	USA: NC	Wheat	non_saline_candidate	
GCF_002574265.1	Bacillus thuringiensis	Scaffold	current	6153608	137	SAMN07598158	soil	USA: NY		non_saline_candidate	
GCF_002574365.1	Bacillus thuringiensis	Scaffold	current	5359693	58	SAMN07598148	soil	USA: NC		non_saline_candidate	
GCF_002574435.1	Bacillus thuringiensis	Scaffold	current	5685918	80	SAMN07598137	plant core	USA: NC		non_saline_candidate	
GCF_002574475.1	Bacillus thuringiensis	Scaffold	current	5777641	97	SAMN07598135	plant core	USA: NC		non_saline_candidate	
GCF_002574595.1	Bacillus thuringiensis	Scaffold	current	5922993	159	SAMN07598113	root	USA: IL	Corn	non_saline_candidate	
GCF_002574735.1	Bacillus thuringiensis	Scaffold	current	5418599	58	SAMN07598174	plant core	USA: NC		non_saline_candidate	
GCF_002574805.1	Bacillus thuringiensis	Scaffold	current	5715824	164	SAMN07598144	plant core	USA: NC		non_saline_candidate	
GCF_002575075.1	Bacillus thuringiensis	Scaffold	current	5890645	98	SAMN07598103	soil	USA: NY		non_saline_candidate	
GCF_002575325.1	Bacillus thuringiensis	Scaffold	current	5331290	73	SAMN07598086	soil	USA: NC		non_saline_candidate	
GCF_002575395.1	Bacillus thuringiensis	Scaffold	current	5877438	93	SAMN07598082	soil	USA: IA		non_saline_candidate	
GCF_002576125.1	Bacillus thuringiensis	Scaffold	current	5634250	79	SAMN07598004	plant	USA: NC		non_saline_candidate	
GCF_002576135.1	Bacillus thuringiensis	Scaffold	current	5933543	798	SAMN07598003	plant core	USA: NC		non_saline_candidate	
GCF_002576375.1	Bacillus thuringiensis	Scaffold	current	6121081	280	SAMN07597976	soil	USA: IA		non_saline_candidate	
GCF_002576405.1	Bacillus thuringiensis	Scaffold	current	5916922	102	SAMN07597973	root	USA: MN	Soybean	non_saline_candidate	
GCF_002576485.1	Bacillus thuringiensis	Scaffold	current	5334206	70	SAMN07597968	plant core	USA: NC		non_saline_candidate	
GCF_002576585.1	Bacillus thuringiensis	Scaffold	current	6153920	439	SAMN07598056	root	USA: IA	Soybean	non_saline_candidate	
GCF_002576645.1	Bacillus thuringiensis	Scaffold	current	5997852	124	SAMN07598046	plant core	USA: NC		non_saline_candidate	
GCF_002576655.1	Bacillus thuringiensis	Scaffold	current	6178670	222	SAMN07598039	soil	USA: IA		non_saline_candidate	
GCF_002576665.1	Bacillus thuringiensis	Scaffold	current	6277239	184	SAMN07598038	root	USA: IA	Soybean	non_saline_candidate	
GCF_002576875.1	Bacillus thuringiensis	Scaffold	current	5749644	131	SAMN07598007	plant core	USA: NC		non_saline_candidate	
GCF_002577325.1	Bacillus thuringiensis	Scaffold	current	5889296	131	SAMN07597945	plant core	USA: NC		non_saline_candidate	
GCF_002577445.1	Bacillus thuringiensis	Scaffold	current	6091726	166	SAMN07597936	root	USA: MN	Soybean	non_saline_candidate	
GCF_002577805.1	Bacillus thuringiensis	Scaffold	current	5875416	246	SAMN07597916	root	USA: IA	Corn	non_saline_candidate	
GCF_002577835.1	Bacillus thuringiensis	Scaffold	current	5937636	168	SAMN07597915	root	USA: IA	Corn	non_saline_candidate	
GCF_002578625.1	Bacillus thuringiensis	Scaffold	current	6186503	162	SAMN07597896	root	USA: MN	Soybean	non_saline_candidate	
GCF_002581075.1	Bacillus thuringiensis	Scaffold	current	6375610	403	SAMN07597980	Plant; Oats	USA: NC		non_saline_candidate	
GCF_002582685.1	Bacillus thuringiensis	Scaffold	current	5497625	101	SAMN07597876	plant core	USA: NC		non_saline_candidate	
GCF_002583235.1	Bacillus thuringiensis	Scaffold	current	5994566	181	SAMN07597819	root	USA: MN	Corn	non_saline_candidate	
GCF_002583445.1	Bacillus thuringiensis	Contig	current	5311399	44	SAMN07597789	plant core	USA: NC		non_saline_candidate	
GCF_002583505.1	Bacillus thuringiensis	Scaffold	current	6299488	168	SAMN07597797	root	USA: IA	Corn	non_saline_candidate	
GCF_002584055.1	Bacillus thuringiensis	Scaffold	current	5836866	101	SAMN07597864	plant core	USA: NC		non_saline_candidate	
GCF_002584185.1	Bacillus thuringiensis	Scaffold	current	5795615	101	SAMN07597859	plant core	USA: NC		non_saline_candidate	
GCF_002584205.1	Bacillus thuringiensis	Scaffold	current	5870983	296	SAMN07597861	plant core	USA: NC		non_saline_candidate	
GCF_002584325.1	Bacillus thuringiensis	Scaffold	current	5408676	73	SAMN07597848	soil	USA: NC		non_saline_candidate	
GCF_002584855.1	Bacillus thuringiensis	Scaffold	current	6290651	807	SAMN07597794	root	USA: MN	Soybean	non_saline_candidate	
GCF_002585635.1	Bacillus thuringiensis	Scaffold	current	6272017	179	SAMN07597858	root	USA: MN	Soybean	non_saline_candidate	
GCF_002585795.1	Bacillus thuringiensis	Scaffold	current	5850336	121	SAMN07597822	soil	USA: NY		non_saline_candidate	
GCF_002585935.1	Bacillus thuringiensis	Scaffold	current	6061736	558	SAMN07597811	plant core	USA: NC		non_saline_candidate	
GCF_002589015.1	Bacillus thuringiensis	Scaffold	current	6367201	421	SAMN07597816	Plant; Oats	USA: NC		non_saline_candidate	
GCF_002589045.1	Bacillus thuringiensis	Scaffold	current	6384973	437	SAMN07597852	Plant; Wheat	USA: NC		non_saline_candidate	
GCF_002795225.1	Bacillus thuringiensis	Scaffold	current	5688393	247	SAMN07601746	soil from forest park	China: Beijing		non_saline_candidate	
GCF_002921215.1	Bacillus thuringiensis	Contig	current	6350733	235	SAMN07809248	soil from soybean field	Brazil: Bela Vista do Paraiso/PR		non_saline_candidate	
GCF_002969075.2	Bacillus thuringiensis	Scaffold	current	6113005	95	SAMN08613543	soil	India	insect	non_saline_candidate	
GCF_002998815.1	Bacillus thuringiensis	Scaffold	current	6086518	49	SAMN08638887	soil	China: Tibet		non_saline_candidate	
GCF_002998855.1	Bacillus thuringiensis	Contig	current	5689472	87	SAMN08639006	grass roots	China: Tibet, Nyingchi		non_saline_candidate	
GCF_003054785.2	Bacillus thuringiensis	Complete Genome	current	6133281	5	SAMN08238639	soil sample	India: Erode	missing	non_saline_candidate	
GCF_003150715.1	Bacillus thuringiensis	Contig	current	5789681	96	SAMN08014106	root	India:Imphal west district	Black rice	non_saline_candidate	
GCF_003312445.1	Bacillus thuringiensis	Contig	current	6419103	533	SAMN09579918	soil	China:Hebei		non_saline_candidate	
GCF_003399465.1	Bacillus thuringiensis	Contig	current	6450570	69	SAMN09769425	soil	USA: New Hampshire, Town of Hanover, park adjacent to Geisel Medical School		non_saline_candidate	
GCF_003408695.1	Bacillus thuringiensis	Scaffold	current	6420976	619	SAMN09381491	soil	China: BaiWangShan Forest Park, Beijing		non_saline_candidate	
GCF_003444735.1	Bacillus thuringiensis	Scaffold	current	5962817	293	SAMN06158657	soil	Tunisia		non_saline_candidate	
GCF_003626955.1	Bacillus thuringiensis	Complete Genome	current	6303380	7	SAMN10141297	soil	China:Liaoning Province		non_saline_candidate	
GCF_003991175.1	Bacillus thuringiensis	Complete Genome	current	6113568	9	SAMN07156125	soil	China		non_saline_candidate	
GCF_004009875.1	Bacillus thuringiensis	Contig	current	5793529	408	SAMN02646615	soil	USA		non_saline_candidate	
GCF_004167115.1	Bacillus thuringiensis	Scaffold	current	6493494	332	SAMN10145375	soil	India: Tamil Nadu		non_saline_candidate	
GCF_004194435.2	Bacillus thuringiensis	Chromosome	current	6157090	90	SAMN10882255	soil	Brazil:Tocantins		non_saline_candidate	
GCF_004194455.2	Bacillus thuringiensis	Chromosome	current	6157093	27	SAMN10882302	soil	Brazil:Tocantins		non_saline_candidate	
GCF_004194475.2	Bacillus thuringiensis	Chromosome	current	6157096	105	SAMN10882867	soil	Brazil:Tocantins		non_saline_candidate	
GCF_004309715.1	Bacillus thuringiensis	Scaffold	current	5054095	59	SAMN10141808	soil	India: Tamil Nadu		non_saline_candidate	
GCF_004354265.1	Bacillus thuringiensis	Chromosome	current	6157025	532	SAMN10881981	soil	Brazil		non_saline_candidate	
GCF_005155285.1	Bacillus thuringiensis	Complete Genome	current	6681027	6	SAMN11479299	soil	China:Yangzhou	missing	non_saline_candidate	
GCF_006151925.1	Bacillus thuringiensis	Complete Genome	current	6019481	4	SAMN11931319	soil	China: Xinjiang Uyghur Autonomous Region		non_saline_candidate	
GCF_009025915.1	Bacillus thuringiensis	Complete Genome	current	6599272	8	SAMN12860338	soil	China: Nanjing		non_saline_candidate	
GCF_009078315.1	Bacillus thuringiensis	Scaffold	current	6390221	381	SAMN11431964	agricultural soil	Spain: Navarra		non_saline_candidate	
GCF_011765855.1	Bacillus thuringiensis	Contig	current	6112031	92	SAMN11866291	root-soil zone	South Africa: North-West	maize	non_saline_candidate	
GCF_013375565.1	Bacillus thuringiensis	Contig	current	5587976	50	SAMN15224076	soil sample	Brazil	Zea mays	non_saline_candidate	
GCF_014932845.1	Bacillus thuringiensis	Scaffold	current	5621500	47	SAMN16244548	clay soil	Brazil:Goias, Turvelandia		non_saline_candidate	
GCF_014932945.1	Bacillus thuringiensis	Scaffold	current	5819010	84	SAMN16249741	clay soil	Brazil:Turvelandia, GO		non_saline_candidate	
GCF_015844555.1	Bacillus thuringiensis	Scaffold	current	6646367	694	SAMN03654015	maybe soil	USA		non_saline_candidate	
GCF_015844565.1	Bacillus thuringiensis	Scaffold	current	5885459	432	SAMN03654016	maybe soil	USA		non_saline_candidate	
GCF_015844945.1	Bacillus thuringiensis	Scaffold	current	6367219	95	SAMN03654045	soil	Germany		non_saline_candidate	
GCF_015844985.1	Bacillus thuringiensis	Scaffold	current	6170380	266	SAMN03654047	soil	Germany		non_saline_candidate	
GCF_015845195.1	Bacillus thuringiensis	Scaffold	current	6849847	208	SAMN03654274	soil	USA		non_saline_candidate	
GCF_015845205.1	Bacillus thuringiensis	Contig	current	6234579	37	SAMN03654277	soil	USA		non_saline_candidate	
GCF_015845255.1	Bacillus thuringiensis	Scaffold	current	6233164	37	SAMN03654278	soil	USA		non_saline_candidate	
GCF_015845275.1	Bacillus thuringiensis	Scaffold	current	6441491	210	SAMN03654279	soil	USA		non_saline_candidate	
GCF_015845285.1	Bacillus thuringiensis	Contig	current	5776367	62	SAMN03654285	soil	Spain		non_saline_candidate	
GCF_015845305.1	Bacillus thuringiensis	Scaffold	current	6907172	210	SAMN03654282	soil	USA		non_saline_candidate	
GCF_015846085.1	Bacillus thuringiensis	Scaffold	current	6232888	336	SAMN04338635	soil	China		non_saline_candidate	
GCF_015880975.1	Bacillus thuringiensis	Contig	current	5985484	53	SAMN03652211	maybe soil	China		non_saline_candidate	
GCF_015881025.1	Bacillus thuringiensis	Scaffold	current	6549004	599	SAMN03653982	maybe soil	USA		non_saline_candidate	
GCF_015881065.1	Bacillus thuringiensis	Scaffold	current	6516185	355	SAMN03652212	maybe soil	USA		non_saline_candidate	
GCF_015881085.1	Bacillus thuringiensis	Scaffold	current	6084545	236	SAMN03653984	maybe soil	USA		non_saline_candidate	
GCF_015881105.1	Bacillus thuringiensis	Contig	current	6715840	274	SAMN03653986	maybe soil	USA		non_saline_candidate	
GCF_015881125.1	Bacillus thuringiensis	Scaffold	current	5735183	103	SAMN03653987	maybe soil	USA		non_saline_candidate	
GCF_015881145.1	Bacillus thuringiensis	Scaffold	current	6623642	322	SAMN03653988	maybe soil	USA		non_saline_candidate	
GCF_015881165.1	Bacillus thuringiensis	Scaffold	current	6595079	269	SAMN03653989	maybe soil	USA		non_saline_candidate	
GCF_015912775.1	Bacillus thuringiensis	Scaffold	current	6736388	833	SAMN02646644	soil	USA		non_saline_candidate	
GCF_016068365.1	Bacillus thuringiensis	Scaffold	current	5839535	1068	SAMN04338637	soil	China		non_saline_candidate	
GCF_017165575.1	Bacillus thuringiensis	Scaffold	current	6781297	199	SAMN12046285	soil	Brazil		non_saline_candidate	
GCF_017312215.1	Bacillus thuringiensis	Scaffold	current	6137209	79	SAMN12213660	soil	Argentina		non_saline_candidate	
GCF_018791885.1	Bacillus thuringiensis	Contig	current	6322230	708	SAMN19533886	soil sample	Turkey: Adana		non_saline_candidate	
GCF_019192705.1	Bacillus thuringiensis	Contig	current	5663503	44	SAMN19998404	soil	USA: New Hampshire, Manchester		non_saline_candidate	
GCF_019192765.1	Bacillus thuringiensis	Contig	current	5643104	47	SAMN19998406	soil	USA: New Hampshire, New Boston		non_saline_candidate	
GCF_020145025.1	Bacillus thuringiensis	Scaffold	current	6316144	207	SAMN07563215	soil	China: Guangxi		non_saline_candidate	
GCF_021651035.1	Bacillus thuringiensis	Complete Genome	current	6190690	10	SAMN13118470	soil	China:Danxia mountain of Hengyang		non_saline_candidate	
GCF_022095615.2	Bacillus thuringiensis	Complete Genome	current	6113061	6	SAMN20368061	soil	China		non_saline_candidate	
GCF_022809735.1	Bacillus thuringiensis	Chromosome	current	6296150	1365	SAMN26897466	Soil of the Cerrado, clay soil, Gurupi-TO, Brazil	Brazil: Tocantins		non_saline_candidate	
GCF_022816845.1	Bacillus thuringiensis	Complete Genome	current	5945679	7	SAMN27058115	soil	China: Anhui		non_saline_candidate	
GCF_023824095.1	Bacillus thuringiensis	Complete Genome	current	5887730	4	SAMN22304413	soil	China		non_saline_candidate	
GCF_024712525.2	Bacillus thuringiensis	Contig	current	6842748	13	SAMN29019236	soil	USA: New York		non_saline_candidate	
GCF_024712535.1	Bacillus thuringiensis	Contig	current	6920748	11	SAMN29019231	soil	Viet Nam: Saigon		non_saline_candidate	
GCF_024712565.1	Bacillus thuringiensis	Contig	current	6571431	8	SAMN29019229	soil	USA: Wyoming, Thermopolis		non_saline_candidate	
GCF_024712585.1	Bacillus thuringiensis	Contig	current	6424460	20	SAMN29019239	soil	Argentina: Escobar		non_saline_candidate	
GCF_024712595.1	Bacillus thuringiensis	Contig	current	6850609	15	SAMN29019237	soil	USA: West Virginia, Cranesville		non_saline_candidate	
GCF_024712645.1	Bacillus thuringiensis	Contig	current	6751842	13	SAMN29019235	soil	Norway: Riksgransen		non_saline_candidate	
GCF_024712665.1	Bacillus thuringiensis	Contig	current	6267055	13	SAMN29019234	soil	USA: Arizona, Tucson		non_saline_candidate	
GCF_024712685.1	Bacillus thuringiensis	Contig	current	6206836	5	SAMN29019225	soil	USA: Maryland		non_saline_candidate	
GCF_024712705.1	Bacillus thuringiensis	Contig	current	6234846	19	SAMN29019238	soil	USA: Maryland		non_saline_candidate	
GCF_024712725.1	Bacillus thuringiensis	Contig	current	6903468	11	SAMN29019233	soil	USA: Wisconsin		non_saline_candidate	
GCF_024712745.1	Bacillus thuringiensis	Contig	current	6249769	9	SAMN29019230	soil	USA: Wyoming		non_saline_candidate	
GCF_024712765.1	Bacillus thuringiensis	Contig	current	6930987	11	SAMN29019232	soil	USA: Wyoming		non_saline_candidate	
GCF_024712805.1	Bacillus thuringiensis	Contig	current	6242031	7	SAMN29019228	soil	USA: Wyoming		non_saline_candidate	
GCF_024915015.1	Bacillus thuringiensis	Scaffold	current	6176056	1152	SAMN30448099	clay soil	Brazil: Tocantins, Gurupi-TO		non_saline_candidate	
GCF_025630655.1	Bacillus thuringiensis	Contig	current	6282602	3	SAMN30959534	soil	South Korea:Sunchang		non_saline_candidate	
GCF_025630665.1	Bacillus thuringiensis	Contig	current	7232697	5	SAMN30959537	soil	South Korea:Sunchang		non_saline_candidate	
GCF_025753775.1	Bacillus thuringiensis	Contig	current	5030459	426	SAMN31205655	soil	Nigeria: Lagos		non_saline_candidate	
GCF_025947955.1	Bacillus thuringiensis	Complete Genome	current	6542914	5	SAMN28108890	surface soil	China:nanning		non_saline_candidate	
GCF_025960305.1	Bacillus thuringiensis	Complete Genome	current	5432867	1	SAMN31432031	Plant rhizosphere soil	China: Shandong,Taian		non_saline_candidate	
GCF_026242205.1	Bacillus thuringiensis	Scaffold	current	5755815	51	SAMN10135877	soil	India: Tamil Nadu		non_saline_candidate	
GCF_026620185.1	Bacillus thuringiensis	Scaffold	current	6673691	573	SAMN21532370	soil	India: Tamilnadu, TNAU		non_saline_candidate	
GCF_028356555.1	Bacillus thuringiensis	Complete Genome	current	6363209	12	SAMN32746259	soil sample	Lebanon		non_saline_candidate	
GCF_028356755.1	Bacillus thuringiensis	Complete Genome	current	6319034	12	SAMN32746260	soil sample	Tunisia		non_saline_candidate	
GCF_028548205.1	Bacillus thuringiensis	Contig	current	5848754	3	SAMN32902177	soil	South Korea:Sunchang		non_saline_candidate	
GCF_030464745.1	Bacillus thuringiensis	Scaffold	current	6767950	220	SAMN12169346	soil	Brazil: Londrina, PR		non_saline_candidate	
GCF_030984695.1	Bacillus thuringiensis	Scaffold	current	6369386	313	SAMN12289228	soil	Brazil: Brasilia, DF		non_saline_candidate	
GCF_030984735.1	Bacillus thuringiensis	Scaffold	current	6739589	195	SAMN12200924	soil	Brazil: Londrina, PR		non_saline_candidate	
GCF_031324135.1	Bacillus thuringiensis	Contig	current	5716321	19	SAMN34374893	soil in warm, humid forested area with dark clay soils (5 cm deep)	Mexico: Tepoztlan, Morelos		non_saline_candidate	
GCF_031337235.1	Bacillus thuringiensis	Scaffold	current	6303469	460	SAMN12285942	soil	Brazil: Campinas, SP		non_saline_candidate	
GCF_031337245.1	Bacillus thuringiensis	Scaffold	current	6575177	377	SAMN12286296	soil	Brazil: Campinas, SP		non_saline_candidate	
GCF_031342435.1	Bacillus thuringiensis	Scaffold	current	6647172	436	SAMN12230145	soil	Brazil: Brasilia, DF		non_saline_candidate	
GCF_031342455.1	Bacillus thuringiensis	Scaffold	current	6315930	339	SAMN12229590	soil	Brazil: Brasilia, DF		non_saline_candidate	
GCF_033071715.1	Bacillus thuringiensis	Scaffold	current	6594199	195	SAMN12211138	soil	Brazil: Brasilia, DF		non_saline_candidate	
GCF_033071735.1	Bacillus thuringiensis	Scaffold	current	6741788	215	SAMN12206555	soil	Brazil: Londrina, PR		non_saline_candidate	
GCF_033952545.1	Bacillus thuringiensis	Contig	current	6448265	329	SAMN38328827	soil	Tunisia		non_saline_candidate	
GCF_033952585.1	Bacillus thuringiensis	Contig	current	6485235	343	SAMN38329715	soil	Lebanon		non_saline_candidate	
GCF_034044565.1	Bacillus thuringiensis	Contig	current	6405466	90	SAMN38397440	soil	Saudi Arabia		non_saline_candidate	
GCF_034105225.1	Bacillus thuringiensis	Contig	current	6397031	93	SAMN38466915	soil	Tunisia		non_saline_candidate	
GCF_034259365.1	Bacillus thuringiensis	Contig	current	6430225	349	SAMN38612737	soil	Tunisia		non_saline_candidate	
GCF_034296225.1	Bacillus thuringiensis	Contig	current	6044316	199	SAMN38530416	soil	Tunisia		non_saline_candidate	
GCF_034311005.1	Bacillus thuringiensis	Scaffold	current	6080531	90	SAMN38102097	soil	Argentina		non_saline_candidate	
GCF_034317685.1	Bacillus thuringiensis	Contig	current	6526311	185	SAMN38562210	soil	Tunisia		non_saline_candidate	
GCF_034318185.1	Bacillus thuringiensis	Contig	current	6216529	198	SAMN38508691	soil	Tunisia		non_saline_candidate	
GCF_034321925.1	Bacillus thuringiensis	Contig	current	6263111	124	SAMN38705093	soil	Tunisia		non_saline_candidate	
GCF_034365855.1	Bacillus thuringiensis	Contig	current	6014390	104	SAMN38693318	soil	Tunisia		non_saline_candidate	
GCF_034365905.1	Bacillus thuringiensis	Contig	current	6006255	280	SAMN38692440	soil	Tunisia		non_saline_candidate	
GCF_034427395.1	Bacillus thuringiensis	Contig	current	6260236	137	SAMN38725709	soil	Tunisia: Sfax		non_saline_candidate	
GCF_036016715.1	Bacillus thuringiensis	Scaffold	current	6301427	271	SAMN39459532	waterlogged soil	Argentina: Rafaela, Santa Fe		non_saline_candidate	
GCF_036621215.1	Bacillus thuringiensis	Contig	current	5888931	74	SAMN38055171	roots	Tunisia:Mareth	Nicotiana glauca	non_saline_candidate	
GCF_036621275.1	Bacillus thuringiensis	Contig	current	5866026	107	SAMN37915749	roots	Tunisia: Mednine	Diplotaxis harra	non_saline_candidate	
GCF_036621295.1	Bacillus thuringiensis	Contig	current	6012182	60	SAMN37927823	roots	Tunisia: Mednine	Nitraria retusa	non_saline_candidate	
GCF_036621315.1	Bacillus thuringiensis	Contig	current	5924263	108	SAMN37921998	roots	Tunisia: Mednine	Peganum harmala	non_saline_candidate	
GCF_036621335.1	Bacillus thuringiensis	Contig	current	5984425	130	SAMN37933680	roots	Tunisia: Mednine	Fagonia glutinosa	non_saline_candidate	
GCF_036621355.1	Bacillus thuringiensis	Contig	current	5953714	93	SAMN37931600	roots	Tunisia: Mednine	Tetraena alba	non_saline_candidate	
GCF_036621365.1	Bacillus thuringiensis	Contig	current	5984688	126	SAMN37954188	roots	Tunisia: Mednine	Citrullus colocynthis	non_saline_candidate	
GCF_037075445.1	Bacillus thuringiensis	Contig	current	6182614	308	SAMN40033344	soil sample	Spain		non_saline_candidate	
GCF_039954905.1	Bacillus thuringiensis	Complete Genome	current	5356057	2	SAMN41232458	soil	missing		non_saline_candidate	
GCF_040337655.1	Bacillus thuringiensis	Scaffold	current	6937867	878	SAMN12262407	soil	Brazil: Brasilia		non_saline_candidate	
GCF_040716415.1	Bacillus thuringiensis	Scaffold	current	5693622	42	SAMN36379388	Acid sulfate soil from rice cultivation	Viet Nam: Kien Giang province		non_saline_candidate	
GCF_040716435.1	Bacillus thuringiensis	Scaffold	current	5704352	44	SAMN36379385	Acid sulfate soil from rice cultivation	Viet Nam: Kien Giang province		non_saline_candidate	
GCF_040716445.1	Bacillus thuringiensis	Scaffold	current	5866607	37	SAMN36379387	Acid sulfate soil from rice cultivation	Viet Nam: Kien Giang province		non_saline_candidate	
GCF_040716475.1	Bacillus thuringiensis	Scaffold	current	5952020	276	SAMN36379386	Acid sulfate soil from rice cultivation	Viet Nam: Kien Giang province		non_saline_candidate	
GCF_040716495.1	Bacillus thuringiensis	Scaffold	current	5766207	692	SAMN36379384	Acid sulfate soil from rice cultivation	Viet Nam: Kien Giang province		non_saline_candidate	
GCF_040719695.1	Bacillus thuringiensis	Scaffold	current	5265672	41	SAMN36379382	Acid sulfate soil from rice cultivation	Viet Nam: Kien Giang province		non_saline_candidate	
GCF_040719715.1	Bacillus thuringiensis	Scaffold	current	5719027	309	SAMN36379383	Acid sulfate soil from rice cultivation	Viet Nam: Kien Giang province		non_saline_candidate	
GCF_040719735.1	Bacillus thuringiensis	Scaffold	current	5975821	337	SAMN36379381	Acid sulfate soil from rice cultivation	Viet Nam: Kien Giang province		non_saline_candidate	
GCF_045057165.1	Bacillus thuringiensis	Complete Genome	current	5725754	5	SAMN39480994	soil	China: Baiwangshan Forest Park, Beijing		non_saline_candidate	
GCF_045557575.1	Bacillus thuringiensis	Scaffold	current	6621237	115	SAMN39918162	Red soil	India: Thirupathur		non_saline_candidate	
GCF_046529345.1	Bacillus thuringiensis	Complete Genome	current	6055890	3	SAMN35021110	soil	Brazil: Boa Vista, Paraiba		non_saline_candidate	
GCF_000387405.2	Bacillus thuringiensis T01-328	Scaffold	current	7089686	203	SAMN02471346	soil sample	Brazil		non_saline_candidate	
GCF_000497525.1	Bacillus thuringiensis YBT-1518	Complete Genome	current	6672921	7	SAMN02641488	soil	China: Jianghan Plain, Hubei	missing	non_saline_candidate	
GCF_000585975.1	Bacillus thuringiensis serovar israelensis	Contig	current	5040437	51	SAMN02645569	soil	Israel		non_saline_candidate	
GCF_000688795.1	Bacillus thuringiensis serovar kurstaki str. YBT-1520	Complete Genome	current	6580536	12	SAMN02776149	soil	China		non_saline_candidate	
GCF_000717535.1	Bacillus thuringiensis serovar kurstaki str. HD-1	Complete Genome	current	6766594	14	SAMN02898393	soil	USA		non_saline_candidate	
GCF_000878525.1	Bacillus thuringiensis Sbt003	Scaffold	current	6177387	104	SAMN03013093	soil	China:Hubei		non_saline_candidate	
GCF_000940785.1	Bacillus thuringiensis serovar morrisoni	Complete Genome	current	6179896	7	SAMN03274640	soil	missing		non_saline_candidate	
GCF_001183785.1	Bacillus thuringiensis serovar indiana	Complete Genome	current	6198448	7	SAMN03121810	soil	USA		non_saline_candidate	
GCF_002146325.1	Bacillus thuringiensis serovar mexicanensis	Contig	current	6773545	124	SAMN05934489	soil	Mexico		non_saline_candidate	
GCF_002146345.1	Bacillus thuringiensis serovar toguchini	Contig	current	6192330	148	SAMN05934490	soil	USSR		non_saline_candidate	
GCF_002146445.1	Bacillus thuringiensis serovar jinghongiensis	Scaffold	current	6234285	68	SAMN05934503	soil	China		non_saline_candidate	
GCF_002146605.1	Bacillus thuringiensis serovar guiyangiensis	Contig	current	5601382	41	SAMN05934515	soil	China		non_saline_candidate	
GCF_002146615.1	Bacillus thuringiensis serovar novosibirsk	Scaffold	current	6737472	112	SAMN05934509	soil	USSR		non_saline_candidate	
GCF_002146695.1	Bacillus thuringiensis serovar wratislaviensis	Contig	current	5981618	52	SAMN05934519	soil	Poland		non_saline_candidate	
GCF_002146725.1	Bacillus thuringiensis serovar navarrensis	Contig	current	6187874	138	SAMN05934522	soil	Spain		non_saline_candidate	
GCF_002146815.1	Bacillus thuringiensis serovar rongseni	Scaffold	current	5776387	48	SAMN05934528	red soil	China		non_saline_candidate	
GCF_002146825.1	Bacillus thuringiensis serovar pingluonsis	Contig	current	6382804	135	SAMN05934532	sandy soil	China		non_saline_candidate	
GCF_002146905.1	Bacillus thuringiensis serovar vazensis	Contig	current	6085869	82	SAMN05934539	soil	Portugal: Azores		non_saline_candidate	
GCF_002147005.1	Bacillus thuringiensis serovar pondicheriensis	Contig	current	5701900	42	SAMN05934513	soil	India		non_saline_candidate	
GCF_002147085.1	Bacillus thuringiensis serovar azorensis	Contig	current	6270096	219	SAMN05934537	soil	Portugal: Azores		non_saline_candidate	
GCF_002147375.1	Bacillus thuringiensis serovar wuhanensis	Contig	current	6336696	199	SAMN05934556	soil	China		non_saline_candidate	
GCF_002147495.1	Bacillus thuringiensis serovar darmstadiensis	Scaffold	current	5845901	331	SAMN05934579	soil	China		non_saline_candidate	
GCF_002147505.1	Bacillus thuringiensis serovar finitimus	Contig	current	5319625	53	SAMN05934562	soil	China		non_saline_candidate	
GCF_002148015.1	Bacillus thuringiensis serovar palmanyolensis	Contig	current	6204798	128	SAMN05934527	soil	Spain		non_saline_candidate	
GCF_002148065.1	Bacillus thuringiensis serovar zhaodongensis	Scaffold	current	6240466	126	SAMN05934534	black soil	China		non_saline_candidate	
GCF_002550525.1	Bacillus toyonensis	Scaffold	current	5687732	101	SAMN07598651	root	USA: IA	Corn	non_saline_candidate	
GCF_002550725.1	Bacillus toyonensis	Scaffold	current	5838556	188	SAMN07598626	root	USA: MN	Soybean	non_saline_candidate	
GCF_002551565.1	Bacillus toyonensis	Scaffold	current	5895492	204	SAMN07598589	root	USA: IA	Corn	non_saline_candidate	
GCF_002551735.1	Bacillus toyonensis	Scaffold	current	5858778	112	SAMN07598709	plant core	USA: NC		non_saline_candidate	
GCF_002552055.1	Bacillus toyonensis	Scaffold	current	5992260	150	SAMN07598679	root	USA: IA	Corn	non_saline_candidate	
GCF_002552125.1	Bacillus toyonensis	Scaffold	current	5903789	197	SAMN07598672	root	USA: IL	Soybean	non_saline_candidate	
GCF_002552545.1	Bacillus toyonensis	Scaffold	current	5915994	155	SAMN07598619	root	USA: IA	Soybean	non_saline_candidate	
GCF_002552675.1	Bacillus toyonensis	Scaffold	current	6053554	110	SAMN07598605	root	USA: IA	Soybean	non_saline_candidate	
GCF_002552685.1	Bacillus toyonensis	Scaffold	current	5817917	101	SAMN07598602	plant	USA: NC		non_saline_candidate	
GCF_002552775.1	Bacillus toyonensis	Scaffold	current	5840381	173	SAMN07598591	soil	USA: NC		non_saline_candidate	
GCF_002552975.1	Bacillus toyonensis	Scaffold	current	5928675	143	SAMN07598703	root	USA: MN	Soybean	non_saline_candidate	
GCF_002553325.1	Bacillus toyonensis	Scaffold	current	5989380	117	SAMN07598604	root	USA: OH	Corn	non_saline_candidate	
GCF_002553375.1	Bacillus toyonensis	Scaffold	current	5979176	143	SAMN07598588	root	USA: IA	Corn	non_saline_candidate	
GCF_002553415.1	Bacillus toyonensis	Scaffold	current	5960659	133	SAMN07598582	plant core	USA: NC		non_saline_candidate	
GCF_002554755.1	Bacillus toyonensis	Scaffold	current	6080212	225	SAMN07597500	plant	USA: NC	Weed	non_saline_candidate	
GCF_002554905.1	Bacillus toyonensis	Scaffold	current	5996256	141	SAMN07597469	soil	USA: IA		non_saline_candidate	
GCF_002555035.1	Bacillus toyonensis	Scaffold	current	5859505	138	SAMN07597448	plant	USA: IN	Weed	non_saline_candidate	
GCF_002555055.1	Bacillus toyonensis	Scaffold	current	5791529	158	SAMN07597447	plant	USA: IN	Weed	non_saline_candidate	
GCF_002555115.1	Bacillus toyonensis	Scaffold	current	5825764	112	SAMN07597426	soil	USA: NC		non_saline_candidate	
GCF_002555225.1	Bacillus toyonensis	Scaffold	current	5593149	142	SAMN07597420	soil	USA: NY		non_saline_candidate	
GCF_002555315.1	Bacillus toyonensis	Scaffold	current	6008497	132	SAMN07597395	soil	USA: IA		non_saline_candidate	
GCF_002555495.1	Bacillus toyonensis	Scaffold	current	6287513	256	SAMN07597382	plant core	USA: NC		non_saline_candidate	
GCF_002555765.1	Bacillus toyonensis	Scaffold	current	5874577	138	SAMN07597362	soil	USA: IA		non_saline_candidate	
GCF_002555805.1	Bacillus toyonensis	Scaffold	current	5641144	106	SAMN07597332	plant	USA: IN	Weed	non_saline_candidate	
GCF_002555845.1	Bacillus toyonensis	Scaffold	current	5539290	71	SAMN07597323	soil	USA: NY		non_saline_candidate	
GCF_002555905.1	Bacillus toyonensis	Scaffold	current	5953267	131	SAMN07597317	root	USA: MN	Soybean	non_saline_candidate	
GCF_002555975.1	Bacillus toyonensis	Scaffold	current	5867337	270	SAMN07597293	soil	USA: IA		non_saline_candidate	
GCF_002556325.1	Bacillus toyonensis	Scaffold	current	5538868	80	SAMN07597234	soil	USA: NC		non_saline_candidate	
GCF_002556435.1	Bacillus toyonensis	Scaffold	current	5908366	166	SAMN07597240	plant	USA: IN	Weed	non_saline_candidate	
GCF_002556955.1	Bacillus toyonensis	Scaffold	current	5894798	158	SAMN07597599	root	USA: IA	Corn	non_saline_candidate	
GCF_002557115.1	Bacillus toyonensis	Scaffold	current	6020054	144	SAMN07597563	plant	USA: NC	Wheat	non_saline_candidate	
GCF_002557225.1	Bacillus toyonensis	Scaffold	current	5971255	249	SAMN07597555	root	USA: IA	Soybean	non_saline_candidate	
GCF_002557255.1	Bacillus toyonensis	Scaffold	current	5567444	94	SAMN07597549	soil	USA: NY		non_saline_candidate	
GCF_002568745.1	Bacillus toyonensis	Scaffold	current	6201084	307	SAMN07598487	root	USA: IA	Soybean	non_saline_candidate	
GCF_002569065.1	Bacillus toyonensis	Scaffold	current	5616824	97	SAMN07598552	plant core	USA: NC		non_saline_candidate	
GCF_002569325.1	Bacillus toyonensis	Scaffold	current	5526602	142	SAMN07598569	root	USA: IL	Soybean	non_saline_candidate	
GCF_002569425.1	Bacillus toyonensis	Scaffold	current	6079255	132	SAMN07598514	soil	USA: NC		non_saline_candidate	
GCF_002569445.1	Bacillus toyonensis	Scaffold	current	6591505	538	SAMN07598510	root	USA: IA	Soybean	non_saline_candidate	
GCF_002569455.1	Bacillus toyonensis	Scaffold	current	5514718	104	SAMN07598504	plant	USA: IN	Weed	non_saline_candidate	
GCF_002569805.1	Bacillus toyonensis	Scaffold	current	5687803	85	SAMN07598428	soil	USA: IA		non_saline_candidate	
GCF_002569835.1	Bacillus toyonensis	Scaffold	current	5979761	161	SAMN07598403	root	USA: MN	Soybean	non_saline_candidate	
GCF_002570025.1	Bacillus toyonensis	Scaffold	current	5401295	311	SAMN07598382	soil	USA: NC		non_saline_candidate	
GCF_002570105.1	Bacillus toyonensis	Scaffold	current	6433607	173	SAMN07598369	root	USA: IA	Soybean	non_saline_candidate	
GCF_002570155.1	Bacillus toyonensis	Scaffold	current	6054702	112	SAMN07598363	root	USA: IA	Corn	non_saline_candidate	
GCF_002570205.1	Bacillus toyonensis	Scaffold	current	5573737	108	SAMN07598360	plant core	USA: NC		non_saline_candidate	
GCF_002571885.1	Bacillus toyonensis	Scaffold	current	5487400	84	SAMN07598222	soil	USA: NY		non_saline_candidate	
GCF_002571935.1	Bacillus toyonensis	Scaffold	current	5730822	201	SAMN07598295	soil	USA: NC		non_saline_candidate	
GCF_002572035.1	Bacillus toyonensis	Scaffold	current	5787649	109	SAMN07598261	root	USA: IN	Corn	non_saline_candidate	
GCF_002572415.1	Bacillus toyonensis	Scaffold	current	5998070	118	SAMN07598226	root	USA: IA	Corn	non_saline_candidate	
GCF_002572475.1	Bacillus toyonensis	Scaffold	current	6035135	424	SAMN07598182	soil	USA: NY		non_saline_candidate	
GCF_002573545.1	Bacillus toyonensis	Scaffold	current	6242087	332	SAMN07598642	soil	USA: IA		non_saline_candidate	
GCF_002579305.1	Bacillus toyonensis	Scaffold	current	5598410	103	SAMN07598131	plant	USA: IN	Weed	non_saline_candidate	
GCF_002579625.1	Bacillus toyonensis	Scaffold	current	5909702	103	SAMN07598125	soil	USA: NY		non_saline_candidate	
GCF_002579735.1	Bacillus toyonensis	Scaffold	current	5976092	119	SAMN07598115	soil	USA: IA		non_saline_candidate	
GCF_002579895.1	Bacillus toyonensis	Scaffold	current	5993870	159	SAMN07598101	root	USA: IA	Corn	non_saline_candidate	
GCF_002580125.1	Bacillus toyonensis	Scaffold	current	5539558	95	SAMN07598079	soil	USA: NY		non_saline_candidate	
GCF_002580305.1	Bacillus toyonensis	Scaffold	current	5912384	121	SAMN07598069	plant	USA: IN	Weed	non_saline_candidate	
GCF_002580365.1	Bacillus toyonensis	Scaffold	current	5519874	85	SAMN07598065	soil	USA: NC		non_saline_candidate	
GCF_002580965.1	Bacillus toyonensis	Scaffold	current	5773289	119	SAMN07597996	soil	USA: NC		non_saline_candidate	
GCF_002580975.1	Bacillus toyonensis	Scaffold	current	6208908	311	SAMN07597991	root	USA: MO	Soybean	non_saline_candidate	
GCF_002581275.1	Bacillus toyonensis	Scaffold	current	6054192	143	SAMN07598068	plant	USA: NC	Wheat	non_saline_candidate	
GCF_002581325.1	Bacillus toyonensis	Scaffold	current	6141510	144	SAMN07598054	plant	USA: NC	Wheat	non_saline_candidate	
GCF_002581735.1	Bacillus toyonensis	Scaffold	current	5485531	316	SAMN07597983	soil	USA: NC		non_saline_candidate	
GCF_002581765.1	Bacillus toyonensis	Scaffold	current	5576195	77	SAMN07597961	plant	USA: NC		non_saline_candidate	
GCF_002582095.1	Bacillus toyonensis	Scaffold	current	5984749	112	SAMN07597928	soil	USA: NY		non_saline_candidate	
GCF_002582205.1	Bacillus toyonensis	Scaffold	current	5895806	107	SAMN07597912	soil	USA: NY		non_saline_candidate	
GCF_002582715.1	Bacillus toyonensis	Scaffold	current	5965575	197	SAMN07597873	root	USA: MO	Soybean	non_saline_candidate	
GCF_002583715.1	Bacillus toyonensis	Scaffold	current	6249888	234	SAMN07597895	plant core	USA: NC		non_saline_candidate	
GCF_002585395.1	Bacillus toyonensis	Scaffold	current	5993285	173	SAMN07597875	root	USA: MO	Soybean	non_saline_candidate	
GCF_002588695.1	Bacillus toyonensis	Scaffold	current	5891354	144	SAMN07597860	root	USA: IA	Corn	non_saline_candidate	
GCF_002588835.1	Bacillus toyonensis	Scaffold	current	6008275	153	SAMN07597834	soil	USA: IA		non_saline_candidate	
GCF_002588905.1	Bacillus toyonensis	Scaffold	current	6049142	145	SAMN07597833	plant core	USA: NC		non_saline_candidate	
GCF_002589375.1	Bacillus toyonensis	Scaffold	current	5983856	181	SAMN07597800	plant	USA: NC	Tomato	non_saline_candidate	
GCF_002998875.1	Bacillus toyonensis	Contig	current	6185057	68	SAMN08639155	soil	China: Tibet, Lhasa		non_saline_candidate	
GCF_004368515.1	Bacillus thuringiensis F14-1	Scaffold	current	5421183	24	SAMN03339768	soil	China: Northeast		non_saline_candidate	
GCF_012222085.2	Bacillus thuringiensis serovar andalousiensis	Chromosome	current	6039942	1	SAMN10850176	soil	Russia: Moscow		non_saline_candidate	
GCF_013303085.1	Bacillus toyonensis	Contig	current	5528343	80	SAMN15069331	soil	China		non_saline_candidate	
GCF_013377575.1	Bacillus thuringiensis serovar israelensis	Contig	current	6653156	14	SAMN15366409	soil	South Korea		non_saline_candidate	
GCF_013377585.1	Bacillus thuringiensis serovar kurstaki	Contig	current	6776593	11	SAMN15366408	soil	South Korea		non_saline_candidate	
GCF_015844935.1	Bacillus toyonensis	Contig	current	6026025	42	SAMN03654046	soil	Germany		non_saline_candidate	
GCF_015844975.1	Bacillus toyonensis	Scaffold	current	5863811	43	SAMN03654048	soil	Germany		non_saline_candidate	
GCF_015844995.1	Bacillus toyonensis	Scaffold	current	5765702	41	SAMN03654049	soil	Germany		non_saline_candidate	
GCF_015845025.1	Bacillus toyonensis	Scaffold	current	6350992	42	SAMN03654250	soil	Germany		non_saline_candidate	
GCF_018739605.1	Bacillus toyonensis	Complete Genome	current	5702814	3	SAMN10879057	soil	Poland: Bialowieza National Park		non_saline_candidate	
GCF_018741125.1	Bacillus toyonensis	Complete Genome	current	5986099	5	SAMN10879088	soil	Poland: farmland in Jasienowka		non_saline_candidate	
GCF_018741525.1	Bacillus toyonensis	Complete Genome	current	6085297	4	SAMN10879053	soil	Poland: farmland in Jasienowka		non_saline_candidate	
GCF_018741545.1	Bacillus toyonensis	Complete Genome	current	5977271	5	SAMN10879078	soil	Poland: farmland in Jasienowka		non_saline_candidate	
GCF_018741625.1	Bacillus toyonensis	Complete Genome	current	6085753	4	SAMN10879049	soil	Poland: farmland in Jasienowka		non_saline_candidate	
GCF_019599385.1	Bacillus toyonensis	Scaffold	current	5676408	85	SAMN20499491		China:Zhengzhou	soil	non_saline_candidate	
GCF_022117595.1	Bacillus toyonensis	Contig	current	5932331	7	SAMN23567017	soil	USA: Dallas, Texas		non_saline_candidate	
GCF_022170805.1	Bacillus toyonensis	Complete Genome	current	5872224	6	SAMN20890002	soil	USA: Dallas, Texas	Environment	non_saline_candidate	
GCF_024919115.1	Bacillus toyonensis	Complete Genome	current	6247065	5	SAMN30473217	Commercial plant nursery	Viet Nam: Da Lat		non_saline_candidate	
GCF_031157435.1	Bacillus thuringiensis serovar aizawai	Scaffold	current	6846584	16	SAMN36379299	soil	South Korea: Seongju		non_saline_candidate	
GCF_045557325.1	Bacillus thuringiensis serovar israelensis	Scaffold	current	6623039	123	SAMN40125561	Red soil	India: Thirupathur		non_saline_candidate	
GCF_045557605.1	Bacillus thuringiensis serovar israelensis	Scaffold	current	6620240	119	SAMN40044628	Clay soil	India:Puducherry		non_saline_candidate	
GCF_046619495.1	Bacillus thuringiensis	Complete Genome	current	5601693	4	SAMN45893315	leaf and root of endophyte	United Arab Emirates: Al Ain	Citrullus colocynthis	non_saline_candidate	
GCF_046619515.1	Bacillus thuringiensis	Complete Genome	current	5176446	1	SAMN45893319	leaf and root of endophyte	United Arab Emirates: Al Ain	Citrullus colocynthis	non_saline_candidate	
GCF_046628115.1	Bacillus thuringiensis	Complete Genome	current	5611564	4	SAMN45893326	root of endophyte	United Arab Emirates: Al Ain	Citrullus colocynthis	non_saline_candidate	
GCF_047049285.1	Bacillus thuringiensis serovar fukuokaensis	Complete Genome	current	6302151	7	SAMN15523171	soil	Japan: Fukuoka	missing	non_saline_candidate	
GCF_047049475.1	Bacillus thuringiensis serovar sumiyoshiensis	Complete Genome	current	6312188	6	SAMN15523172	soil	Japan: Sumiyoshi	missing	non_saline_candidate	
GCF_047130435.1	Bacillus thuringiensis	Complete Genome	current	6738255	11	SAMN15699800		China: Hebei	soil	non_saline_candidate	
GCF_048159105.1	Bacillus thuringiensis	Contig	current	6365642	141	SAMN46433166	soil	China:Shanxi		non_saline_candidate	
GCF_049262535.1	Bacillus thuringiensis	Complete Genome	current	5870594	3	SAMN47557197	soil	China:Hubei		non_saline_candidate	
GCF_049444875.1	Bacillus thuringiensis	Contig	current	5764621	68	SAMN47278112	soil	Bangladesh		non_saline_candidate	
GCF_050327825.1	Bacillus thuringiensis	Scaffold	current	6418454	132	SAMN48409181	soil	China: Hainan		non_saline_candidate	
GCF_051027385.1	Bacillus thuringiensis	Complete Genome	current	5384107	2	SAMN47546028	root	China:Fujian	Chinese fir	non_saline_candidate	
GCF_051027395.1	Bacillus thuringiensis	Complete Genome	current	5378524	2	SAMN47546026	root	China:Fujian	Chinese fir	non_saline_candidate	
GCF_051027415.1	Bacillus thuringiensis	Complete Genome	current	6015257	4	SAMN47546024	root	China:Fujian	Chinese fir	non_saline_candidate	
GCF_051146765.1	Bacillus thuringiensis	Chromosome	current	6269733	42	SAMN39936051	soil	Mexico: Reynosa		non_saline_candidate	
GCF_051453465.1	Bacillus thuringiensis	Contig	current	6911357	28	SAMN35710843	oil palm soil	Malaysia		non_saline_candidate	
GCF_051805465.1	Bacillus thuringiensis	Complete Genome	current	5292368	1	SAMN41382604	soil	Brazil: Paraiba do Sul, Rio de Janeiro		non_saline_candidate	
GCF_052938895.1	Bacillus thuringiensis	Scaffold	current	6418454	242	SAMN32885206	soil	India: Tamilnadu		non_saline_candidate	
GCF_053578475.1	Bacillus thuringiensis	Scaffold	current	6414108	338	SAMN43589579	soil	India: Tamil Nadu		non_saline_candidate	
GCF_054332455.1	Bacillus thuringiensis	Complete Genome	current	5675381	1	SAMN54328446	soil	China:Qingdao		non_saline_candidate	
GCF_054604595.1	Bacillus thuringiensis	Scaffold	current	5986145	885	SAMN33317125	soil	India: Tamil Nadu		non_saline_candidate	
GCF_055269965.1	Bacillus thuringiensis	Contig	current	5608442	118	SAMN53839583	soil	Bangladesh	missing	non_saline_candidate	
GCF_056832985.1	Bacillus thuringiensis	Contig	current	5912409	39	SAMN47024101	rhizospheric soil	Mexico: Puebla, Chietla	Neltuma laevigata	non_saline_candidate	
GCF_056833535.1	Bacillus thuringiensis serovar israelensis	Scaffold	current	6633832	143	SAMN40152688	Clay soil	India: Vellore		non_saline_candidate	
GCF_000740715.1	Bacillus velezensis	Scaffold	current	3951956	96	SAMN02947774	soil	China: Ranzhuang Tunnel, Hebei Province		non_saline_candidate	
GCF_000786145.2	Bacillus velezensis	Scaffold	current	3986274	64	SAMN03106920	flowers from a wild plant	Spain: mediterranean nord-east coast		non_saline_candidate	
GCF_000875875.2	Bacillus velezensis	Chromosome	current	4006441	6	SAMN03271888	Cotton Plant Rhizosphere	USA		non_saline_candidate	
GCF_000934885.1	Bacillus velezensis	Contig	current	4111403	30	SAMN02808187	soil	South Korea: Gangwon		non_saline_candidate	
GCF_000960265.2	Bacillus velezensis	Contig	current	3888922	18	SAMN03198508	rice rhizosphere soil	South Korea: Cheongwon		non_saline_candidate	
GCF_000973485.1	Bacillus velezensis	Complete Genome	current	3903017	1	SAMN03470201	soil	China	-	non_saline_candidate	
GCF_001023595.1	Bacillus velezensis	Complete Genome	current	4009746	1	SAMN03733934	4-year-old roots of Korean ginseng	South Korea: Cheongju		non_saline_candidate	
GCF_001175005.1	Bacillus velezensis	Contig	current	3922431	1	SAMEA3356669	rhizosphere	Egypt	Calendula officinalis	non_saline_candidate	
GCF_001440465.1	Bacillus velezensis	Contig	current	3881667	15	SAMN04046537	soil	China: Qingdao City		non_saline_candidate	
GCF_001461845.1	Bacillus velezensis	Contig	current	4006259	28	SAMN04196680	soil	Israel: Ness Ziona		non_saline_candidate	
GCF_001469675.1	Bacillus velezensis	Contig	current	3928789	2	SAMN04223542	Apple rhizosphere soil	China: Shandong Province		non_saline_candidate	
GCF_001647945.1	Bacillus velezensis	Contig	current	4039784	51	SAMN04461072	soil	USA	not applicable	non_saline_candidate	
GCF_001647965.1	Bacillus velezensis	Contig	current	3989402	53	SAMN04461071	soil	USA	not applicable	non_saline_candidate	
GCF_001685645.1	Bacillus velezensis	Complete Genome	current	3929772	1	SAMN04816858	Cucumber rhizosphere soil	China: Tangshan city, Hebei province		non_saline_candidate	
GCF_001709045.1	Bacillus velezensis	Contig	current	4052005	105	SAMN04990135	agricultural soil	Canada		non_saline_candidate	
GCF_001709055.1	Bacillus velezensis	Contig	current	4209526	53	SAMN04990136	agricultural soil	Canada		non_saline_candidate	
GCF_001709115.1	Bacillus velezensis	Contig	current	4062837	105	SAMN04990132	agricultural soil	USA:FL		non_saline_candidate	
GCF_002002555.1	Bacillus velezensis	Contig	current	3881265	19	SAMN06007748	chernozem soil	Moldova	Triticum aestivum L.	non_saline_candidate	
GCF_002005345.1	Bacillus velezensis	Complete Genome	current	4143608	2	SAMN06196402	rice paddy soil	Korea: Goheung		non_saline_candidate	
GCF_002057535.1	Bacillus velezensis	Complete Genome	current	3926520	1	SAMN05949245	soil	China:Beijing		non_saline_candidate	
GCF_002071595.1	Bacillus velezensis	Contig	current	3958607	64	SAMN05772828	soil	Mexico: Santo Domingo, San Luis Potosi	wild plant	non_saline_candidate	
GCF_002105595.1	Bacillus velezensis	Complete Genome	current	3963726	1	SAMN06711603	rhizosphere	Canada: Delhi	Potato	non_saline_candidate	
GCF_002117165.1	Bacillus velezensis	Complete Genome	current	3929792	1	SAMN03571282	rice rhizosphere soil	South Korea: Cheongwon		non_saline_candidate	
GCF_002192235.1	Bacillus velezensis	Complete Genome	current	3929760	1	SAMN06231161	Lycium barbarum L. rhizosphere	China: Zhongning, Ningxia		non_saline_candidate	
GCF_002204665.1	Bacillus velezensis	Scaffold	current	3905592	65	SAMN07174738	maize rhizosphere	South Africa: North West		non_saline_candidate	
GCF_002205715.1	Bacillus velezensis	Complete Genome	current	3900066	2	SAMN07248583	Root endosphere	South Korea: Yecheon	Solanum lycopersicum	non_saline_candidate	
GCF_002237515.1	Bacillus velezensis	Complete Genome	current	3979382	1	SAMN07371515		China: Xiqing district of Tianjin city	soil	non_saline_candidate	
GCF_002238395.1	Bacillus velezensis	Complete Genome	current	3872560	3	SAMN07371516	field soil	China		non_saline_candidate	
GCF_002269705.1	Bacillus velezensis	Contig	current	4017761	57	SAMN05846289	soil	Mexico: Zacatecas, Morelos		non_saline_candidate	
GCF_002276265.1	Bacillus velezensis	Contig	current	4291535	86	SAMN07514823	Garden soil	not applicable		non_saline_candidate	
GCF_002688525.1	Bacillus velezensis	Complete Genome	current	4090582	1	SAMN07768195	soil	China: pear germplasm repository of the Institute of Pomology, Chinese Academy of Agricultural Sciences, Xingcheng		non_saline_candidate	
GCF_002741705.1	Bacillus velezensis	Complete Genome	current	4197217	1	SAMN07836906	rare dormant volcanic soils	China: Changbai Mountain in Jilin Province		non_saline_candidate	
GCF_002761535.1	Bacillus velezensis	Complete Genome	current	4006746	1	SAMN05980781		China: Shandong	soil microorganism	non_saline_candidate	
GCF_002763675.1	Bacillus velezensis	Complete Genome	current	4024750	2	SAMN07840093	soil	China: Taian		non_saline_candidate	
GCF_002764075.1	Bacillus velezensis	Complete Genome	current	4061552	1	SAMN07977821	soil	China: tianjin		non_saline_candidate	
GCF_002844125.1	Bacillus velezensis	Complete Genome	current	4246605	1	SAMN08158236	soil	China: Dezhou		non_saline_candidate	
GCF_002916875.1	Bacillus velezensis	Scaffold	current	3879012	36	SAMN06628691	soil used for soybean agriculture	China: Heilongjiang, Harbin	not applicable	non_saline_candidate	
GCF_002968415.1	Bacillus velezensis	Complete Genome	current	4385679	2	SAMN08450108	bamboo forest soil	China:Tianmu Mountain		non_saline_candidate	
GCF_002998915.1	Bacillus velezensis	Scaffold	current	3851762	28	SAMN08639691	soil	China: Tibet		non_saline_candidate	
GCF_003045165.1	Bacillus velezensis	Complete Genome	current	3929794	1	SAMN08826799	soil	South Korea: Daejeon		non_saline_candidate	
GCF_003047005.1	Bacillus velezensis	Complete Genome	current	3893072	1	SAMN08826801	soil	Korea: Daejeon		non_saline_candidate	
GCF_003047025.1	Bacillus velezensis	Complete Genome	current	3893071	1	SAMN08826800	soil	Korea: Daejeon		non_saline_candidate	
GCF_003047045.1	Bacillus velezensis	Complete Genome	current	3893029	1	SAMN08826802	soil	Korea: Daejeon		non_saline_candidate	
GCF_003071465.1	Bacillus velezensis	Complete Genome	current	3975084	1	SAMN06759344	Pepper plant	Korea: Gwangyang Province		non_saline_candidate	
GCF_003150855.1	Bacillus velezensis	Complete Genome	current	3913872	1	SAMN09212893	banana rhizosphere soil	China: Hainan province		non_saline_candidate	
GCF_003265765.1	Bacillus velezensis	Contig	current	4212703	40	SAMN08384465	soil	Netherlands		non_saline_candidate	
GCF_003265825.1	Bacillus velezensis	Contig	current	3923215	26	SAMN08384466	soil	Netherlands		non_saline_candidate	
GCF_003285085.1	Bacillus velezensis	Complete Genome	current	4321463	2	SAMN09354865	rhizosphere soil	China		non_saline_candidate	
GCF_003390415.1	Bacillus velezensis	Complete Genome	current	3919798	1	SAMN09759669		China	plant	non_saline_candidate	
GCF_003431885.1	Bacillus velezensis	Complete Genome	current	3929745	1	SAMN04419262	rhizosphere soil of field-grown rice	South Korea: Cheongwon		non_saline_candidate	
GCF_003441635.1	Bacillus velezensis	Chromosome	current	4009999	3	SAMN09856379	soil	USA		non_saline_candidate	
GCF_003546955.1	Bacillus velezensis	Complete Genome	current	3978954	1	SAMN09951221	soil	Belarus: Vileyka District		non_saline_candidate	
GCF_003704405.1	Bacillus velezensis	Contig	current	4114257	264	SAMN10178429	soil	USA:IL		non_saline_candidate	
GCF_003854915.1	Bacillus velezensis	Complete Genome	current	4141063	1	SAMN10437817	potato rhizosphere	Canada:Delhi		non_saline_candidate	
GCF_003860445.1	Bacillus velezensis	Complete Genome	current	4118468	1	SAMN09475269	rhizosphere soil	China		non_saline_candidate	
GCF_003986895.1	Bacillus velezensis	Contig	current	4210155	35	SAMN10497932	rhizosphere	France	maize	non_saline_candidate	
GCF_003990425.1	Bacillus velezensis	Contig	current	4280415	29	SAMN10375213	soil / grassland	Netherlands		non_saline_candidate	
GCF_003990455.1	Bacillus velezensis	Contig	current	3952155	43	SAMN10375212	soil / grassland	Netherlands		non_saline_candidate	
GCF_004009895.1	Bacillus velezensis	Scaffold	current	3878921	2	SAMN10491987	root	China:Zhengzhou	Vitis labrusca x Vitis vinifera	non_saline_candidate	
GCF_004101805.1	Bacillus velezensis	Complete Genome	current	3997902	1	SAMN10268423	Mango Ochard	Mexico: Sinaloa	plants	non_saline_candidate	
GCF_004116955.1	Bacillus vallismortis	Complete Genome	current	4286362	1	SAMN08222596	soil	USA		non_saline_candidate	
GCF_004294525.1	Bacillus velezensis	Scaffold	current	4148556	452	SAMN10787383	Maize rhizosphere	South Africa	Soil	non_saline_candidate	
GCF_004331895.1	Bacillus velezensis	Chromosome	current	3715675	8	SAMN11037194	soil	Iran		non_saline_candidate	
GCF_004799565.1	Bacillus velezensis	Complete Genome	current	3947206	1	SAMN11397814	soil	Brazil: Mato Grosso		non_saline_candidate	
GCF_006349645.1	Bacillus tropicus	Contig	current	5958606	68	SAMN11964771	Brassica juncea rhizosphere	Viet Nam		non_saline_candidate	
GCF_006351595.1	Bacillus velezensis	Contig	current	3867857	20	SAMN11974862	root	Viet Nam	black pepper plant	non_saline_candidate	
GCF_006351615.1	Bacillus velezensis	Contig	current	3950573	40	SAMN11974892	black pepper plant rhizosphere	Viet Nam		non_saline_candidate	
GCF_006351625.1	Bacillus velezensis	Contig	current	3866305	30	SAMN11974894	coffee plant rhizosphere	Viet Nam		non_saline_candidate	
GCF_006351665.1	Bacillus velezensis	Contig	current	3865047	29	SAMN11974906	root	Viet Nam	black pepper plant	non_saline_candidate	
GCF_006351675.1	Bacillus velezensis	Contig	current	3833141	25	SAMN11974859	root	Viet Nam	black pepper plant	non_saline_candidate	
GCF_006351695.1	Bacillus velezensis	Contig	current	4044692	48	SAMN11974897	black pepper plant rhizosphere	Viet Nam		non_saline_candidate	
GCF_006351705.1	Bacillus velezensis	Contig	current	3864301	33	SAMN11974895	coffee plant rhizosphere	Viet Nam		non_saline_candidate	
GCF_006489235.1	Bacillus velezensis	Complete Genome	current	3983303	1	SAMN12015793	inner tissues of cotton plant (Gossypium sp.)	Tajikistan: Dushanbe		non_saline_candidate	
GCF_006965525.1	Bacillus velezensis	Complete Genome	current	4063541	1	SAMN08142170	soil of root	China	rice	non_saline_candidate	
GCF_008367895.1	Bacillus velezensis	Complete Genome	current	3915550	1	SAMN12671280	rhizospheric soil of Panax notogensing	China: Yunnan Province		non_saline_candidate	
GCF_008727675.1	Bacillus velezensis	Complete Genome	current	3995978	1	SAMN12784817	soil	China	Bacillus	non_saline_candidate	
GCF_009193045.1	Bacillus velezensis	Contig	current	3931678	17	SAMN12206505	rhizosphere soil	China: Beijing	lettuce	non_saline_candidate	
GCF_009362235.1	Bacillus velezensis	Complete Genome	current	3929791	1	SAMN12990507	soil	China		non_saline_candidate	
GCF_009738165.1	Bacillus velezensis	Complete Genome	current	4004056	1	SAMN13164714	soil	China:baoding		non_saline_candidate	
GCF_009931675.1	Bacillus velezensis	Complete Genome	current	4050296	1	SAMN13885683	soil	South Korea:Jeong-si		non_saline_candidate	
GCF_009996865.1	Bacillus velezensis	Contig	current	4103502	14	SAMN13916046	Aerial roots	India	Ficus benghalensis	non_saline_candidate	
GCF_010671715.1	Bacillus velezensis	Scaffold	current	3960516	74	SAMN14074146	rhizosphere	Pakistan	Triticum aestivum	non_saline_candidate	
GCF_011100445.1	Bacillus velezensis	Complete Genome	current	3929583	1	SAMN14253886	Citrus rhizosphere soil	China: Jiangxi	soil	non_saline_candidate	
GCF_011769925.1	Bacillus velezensis	Complete Genome	current	3929585	1	SAMN14422846	soil	Belarus		non_saline_candidate	
GCF_012972775.1	Bacillus velezensis	Scaffold	current	4148778	59	SAMN14613775	soil	Brazil: Pocon Pantanal		non_saline_candidate	
GCF_013201135.1	Bacillus velezensis	Complete Genome	current	3929218	1	SAMN14912738	Farmland soils	China: Shenyang, Liaoning		non_saline_candidate	
GCF_013201465.1	Bacillus velezensis	Complete Genome	current	3908940	1	SAMN14978898	Casuarina equisetifolia rhizosphere	China: Zhejiang		non_saline_candidate	
GCF_013284475.1	Bacillus velezensis	Contig	current	3932265	34	SAMN15006543	orange plant root	Viet Nam: Cao Phong, Hoa Binh	orange plant	non_saline_candidate	
GCF_013284545.1	Bacillus velezensis	Contig	current	3874748	36	SAMN15006565	soil from orange tree roots	Viet Nam: Cao Phong, Hoa Binh		non_saline_candidate	
GCF_013284555.1	Bacillus velezensis	Contig	current	3871413	45	SAMN15006566	orange plant root adhering soil	Viet Nam: Cao Phong, Hoa Binh		non_saline_candidate	
GCF_013284575.1	Bacillus velezensis	Contig	current	3825619	34	SAMN15006544	orange plant leaf	Viet Nam: Cao Phong, Hoa Binh	orange plant	non_saline_candidate	
GCF_013284585.1	Bacillus velezensis	Contig	current	3871310	40	SAMN15006958	soil from tomato plant	Viet Nam: Dan Phong, Ha Noi		non_saline_candidate	
GCF_013284625.1	Bacillus velezensis	Contig	current	3883818	34	SAMN15006954	soil from orange tree roots	Viet Nam: Cao Phong, Hoa Binh		non_saline_candidate	
GCF_013284635.1	Bacillus velezensis	Contig	current	3877057	24	SAMN15009502	soil from tomato plant	Viet Nam: Dan Phong, Ha Noi		non_saline_candidate	
GCF_013284655.1	Bacillus velezensis	Contig	current	3874124	41	SAMN15009506	root of tomato plant	Viet Nam: Hoai Duc, Ha Noi	tomato plant	non_saline_candidate	
GCF_013284685.1	Bacillus velezensis	Contig	current	3875639	33	SAMN15009582	soil from tomato plant	Viet Nam: Hoai Duc, Ha Noi		non_saline_candidate	
GCF_013284695.1	Bacillus velezensis	Contig	current	3878653	37	SAMN15009581	soil from tomato plant	Viet Nam: Hoai Duc, Ha Noi		non_saline_candidate	
GCF_013284725.1	Bacillus velezensis	Contig	current	3891722	49	SAMN15009693	root of tomato plant	Viet Nam: Hoai Duc, Ha Noi	tomato plant	non_saline_candidate	
GCF_013284745.1	Bacillus velezensis	Contig	current	3878897	37	SAMN15009802	tomato plant leaf	Viet Nam: Hoai Duc, Ha Noi	tomato plant	non_saline_candidate	
GCF_013284765.1	Bacillus velezensis	Contig	current	3874949	48	SAMN15009799	tomato plant leaf	Viet Nam: Hoai Duc, Ha Noi	tomato plant	non_saline_candidate	
GCF_015620955.1	Bacillus toyonensis biovar Thuringiensis	Contig	current	6129014	156	SAMN16746850	soil	Mexico: San Luis		non_saline_candidate	
GCF_015845405.1	Bacillus tropicus	Scaffold	current	6178902	114	SAMN03654311	soil	United Kingdom		non_saline_candidate	
GCF_015846035.1	Bacillus tropicus	Scaffold	current	5865325	254	SAMN03701451	soil	USA		non_saline_candidate	
GCF_015913025.1	Bacillus toyonensis biovar Thuringiensis	Contig	current	6136970	43	SAMN09225202	soil	Argentina: Cululu, Santa fe		non_saline_candidate	
GCF_020523635.1	Bacillus tropicus	Contig	current	5252705	51	SAMN21447887	Bulk soil of paddy plot	Malaysia:Perak, Kg. Gajah		non_saline_candidate	
GCF_020667855.1	Bacillus tropicus	Scaffold	current	5297566	31	SAMN13258298	rhizosphere soil	India: Himachal Pradesh, Hamirpur, Samlog	cauliflower	non_saline_candidate	
GCF_023159405.1	Bacillus tropicus	Complete Genome	current	5820904	6	SAMN19981404	soil sample	India: New Delhi		non_saline_candidate	
GCF_023824035.1	Bacillus tropicus	Complete Genome	current	5566854	3	SAMN22304410	soil	China		non_saline_candidate	
GCF_023920485.1	Bacillus vallismortis	Chromosome	current	4115091	15	SAMN26182612	root	Russia	Artemisia	non_saline_candidate	
GCF_028765035.1	Bacillus toyonensis	Contig	current	5895347	90	SAMN33319961	Aerial part of plant	Spain: El Saladar del Margen, Cullar, Granada	Arthrocaulon sp.	non_saline_candidate	
GCF_030166995.1	Bacillus toyonensis	Complete Genome	current	5730405	5	SAMN34374859	warm, humid forested area with dark clay soil, about 15 cm from the trunk of an Encino tree (Quercus glaucoides (5 cm deep))	Mexico: Tepoztlan, Morelos		non_saline_candidate	
GCF_030167035.1	Bacillus toyonensis	Complete Genome	current	5678058	3	SAMN34374892	soil in warm, humid forested area with dark clay soils (5 cm deep)	Mexico: Tepoztlan, Morelos		non_saline_candidate	
GCF_030167055.1	Bacillus toyonensis	Complete Genome	current	5825843	5	SAMN34374896	semidesertic area with dry sandy soils, around 15 cm from the trunk of a lemon tree (5 cm deep)	Mexico: Tehuacan, Puebla		non_saline_candidate	
GCF_030588215.1	Bacillus toyonensis	Contig	current	6093368	188	SAMN12130402	soil	China: Hainan	missing	non_saline_candidate	
GCF_031324285.1	Bacillus toyonensis	Contig	current	5694916	19	SAMN34374890	pine forrest soil between two spruce trees	Germany: near Munchenroda, Jena		non_saline_candidate	
GCF_031357045.1	Bacillus tropicus	Complete Genome	current	5319187	2	SAMN33748034	soil	South Korea		non_saline_candidate	
GCF_035808955.1	Bacillus vallismortis	Scaffold	current	4084459	56	SAMN33940618	soil	Argentina		non_saline_candidate	
GCF_035810575.1	Bacillus vallismortis	Scaffold	current	3950718	57	SAMN33940525	soil	USA		non_saline_candidate	
GCF_035810595.1	Bacillus vallismortis	Scaffold	current	3818239	44	SAMN33940524	soil	USA		non_saline_candidate	
GCF_035814435.1	Bacillus toyonensis	Scaffold	current	5272394	355	SAMN33940963	soil	not collected		non_saline_candidate	
GCF_036213005.1	Bacillus tropicus	Scaffold	current	5432205	52	SAMN32975035	soil	not collected		non_saline_candidate	
GCF_036217785.1	Bacillus toyonensis	Scaffold	current	5952707	102	SAMN32974788	soil	South Korea		non_saline_candidate	
GCF_036218625.1	Bacillus tropicus	Scaffold	current	5634116	155	SAMN32974747	soil	not collected		non_saline_candidate	
GCF_036219105.1	Bacillus toyonensis	Scaffold	current	6052079	95	SAMN32974716	soil	Australia		non_saline_candidate	
GCF_037414965.1	Bacillus tropicus	Contig	current	5660992	61	SAMN40422411	Peanut roots	Viet Nam: Long An province	Peanuts (Arachis hypogea L.)	non_saline_candidate	
GCF_039749635.1	Bacillus toyonensis	Contig	current	6178522	71	SAMN41394595	soil	USA: Pennsylvania, Williamsport		non_saline_candidate	
GCF_040784915.1	Bacillus vallismortis	Complete Genome	current	4251766	1	SAMN42317403	soil	China: Shangdong		non_saline_candidate	
GCF_040813735.1	Bacillus toyonensis biovar Thuringiensis	Contig	current	6098892	142	SAMN39061287	soil	Argentina		non_saline_candidate	
GCF_040813755.2	Bacillus toyonensis biovar Thuringiensis	Complete Genome	current	6339159	8	SAMN39003094	soil	Argentina	not applicable	non_saline_candidate	
GCF_048054035.1	Bacillus tropicus	Contig	current	5267390	51	SAMN17525911	soil	Malaysia: UTAR Kampar, Perak		non_saline_candidate	
GCF_048054075.1	Bacillus tropicus	Contig	current	5251678	49	SAMN17525912	soil	Malaysia: UTAR Kampar, Perak		non_saline_candidate	
GCF_050457225.1	Bacillus tropicus	Contig	current	5228424	74	SAMN41009414	soil	USA: Joshua Tree National Monument, California		non_saline_candidate	
GCF_050457525.1	Bacillus tropicus	Scaffold	current	5237425	126	SAMN41009399	soil	Trinidad and Tobago: Trinidad		non_saline_candidate	
GCF_050457645.1	Bacillus toyonensis	Scaffold	current	5638569	77	SAMN41009393	soil	Trinidad and Tobago: Trinidad		non_saline_candidate	
GCF_050457865.1	Bacillus tropicus	Scaffold	current	5228786	44	SAMN41009382	soil	India: Ganges Delta		non_saline_candidate	
GCF_050457885.1	Bacillus tropicus	Scaffold	current	5258793	41	SAMN41009381	soil	India: Ganges Delta		non_saline_candidate	
GCF_050457905.1	Bacillus tropicus	Scaffold	current	5252884	34	SAMN41009380	soil	India: Ganges Delta		non_saline_candidate	
GCF_050457925.1	Bacillus tropicus	Scaffold	current	5768130	63	SAMN41009379	soil	India: Ganges Delta		non_saline_candidate	
GCF_050457965.1	Bacillus toyonensis	Scaffold	current	6090364	114	SAMN41009377	soil	Greenland		non_saline_candidate	
GCF_050458065.1	Bacillus tropicus	Scaffold	current	5678775	54	SAMN41009372	soil	Trinidad and Tobago: Trinidad, Port of Spain		non_saline_candidate	
GCF_050458425.1	Bacillus toyonensis	Scaffold	current	6089037	108	SAMN41009354	soil	Grenada		non_saline_candidate	
GCF_050458445.1	Bacillus toyonensis	Scaffold	current	6086551	114	SAMN41009353	soil	Grenada		non_saline_candidate	
GCF_050458485.1	Bacillus tropicus	Scaffold	current	5685216	58	SAMN41009348	soil	Grenada		non_saline_candidate	
GCF_050458545.1	Bacillus tropicus	Scaffold	current	5681528	58	SAMN41009347	soil	Trinidad and Tobago: Trinidad, Port of Spain		non_saline_candidate	
GCF_050481585.1	Bacillus tropicus	Contig	current	5536264	88	SAMN41009594	soil	not collected		non_saline_candidate	
GCF_050481605.1	Bacillus tropicus	Contig	current	5482820	62	SAMN41009593	soil	not collected		non_saline_candidate	
GCF_050483465.1	Bacillus toyonensis	Contig	current	5558551	197	SAMN41009501	soil	not collected		non_saline_candidate	
GCF_050572955.1	Bacillus toyonensis	Contig	current	5877648	87	SAMN48600590	soil	Poland: Grady		non_saline_candidate	
GCF_051488385.1	Bacillus tropicus	Contig	current	5303151	54	SAMN49662486	soil	Turkey: Erzurum		non_saline_candidate	
GCF_053570865.1	Bacillus toyonensis	Contig	current	5942577	68	SAMN51205493	rhizosphere	Greece: Thrace, Orestiada	Solanum chilense	non_saline_candidate	
GCF_054072025.1	Bacillus toyonensis	Complete Genome	current	6283741	4	SAMN53760328	soil	China: Anhui, Huaibei, Xiangshan		non_saline_candidate	
GCF_056237735.1	Bacillus tropicus	Complete Genome	current	5145248	1	SAMN50521510	soil	USA: Brookings, South Dakota	wheat	non_saline_candidate	
GCF_056491305.1	Bacillus toyonensis	Contig	current	6333207	12	SAMN54117586	Peat Rhizosphere	USA: Ohio	Pelargonium	non_saline_candidate	
GCF_056491345.1	Bacillus toyonensis	Contig	current	6351338	18	SAMN54117584	Peat Rhizosphere	USA: Ohio	Pelargonium x hortorum	non_saline_candidate	
GCF_056491365.1	Bacillus toyonensis	Contig	current	6281542	11	SAMN54117583	Peat Rhizosphere	USA: Ohio	Petunia x hybrida	non_saline_candidate	
GCF_056491385.1	Bacillus toyonensis	Contig	current	6404841	13	SAMN54117582	Peat Rhizosphere	USA: Ohio	Petunia x hybrida	non_saline_candidate	
GCF_056491405.1	Bacillus toyonensis	Contig	current	5889347	5	SAMN54117580	Peat Rhizosphere	USA: Ohio	Petunia x hybrida	non_saline_candidate	
GCF_982398145.1	Bacillus tropicus	Contig	current	5569334	40	SAMEA122116453	rhizosphere	Bangladesh		non_saline_candidate	
GCF_013284825.1	Bacillus velezensis	Contig	current	3921211	34	SAMN15010036	orange plant leaf	Viet Nam: Cao Phong, Hoa Binh	orange plant	non_saline_candidate	
GCF_013285045.1	Bacillus velezensis	Contig	current	4030371	36	SAMN15010696	root of white egg plant	Viet Nam: Hoai Duc, Ha Noi	white egg plant	non_saline_candidate	
GCF_013285055.1	Bacillus velezensis	Contig	current	3864359	33	SAMN15010616	orange plant root	Viet Nam: Cao Phong, Hoa Binh	orange plant	non_saline_candidate	
GCF_013285085.2	Bacillus velezensis	Complete Genome	current	3916868	1	SAMN15012571	black pepper plant root	Viet Nam: Chu Se, Gia Lai	black pepper plant	non_saline_candidate	
GCF_013285105.1	Bacillus velezensis	Contig	current	4027596	41	SAMN15010747	root of maize	Viet Nam: Phu An, Thanh Da, Phuc Tho	maize	non_saline_candidate	
GCF_013401395.2	Bacillus velezensis	Complete Genome	current	4003884	2	SAMN13256649	soil	Brazil: Parana		non_saline_candidate	
GCF_013694265.1	Bacillus velezensis	Complete Genome	current	3917533	1	SAMN15484393	Amazonic soil	Brazil: Roraima		non_saline_candidate	
GCF_013701805.1	Bacillus velezensis	Complete Genome	current	3927799	1	SAMN15293208	soil	China: Xingtai, Hebei		non_saline_candidate	
GCF_014180705.2	Bacillus velezensis	Complete Genome	current	4141240	1	SAMN15395675	soil	South Korea:Yangyang-gun		non_saline_candidate	
GCF_014211995.1	Bacillus velezensis	Complete Genome	current	3894648	1	SAMN15755127	rhizosphere of cotton	China:Xinjiang Province		non_saline_candidate	
GCF_014495825.1	Bacillus velezensis	Complete Genome	current	4068479	1	SAMN15947555	rhizosphere soil	China: Beijing		non_saline_candidate	
GCF_014622705.1	Bacillus velezensis	Complete Genome	current	3929800	1	SAMN15944840	soil	China:Beijing		non_saline_candidate	
GCF_014706595.1	Bacillus velezensis	Complete Genome	current	3969447	1	SAMN13111910	soil	South Korea	ginseng	non_saline_candidate	
GCF_016019865.1	Bacillus velezensis	Contig	current	3893474	20	SAMN16954690	farm soil	India:Maharastra		non_saline_candidate	
GCF_016106735.1	Bacillus velezensis	Contig	current	4050672	40	SAMN12721965	rhizosphere soil	India: Tamil Nadu, Coimbatore		non_saline_candidate	
GCF_016766595.1	Bacillus velezensis	Complete Genome	current	3940023	1	SAMN17306585	rhizosphere soil	China: Guizhou	tobacco	non_saline_candidate	
GCF_016772005.1	Bacillus velezensis	Contig	current	3957523	7	SAMN16949414	roots, endophytic	Greece: Agricultural University of Athens	Olea europaea	non_saline_candidate	
GCF_016772025.1	Bacillus velezensis	Scaffold	current	4047570	8	SAMN16949412	roots, endophytic	Greece: Spata	Salvia fruticosa	non_saline_candidate	
GCF_016834435.1	Bacillus velezensis	Complete Genome	current	4011788	1	SAMN17620320	rhizosphere soil	China: Guizhou	pepper	non_saline_candidate	
GCF_017599365.1	Bacillus velezensis	Scaffold	current	4113266	24	SAMN18386958	soil	Pakistan: Thal Desert		non_saline_candidate	
GCF_018143035.1	Bacillus velezensis	Scaffold	current	3878197	37	SAMN06628692	soil used for soybean agriculture	China: Heilongjiang, Harbin	not applicable	non_saline_candidate	
GCF_018223705.1	Bacillus velezensis	Complete Genome	current	3914314	1	SAMN18838141		China:Chifeng	soil	non_saline_candidate	
GCF_018729285.1	Bacillus velezensis	Contig	current	3910173	3	SAMN19461841	roots	Greece: Spata	Hypericum hircinum	non_saline_candidate	
GCF_018729415.1	Bacillus velezensis	Contig	current	4274841	3	SAMN19461996	roots	Greece: Preveza	Solanum lycopersicum	non_saline_candidate	
GCF_018732185.1	Bacillus velezensis	Complete Genome	current	4085407	1	SAMN19471376	soil	China:Inner Mongolia		non_saline_candidate	
GCF_018771665.1	Bacillus velezensis	Complete Genome	current	4182261	1	SAMN19489369	soil	Iran: Hamedan	Solanum tuberosum	non_saline_candidate	
GCF_018771705.1	Bacillus velezensis	Complete Genome	current	4132553	2	SAMN19490066	soil	Iran	Solanum lycopersicum	non_saline_candidate	
GCF_019163475.1	Bacillus velezensis	Complete Genome	current	3973236	1	SAMN19079027	tomato rhizosphere soil	China: Heilongjiang Province	missing	non_saline_candidate	
GCF_019222745.1	Bacillus velezensis	Complete Genome	current	3929791	1	SAMN20060704	soil crust	China: Yinchuan		non_saline_candidate	
GCF_019334525.1	Bacillus velezensis	Complete Genome	current	4053089	1	SAMN20201267	Atlantic forest soil	Brazil: Parana		non_saline_candidate	
GCF_019449395.1	Bacillus velezensis	Complete Genome	current	4030799	1	SAMN18614933	soil	China		non_saline_candidate	
GCF_019464595.1	Bacillus velezensis	Complete Genome	current	3896799	1	SAMN19519143	watermelon rhizosphere soil	China: Heilongjiang Province	watermelon	non_saline_candidate	
GCF_019754015.1	Bacillus velezensis	Complete Genome	current	3973236	1	SAMN20821524	soil sample	China:Qiqihar	watermelon	non_saline_candidate	
GCF_019880485.1	Bacillus velezensis	Complete Genome	current	4223782	4	SAMN20709964	soil	Belarus:Barysaw District		non_saline_candidate	
GCF_020084885.1	Bacillus velezensis	Complete Genome	current	3926914	1	SAMN19822038	soil	China: Chongqing		non_saline_candidate	
GCF_020162235.1	Bacillus velezensis	Complete Genome	current	4088756	1	SAMN21540783	garden soil	USA:California		non_saline_candidate	
GCF_020177005.1	Bacillus velezensis	Contig	current	4341411	34	SAMN20345128	root nodules	USA: Durham, NH	Alnus incana	non_saline_candidate	
GCF_020179855.1	Bacillus velezensis	Contig	current	4340599	34	SAMN20345127	root nodules	USA: Durham, NH	Alnus incana	non_saline_candidate	
GCF_020179885.1	Bacillus velezensis	Contig	current	4340492	32	SAMN20345129	root nodules	USA: Durham, NH	Alnus incana	non_saline_candidate	
GCF_020551965.1	Bacillus velezensis	Contig	current	3913948	44	SAMN21907814	root	Tunisia: Kairouan	Solanum linnaeanum	non_saline_candidate	
GCF_020685825.1	Bacillus velezensis	Contig	current	3986178	49	SAMN21972334	soil	Tunisia:Borj Cedria	Medicago truncatula	non_saline_candidate	
GCF_020861635.1	Bacillus velezensis	Contig	current	3949216	28	SAMN22871637	rhizospheric soil	Pakistan		non_saline_candidate	
GCF_020907785.1	Bacillus velezensis	Contig	current	4020633	168	SAMN23131954	rhizosphere soil	China	tomato	non_saline_candidate	
GCF_020995365.1	Bacillus velezensis	Complete Genome	current	4067009	1	SAMN23076874	soils	China: HUNAN		non_saline_candidate	
GCF_021184205.1	Bacillus velezensis	Complete Genome	current	4121848	1	SAMN23765541	soil	China: Jinan, Shandong Province	grape	non_saline_candidate	
GCF_021245705.1	Bacillus velezensis	Scaffold	current	3912339	51	SAMN23139090	tea garden soil	China: Zhejiang, Hangzhou		non_saline_candidate	
GCF_021390055.1	Bacillus velezensis	Complete Genome	current	3929552	1	SAMN24147913	soil	China: Weinan,Shaanxi Province		non_saline_candidate	
GCF_021650855.1	Bacillus velezensis	Complete Genome	current	3929792	1	SAMN25145124	soil	South Korea: Jeonju		non_saline_candidate	
GCF_021887605.1	Bacillus velezensis	Contig	current	3944437	42	SAMN19185794	soil	Switzerland: Lullier		non_saline_candidate	
GCF_021892375.1	Bacillus velezensis	Scaffold	current	3939663	47	SAMN25352221	soil	Russia		non_saline_candidate	
GCF_022344025.1	Bacillus velezensis	Complete Genome	current	4033884	1	SAMN25893642	soil	South Korea: Yangpyeong	Lettuce	non_saline_candidate	
GCF_022370935.1	Bacillus velezensis	Complete Genome	current	3932768	3	SAMN21927082	rhizosphere soil of stock	China: Hainan	tomato	non_saline_candidate	
GCF_022371095.1	Bacillus velezensis	Complete Genome	current	4081758	1	SAMN25982136	soil	China: Haikou city, Hainan province		non_saline_candidate	
GCF_022385235.1	Bacillus velezensis	Complete Genome	current	3914377	2	SAMN25963216	rhizosphere soil	China:Xiyang Village, Youxi County, Sanming City, Fujian Province		non_saline_candidate	
GCF_022488425.1	Bacillus velezensis	Complete Genome	current	4005132	1	SAMN26182808	rhizosphere soil	not applicable		non_saline_candidate	
GCF_023093915.1	Bacillus velezensis	Complete Genome	current	3918461	1	SAMN27578326	soil	China: Nanjing		non_saline_candidate	
GCF_023278305.1	Bacillus velezensis	Complete Genome	current	3962671	1	SAMN18451302	plant	China: shandong		non_saline_candidate	
GCF_023502635.1	Bacillus velezensis	Scaffold	current	4480401	1898	SAMN27484124	soil	Israel		non_saline_candidate	
GCF_023516155.1	Bacillus velezensis	Complete Genome	current	3929792	1	SAMN28187200	soil	China:Wuhan		non_saline_candidate	
GCF_023516195.1	Bacillus velezensis	Complete Genome	current	3929792	1	SAMN28200750	soil	China		non_saline_candidate	
GCF_023586825.4	Bacillus velezensis	Complete Genome	current	4184031	4	SAMN25898145	Rizosphere soil sample	Russia: Krasnodar region		non_saline_candidate	
GCF_023586845.4	Bacillus velezensis	Complete Genome	current	4184250	4	SAMN25898146	Rizosphere soil sample	Russia: Krasnodar region		non_saline_candidate	
GCF_023823715.1	Bacillus velezensis	Complete Genome	current	3963345	2	SAMN22304394	soil	China		non_saline_candidate	
GCF_023823735.1	Bacillus velezensis	Complete Genome	current	3963155	1	SAMN22304395	soil	China		non_saline_candidate	
GCF_023921085.1	Bacillus velezensis	Complete Genome	current	3980135	1	SAMN29096890	soil	Brazil: Italva, Rio de Janeiro		non_saline_candidate	
GCF_024125385.1	Bacillus velezensis	Contig	current	3948294	55	SAMN28673785	rhizospheric soil	Pakistan		non_saline_candidate	
GCF_024125405.1	Bacillus velezensis	Contig	current	3948070	59	SAMN28673929	rhizospheric soil	Pakistan		non_saline_candidate	
GCF_024508215.1	Bacillus velezensis	Complete Genome	current	4099109	1	SAMN29961780	soil	China:Xuchang city, Henan province	tobacco	non_saline_candidate	
GCF_024666145.1	Bacillus velezensis	Chromosome	current	3970959	7	SAMN30168657	Soil from rainforest	Brazil: Parana		non_saline_candidate	
GCF_024741875.1	Bacillus velezensis	Contig	current	3953353	46	SAMN27302048	soil	China:Ningbo		non_saline_candidate	
GCF_024741885.1	Bacillus velezensis	Contig	current	3824864	17	SAMN27302382	soil	China:Beijing		non_saline_candidate	
GCF_024917135.1	Bacillus velezensis	Complete Genome	current	3929846	1	SAMN30502274	rhizosphere soil	China: Guizhou	Sophora tonkinensis Radix	non_saline_candidate	
GCF_024919095.1	Bacillus velezensis	Complete Genome	current	4010225	1	SAMN30473216	Commercial plant nursery	Viet Nam: Da Lat		non_saline_candidate	
GCF_024925505.1	Bacillus velezensis	Complete Genome	current	4192280	1	SAMN30456206	soil	South Korea:Buyeo		non_saline_candidate	
GCF_025290695.1	Bacillus velezensis	Contig	current	3888040	13	SAMN30804782	soil sample	Pakistan		non_saline_candidate	
GCF_025857215.1	Bacillus velezensis	Complete Genome	current	4035016	1	SAMN30498090	Isolation from the rhizosphere of bok choy	China: Hangzhou		non_saline_candidate	
GCF_025914055.1	Bacillus velezensis	Complete Genome	current	3929791	1	SAMN31309488	soil	China:Guangzhou		non_saline_candidate	
GCF_026066495.1	Bacillus velezensis	Contig	current	3887320	13	SAMN20605961	Garden soil	India: Maharashtra		non_saline_candidate	
GCF_026194235.1	Bacillus velezensis	Contig	current	4140671	2	SAMN31496115	rhizosphere	not applicable	Panax ginseng	non_saline_candidate	
GCF_026210635.1	Bacillus velezensis	Complete Genome	current	3929247	1	SAMN29059448	soil	China: Beijing, Yanqing District		non_saline_candidate	
GCF_026240675.1	Bacillus velezensis	Complete Genome	current	3929781	1	SAMN31269340	soil	China:Shanghai		non_saline_candidate	
GCF_026241745.1	Bacillus velezensis	Scaffold	current	4016820	45	SAMN31675477	Navel orange rhizosphere soil	China:JiangXi		non_saline_candidate	
GCF_026787705.1	Bacillus velezensis	Scaffold	current	4101015	48	SAMN25843163	soil	France: Col du Grand Saint Bernard		non_saline_candidate	
GCF_028614035.1	Bacillus velezensis	Contig	current	4034157	16	SAMN32184714	soil	South Korea: Gokseong-gun		non_saline_candidate	
GCF_029282585.1	Bacillus velezensis	Complete Genome	current	4296610	1	SAMN33451486	rhizosphere soil of corn crops	Mexico		non_saline_candidate	
GCF_029589045.1	Bacillus velezensis	Contig	current	3885044	53	SAMN33977572	soil	China: Hainan Province	banana	non_saline_candidate	
GCF_029688985.1	Bacillus velezensis	Scaffold	current	3891665	11	SAMN34089981	soil	China: Shenyang		non_saline_candidate	
GCF_029834585.1	Bacillus velezensis	Complete Genome	current	3929792	1	SAMN34066145	soil	China:Hubei		non_saline_candidate	
GCF_029846455.1	Bacillus velezensis	Scaffold	current	4071225	43	SAMN34136143	muskmelon rhizosphere	China: JiangSu		non_saline_candidate	
GCF_029888065.1	Bacillus velezensis	Contig	current	3860972	22	SAMN34275988	rhizosperic soil	Romania: Iasi	Zea mays	non_saline_candidate	
GCF_030028255.1	Bacillus velezensis	Complete Genome	current	3858300	1	SAMN35003787	rhizosphere	China: Yunnan province	maize	non_saline_candidate	
GCF_030028335.1	Bacillus velezensis	Complete Genome	current	4078641	1	SAMN35005763	soil	China:hainan		non_saline_candidate	
GCF_030053815.1	Bacillus velezensis	Complete Genome	current	3929792	1	SAMN35054919	soil	China:Harbin		non_saline_candidate	
GCF_030123285.1	Bacillus velezensis	Complete Genome	current	4002233	1	SAMN34374909	grassland soil attached to a mushroom	Denmark: Birkeroed		non_saline_candidate	
GCF_030123305.1	Bacillus velezensis	Complete Genome	current	3929586	1	SAMN34375025	rhizosphere soil	China: Neijiang, Sichuan Province		non_saline_candidate	
GCF_030176975.1	Bacillus velezensis	Contig	current	3972814	6	SAMN34374856	cold and windy area with dry gravely dark soils (5 cm deep, characterized by having a low depth of soil before hitting a layer of rock)	Mexico: Canada de Morelos, Puebla		non_saline_candidate	
GCF_030252385.1	Bacillus velezensis	Complete Genome	current	3929792	1	SAMN35566365	rhizosphere	China: Jiangsu		non_saline_candidate	
GCF_030284665.1	Bacillus velezensis	Scaffold	current	4081504	16	SAMN35683875	rhizosphere	Bulgaria	Oryza sativa	non_saline_candidate	
GCF_030291255.1	Bacillus velezensis	Complete Genome	current	3954988	1	SAMN29376856	soil	Brazil: Italva, Rio de Janeiro		non_saline_candidate	
GCF_030348305.1	Bacillus velezensis	Contig	current	3945250	5	SAMN34375034	rhizosphere soil	China: Taizhou, Jiangsu Province		non_saline_candidate	
GCF_030348465.1	Bacillus velezensis	Contig	current	4171021	4	SAMN34374910	grassland soil attached to a mushroom	Denmark: Birkeroed		non_saline_candidate	
GCF_030378485.1	Bacillus velezensis	Complete Genome	current	4181346	1	SAMN35788485	Healthy tobacco rhizosphere soil	China:Lijiang	Tobacco	non_saline_candidate	
GCF_030444515.1	Bacillus velezensis	Complete Genome	current	3891780	1	SAMN33285327	Humic Soil	not collected	missing	non_saline_candidate	
GCF_030518635.1	Bacillus velezensis	Complete Genome	current	3929792	1	SAMN36459674	soil	China: Nanchang		non_saline_candidate	
GCF_030704265.1	Bacillus velezensis	Complete Genome	current	3980773	1	SAMN36797137	healthy cucumber rhizosphere soil.	China: Beiwang Village, Luolong District, Luoyang City, Henan Province	Cucumis sativus L.	non_saline_candidate	
GCF_031118725.1	Bacillus velezensis	Scaffold	current	3919106	13	SAMN37190764	rhizosphere soil	South Africa	Zea mays	non_saline_candidate	
GCF_031118995.1	Bacillus velezensis	Scaffold	current	3892069	12	SAMN37190995	soil	China: Altay City, Xinjiang Uygur Autonomous Region		non_saline_candidate	
GCF_031157515.1	Bacillus velezensis	Contig	current	3963645	22	SAMN37209281	Agricultural farm soil	India: Maharashtra		non_saline_candidate	
GCF_031198205.1	Bacillus velezensis	Contig	current	3890818	13	SAMN37220560	Agricultural farm soil	India: Maharashtra		non_saline_candidate	
GCF_031308755.1	Bacillus velezensis	Complete Genome	current	3929698	1	SAMN36005331	soil	China:Hebei		non_saline_candidate	
GCF_031324265.1	Bacillus velezensis	Contig	current	4109255	16	SAMN34375008	rhizosphere soil	China: Dongying, Shangdong Province		non_saline_candidate	
GCF_031344975.1	Bacillus velezensis	Complete Genome	current	4237216	1	SAMN37277514	soil metagenome	China:Guizhou	Ginger	non_saline_candidate	
GCF_031460235.1	Bacillus velezensis	Scaffold	current	3935018	24	SAMN37321166	rhizosphere soil	South Africa	Zea mays	non_saline_candidate	
GCF_031883715.1	Bacillus velezensis	Complete Genome	current	4116231	1	SAMN37176097	rhizosphere of rice, pepper, cucumber, tomato	South Korea	missing	non_saline_candidate	
GCF_032291985.1	Bacillus velezensis	Complete Genome	current	4143654	2	SAMN37527114	root	South Korea	Ipomoea batatas	non_saline_candidate	
GCF_032670465.1	Bacillus velezensis	Contig	current	3911087	17	SAMN37322363	soil	Thailand		non_saline_candidate	
GCF_032686825.1	Bacillus velezensis	Scaffold	current	3891724	12	SAMN37688149	soil	China		non_saline_candidate	
GCF_032841655.1	Bacillus velezensis	Contig	current	4020327	40	SAMN37609396	soil	Tunisia		non_saline_candidate	
GCF_033170175.1	Bacillus velezensis	Complete Genome	current	3929792	1	SAMN37883768	orchard soil	China		non_saline_candidate	
GCF_033547055.1	Bacillus velezensis	Complete Genome	current	4283756	1	SAMN38103670	soil	China:Taian		non_saline_candidate	
GCF_033798645.1	Bacillus velezensis	Chromosome	current	4027139	1	SAMN38145391	Potato rhizosphere	Colombia:Cundinamarca		non_saline_candidate	
GCF_033808435.1	Bacillus velezensis	Complete Genome	current	4064612	1	SAMN38171755	soil	South Korea: Gyeongsangbuk-do, Sangju-si		non_saline_candidate	
GCF_034060585.1	Bacillus velezensis	Complete Genome	current	3984866	1	SAMN38257321	rhizosphere soil of schefflera heptaphylla	China:Yunnan		non_saline_candidate	
GCF_034061945.1	Bacillus velezensis	Complete Genome	current	4046066	1	SAMN38258329	rhizosphere soil of schefflera heptaphylla	China:Yunnan		non_saline_candidate	
GCF_034554755.1	Bacillus velezensis	Complete Genome	current	4043200	1	SAMN38583043	soil	China:Lijiang	Tobacco	non_saline_candidate	
GCF_034933705.1	Bacillus velezensis	Contig	current	4174662	438	SAMN39139965	soil	China: Huazhong Agricultural University, Shizishan Street, Wuhan, Hubei 430070		non_saline_candidate	
GCF_035808035.1	Bacillus velezensis	Scaffold	current	3956781	29	SAMN33940666	agave root	India		non_saline_candidate	
GCF_035808075.1	Bacillus velezensis	Scaffold	current	3892229	12	SAMN33940664	Rice rhisosphere soil	not collected		non_saline_candidate	
GCF_035811195.1	Bacillus velezensis	Contig	current	3974636	25	SAMN33940495	soil	not collected		non_saline_candidate	
GCF_035813315.1	Bacillus velezensis	Scaffold	current	4115982	37	SAMN33940384	soil	not collected		non_saline_candidate	
GCF_035813335.1	Bacillus velezensis	Contig	current	3944126	35	SAMN33940383	soil	not collected		non_saline_candidate	
GCF_035813375.1	Bacillus velezensis	Scaffold	current	3961798	64	SAMN33940382	soil	not collected		non_saline_candidate	
GCF_035823155.1	Bacillus velezensis	Contig	current	3928146	21	SAMN33940721	soil	not collected		non_saline_candidate	
GCF_035823195.1	Bacillus velezensis	Scaffold	current	4126432	64	SAMN33940723	soil	Trinidad and Tobago: Trinidad		non_saline_candidate	
GCF_035823275.1	Bacillus velezensis	Scaffold	current	3902798	80	SAMN33940719	soil	not collected		non_saline_candidate	
GCF_035823295.1	Bacillus velezensis	Scaffold	current	3938825	103	SAMN33940720	soil	not collected		non_saline_candidate	
GCF_035823345.1	Bacillus velezensis	Scaffold	current	3870270	23	SAMN33940718	soil	not collected		non_saline_candidate	
GCF_035823435.1	Bacillus velezensis	Scaffold	current	3875017	25	SAMN33940716	soil	not collected		non_saline_candidate	
GCF_035823495.1	Bacillus velezensis	Contig	current	3965382	23	SAMN33940715	soil	not collected		non_saline_candidate	
GCF_036216805.1	Bacillus velezensis	Scaffold	current	4004456	25	SAMN32974838	soil	Israel: Evolution Canyon		non_saline_candidate	
GCF_036216885.1	Bacillus velezensis	Contig	current	3920289	24	SAMN32974834	soil	Israel: Evolution Canyon		non_saline_candidate	
GCF_036348355.1	Bacillus velezensis	Contig	current	3993252	23	SAMN38053693	roots	Tunisia: Mednine	Fagonia glutinosa	non_saline_candidate	
GCF_036600835.1	Bacillus velezensis	Contig	current	4016867	3	SAMN37344706	Plant	Indonesia	Archidendron pauciflorum	non_saline_candidate	
GCF_037095775.1	Bacillus velezensis	Contig	current	4013767	22	SAMN40153660	rhizosphere	Spain: Las Gabias, Granada	Lactuca sativa va. capitata	non_saline_candidate	
GCF_000262385.1	Bacillus velezensis YAU B9601-Y2	Complete Genome	current	4238624	1	SAMN02603232	wheat rhizosphere			non_saline_candidate	
GCF_000341875.1	Bacillus velezensis UCMB5036	Complete Genome	current	3910324	1	SAMEA2272633	cotton plant	Ukraine		non_saline_candidate	
GCF_000513755.1	Bacillus velezensis SK19.001	Contig	current	3925723	74	SAMN02597424	soil	China: Wuxi		non_saline_candidate	
GCF_037889395.1	Bacillus velezensis	Scaffold	current	4007168	26	SAMN40597287	soil	China: Guangdong, Zhanjiang		non_saline_candidate	
GCF_038442215.1	Bacillus velezensis	Complete Genome	current	4036959	1	SAMN38777322	plantation	Spain:Malaga	cucumber	non_saline_candidate	
GCF_038594295.1	Bacillus velezensis	Scaffold	current	3891934	33	SAMN40732503	soil	Russia: Republic of Tatarstan, Kazan		non_saline_candidate	
GCF_039851945.1	Bacillus velezensis	Complete Genome	current	3929757	1	SAMN41432343		China: Inter-root soil of Panax pseudoginseng in Wenshan, Yunnan Province, China	inter-root soil	non_saline_candidate	
GCF_039851955.1	Bacillus velezensis	Complete Genome	current	4217652	2	SAMN41431953		China: Inter-root soil of Panax pseudoginseng in Wenshan, Yunnan Province, China	inter-root soil	non_saline_candidate	
GCF_039871465.1	Bacillus velezensis	Scaffold	current	3888046	17	SAMN41455680	landfill soil	China: Yichang City, Hubei Province		non_saline_candidate	
GCF_040105115.1	Bacillus velezensis	Complete Genome	current	3929789	1	SAMN41610859	soil	China: Taizhou City, Zhejiang Province		non_saline_candidate	
GCF_040337635.1	Bacillus velezensis	Contig	current	3945527	15	SAMN12262409	soil	Brazil: Brasilia		non_saline_candidate	
GCF_040337675.1	Bacillus velezensis	Contig	current	3927067	21	SAMN12262428	soil	Brazil: Brasilia		non_saline_candidate	
GCF_040408265.1	Bacillus velezensis	Contig	current	4401892	83	SAMN35152504	palm rhizosphere	Tunisia		non_saline_candidate	
GCF_040492195.1	Bacillus velezensis	Contig	current	3964982	41	SAMN41992041	soil from resource islands in a semiarid environment	Colombia		non_saline_candidate	
GCF_040492855.1	Bacillus velezensis	Scaffold	current	3966101	33	SAMN37160999	oil-contaminated soil samples	Brazil: Porto Alegre		non_saline_candidate	
GCF_040571435.1	Bacillus velezensis	Complete Genome	current	4030990	2	SAMN41704946	soil	China	missing	non_saline_candidate	
GCF_040712045.1	Bacillus velezensis	Complete Genome	current	4240609	1	SAMN40001992	root	USA: Alabama	corn	non_saline_candidate	
GCF_040712055.1	Bacillus velezensis	Complete Genome	current	3952550	1	SAMN40001991	root	USA: Alabama	corn	non_saline_candidate	
GCF_040712065.1	Bacillus velezensis	Complete Genome	current	4155876	1	SAMN40001990	root	USA: Alabama	corn	non_saline_candidate	
GCF_040733995.1	Bacillus velezensis	Complete Genome	current	3857531	1	SAMN27304311	soil	China:Liaoning		non_saline_candidate	
GCF_040965335.1	Bacillus velezensis	Contig	current	3933565	27	SAMN42722972	soil	China		non_saline_candidate	
GCF_040984565.1	Bacillus velezensis	Contig	current	4137933	42	SAMN41182381	rhizosphere soil	China:BeiJing		non_saline_candidate	
GCF_041729945.1	Bacillus velezensis	Contig	current	3908054	2	SAMN43356960	root	China: Hainan	rubber plant	non_saline_candidate	
GCF_041878495.1	Bacillus velezensis	Contig	current	3814479	43	SAMN43058838	soil from the fire extinguishing test site	Russia: Republic of Bashkortostan, Ufa		non_saline_candidate	
GCF_041879335.1	Bacillus velezensis	Complete Genome	current	4143656	2	SAMN23669287	soil for turfgrass	South Korea: Hwasun		non_saline_candidate	
GCF_041949675.1	Bacillus velezensis	Contig	current	4143654	2	SAMN43386460	soil	South Korea		non_saline_candidate	
GCF_041950415.1	Bacillus velezensis	Complete Genome	current	3887713	1	SAMN43541410	soil	China: Wuhan		non_saline_candidate	
GCF_041950455.1	Bacillus velezensis	Complete Genome	current	3907782	1	SAMN43537412	soil	China: Wuhan		non_saline_candidate	
GCF_042019205.1	Bacillus velezensis	Complete Genome	current	4242144	1	SAMN43392604	soil	Democratic Republic of the Congo:Kabare		non_saline_candidate	
GCF_042465255.1	Bacillus velezensis	Complete Genome	current	3952541	1	SAMN40001993	root	USA: Alabama	corn	non_saline_candidate	
GCF_042936585.1	Bacillus velezensis	Complete Genome	current	3997931	1	SAMN43929739	soil	USA: California, Fresno		non_saline_candidate	
GCF_043754615.1	Bacillus velezensis	Complete Genome	current	3973405	1	SAMN44270593	soil	China:Beijing		non_saline_candidate	
GCF_044183005.1	Bacillus velezensis	Complete Genome	current	4189575	3	SAMN44353042	soil	China: Shandong		non_saline_candidate	
GCF_044357845.1	Bacillus velezensis	Complete Genome	current	3913640	1	SAMN16784690	soil	Russia: Krasnodar region		non_saline_candidate	
GCF_044357885.1	Bacillus velezensis	Complete Genome	current	3913613	1	SAMN16784691	wheat root	Russia: Krasnodar region		non_saline_candidate	
GCF_044881275.1	Bacillus velezensis	Contig	current	3685685	75	SAMN44580890	root	Russia: Krasnodar territory of V.S. Pustovoit All-Russian Research Institute of Oilseed Crops	soybean	non_saline_candidate	
GCF_044901645.1	Bacillus velezensis	Contig	current	3709880	79	SAMN44596379	root	Russia: Krasnodar territory, Krylovskoy district	wheat	non_saline_candidate	
GCF_044901785.1	Bacillus velezensis	Contig	current	3724446	82	SAMN44597911	root	Russia: Krasnodar region, Pavlovsky district	wheat	non_saline_candidate	
GCF_044905085.1	Bacillus velezensis	Complete Genome	current	4186033	1	SAMN42181623	rhizosphere soil	China: chongqing		non_saline_candidate	
GCF_045011655.1	Bacillus velezensis	Complete Genome	current	4077080	1	SAMN34573110	soil	China:Hainan		non_saline_candidate	
GCF_045257725.1	Bacillus velezensis	Complete Genome	current	3929792	1	SAMN44774774	soil	China: Shanghai		non_saline_candidate	
GCF_045344285.1	Bacillus velezensis	Complete Genome	current	3895561	1	SAMN44786005	soil	China: Hunan		non_saline_candidate	
GCF_045345805.1	Bacillus velezensis	Complete Genome	current	4087900	1	SAMN40506564	potato soil; fields without fungicides or pesticides	China: Inner Mongolia		non_saline_candidate	
GCF_045348085.1	Bacillus velezensis	Complete Genome	current	4074379	1	SAMN40623256	soil	China:hunan		non_saline_candidate	
GCF_045801055.1	Bacillus velezensis	Contig	current	4186444	17	SAMN44925340	soil	China: Luoyang		non_saline_candidate	
GCF_046097725.1	Bacillus velezensis	Scaffold	current	3886917	41	SAMN45221904	soil	China: HeBei	peanut	non_saline_candidate	
GCF_046312375.1	Bacillus velezensis	Contig	current	3888509	2	SAMN45925517	soil	China: Guangzhou		non_saline_candidate	
GCF_047121265.1	Bacillus velezensis	Complete Genome	current	4137489	2	SAMN37691131		China:Luan	soil	non_saline_candidate	
GCF_047220225.1	Bacillus velezensis	Complete Genome	current	4020451	1	SAMN46257578	soil	China:Huaian		non_saline_candidate	
GCF_047300865.1	Bacillus velezensis	Complete Genome	current	3939798	1	SAMN45677237	rhizosphere soil	China:Guiyang, Guizhou Province	kiwifruit	non_saline_candidate	
GCF_047302555.1	Bacillus velezensis	Complete Genome	current	4044968	2	SAMN44627543	root	USA:Tucson	Lactuca serriola	non_saline_candidate	
GCF_047314745.1	Bacillus velezensis	Contig	current	3890478	13	SAMN46323027	rhizosphere soil	China: Sichuan		non_saline_candidate	
GCF_047444225.2	Bacillus velezensis	Contig	current	3878822	18	SAMN46392270	soil	China:Huanggang		non_saline_candidate	
GCF_047444795.2	Bacillus velezensis	Contig	current	3890434	9	SAMN46392277	soil	China:Huanggang		non_saline_candidate	
GCF_047779945.1	Bacillus velezensis	Contig	current	4203660	542	SAMN46560289	compost was generated exclusively from plant-based material, recycled equine manure in composters enriched with California worms (Eisenia foetida).	Argentina: Ro Cuarto		non_saline_candidate	
GCF_047947075.1	Bacillus velezensis	Complete Genome	current	4032063	1	SAMN37473040	soil from an orchard	China: Haikou City	missing	non_saline_candidate	
GCF_048013385.1	Bacillus velezensis	Complete Genome	current	4073650	1	SAMN46800756	root	China:Hefei	missing	non_saline_candidate	
GCF_048127765.1	Bacillus velezensis	Contig	current	4031310	34	SAMN37733351	soil	Brazil: Bahia		non_saline_candidate	
GCF_048127805.1	Bacillus velezensis	Contig	current	3990096	44	SAMN37734688	soil	Brazil: Bahia		non_saline_candidate	
GCF_048127845.1	Bacillus velezensis	Contig	current	4175467	16	SAMN37734915	soil	Brazil: Bahia		non_saline_candidate	
GCF_048288325.1	Bacillus velezensis	Complete Genome	current	3968904	1	SAMN37071267	Potato rhizosphere soil	China:Qujing		non_saline_candidate	
GCF_048288335.1	Bacillus velezensis	Complete Genome	current	3980669	1	SAMN37119131	Potato rhizosphere soil	China:Zhaotong		non_saline_candidate	
GCF_048585455.1	Bacillus velezensis	Complete Genome	current	3980613	1	SAMN46764200	soil	China: Deep in Wuzhishan	none	non_saline_candidate	
GCF_049354995.1	Bacillus velezensis	Complete Genome	current	3907381	1	SAMN40450121	soil	China: Guangxi Zhuang Autonomous Region		non_saline_candidate	
GCF_049434535.1	Bacillus velezensis	Complete Genome	current	3929585	1	SAMN47749806	soil	China:Beijing		non_saline_candidate	
GCF_049534455.1	Bacillus velezensis	Contig	current	4012534	187	SAMN44109747	soil	Lithuania	Prunus domestica	non_saline_candidate	
GCF_049537935.1	Bacillus velezensis	Scaffold	current	3976009	14	SAMN47803716	onion rhizospheric soils	Saudi Arabia	onion	non_saline_candidate	
GCF_049544895.1	Bacillus velezensis	Complete Genome	current	3935130	1	SAMN47784587	rhizosphere	China: Yunnan	missing	non_saline_candidate	
GCF_049561815.1	Bacillus velezensis	Complete Genome	current	4139342	1	SAMN47808659	soil	Italy: Lecce		non_saline_candidate	
GCF_049727685.1	Bacillus velezensis	Scaffold	current	3899610	19	SAMN42836843	soil	China: Ili city	Vickifunkia tianschanica	non_saline_candidate	
GCF_049801135.1	Bacillus velezensis	Contig	current	3875104	30	SAMN47311495	soil	China		non_saline_candidate	
GCF_049803395.1	Bacillus velezensis	Contig	current	4047641	37	SAMN41095874	rhizosphere	Mexico: Yaqui Valley	wheat	non_saline_candidate	
GCF_049810365.1	Bacillus velezensis	Complete Genome	current	3929585	1	SAMN47922244	soil	China:Beijing		non_saline_candidate	
GCF_049810375.1	Bacillus velezensis	Complete Genome	current	3929585	1	SAMN47922265	soil	China:Beijing		non_saline_candidate	
GCF_049810385.1	Bacillus velezensis	Complete Genome	current	4068475	1	SAMN47925986	Rhizosphere Soil of Poplar Forests in Tibet	China:Tibet		non_saline_candidate	
GCF_049810395.1	Bacillus velezensis	Complete Genome	current	3929792	1	SAMN47927596	soil	China:Beijing		non_saline_candidate	
GCF_049819585.1	Bacillus velezensis	Complete Genome	current	3929792	1	SAMN47424389	rhizosphere	China: Quzhou Experimental Station	missing	non_saline_candidate	
GCF_049913295.1	Bacillus velezensis	Complete Genome	current	3976484	1	SAMN47200792	bulk field soil	USA: Iowa State University Marsden Farm, Boone, Co., Iowa		non_saline_candidate	
GCF_049944735.1	Bacillus velezensis	Contig	current	4046530	46	SAMN45871478	rhizosphere	Pakistan: Lahore	maize	non_saline_candidate	
GCF_050051255.1	Bacillus velezensis	Scaffold	current	3892311	20	SAMN48054947	soil	Brazil: Ceara, Taua		non_saline_candidate	
GCF_050051275.1	Bacillus velezensis	Scaffold	current	3984279	24	SAMN48054946	soil	Brazil: Ceara, Caninde		non_saline_candidate	
GCF_050106615.1	Bacillus velezensis	Contig	current	3984114	54	SAMN48047922	rhizosphere soil	China:Xinjiang, Aksu, Taklimakan Desert	Tamarix	non_saline_candidate	
GCF_050445565.1	Bacillus velezensis	Contig	current	4150201	44	SAMN40738006	roots	Tunisia	potato	non_saline_candidate	
GCF_050473285.1	Bacillus velezensis	Contig	current	3879259	28	SAMN43432808	soil	China: Guangdong		non_saline_candidate	
GCF_050516485.1	Bacillus velezensis	Complete Genome	current	4045692	1	SAMN48399771	Paju city	South Korea: Paju city	soil	non_saline_candidate	
GCF_050573015.1	Bacillus velezensis	Contig	current	3951602	23	SAMN48600591	soil	Poland: Zadworze		non_saline_candidate	
GCF_050573095.1	Bacillus velezensis	Contig	current	3949098	29	SAMN48600592	soil	Poland: Majdan Kozic Gornych		non_saline_candidate	
GCF_050573135.1	Bacillus velezensis	Contig	current	3951453	23	SAMN48600589	soil	Poland: Siedliska Pierwsze		non_saline_candidate	
GCF_050821995.1	Bacillus velezensis	Complete Genome	current	3929750	1	SAMN21891625	tomato root	China	Tomato	non_saline_candidate	
GCF_050908125.1	Bacillus velezensis	Chromosome	current	4000437	25	SAMN48721967	rhizosphere soil	Morocco: BenGuerir	Chenopodium quinoa	non_saline_candidate	
GCF_050909115.1	Bacillus velezensis	Complete Genome	current	3964992	1	SAMN17167596	tobacco rhizosphere soil	China:Shandong		non_saline_candidate	
GCF_050954185.1	Bacillus velezensis	Contig	current	3891709	14	SAMN48941021	soil	China: Shenyang	rice	non_saline_candidate	
GCF_051131645.1	Bacillus velezensis	Chromosome	current	3914087	19	SAMN44265031	soil	Thailand		non_saline_candidate	
GCF_051131655.1	Bacillus velezensis	Chromosome	current	3846276	19	SAMN44265067	soil	Thailand		non_saline_candidate	
GCF_051131835.1	Bacillus velezensis	Complete Genome	current	4014208	1	SAMN48027165	soil	China	missing	non_saline_candidate	
GCF_051175615.1	Bacillus velezensis	Complete Genome	current	3935735	1	SAMN49388841	rhizosphere soil	China: Jishou	kiwifruit	non_saline_candidate	
GCF_051311115.1	Bacillus velezensis	Scaffold	current	3949687	34	SAMN44234332	plant	Canada: Hamilton, Ontario	not applicable	non_saline_candidate	
GCF_051354325.1	Bacillus velezensis	Chromosome	current	3871148	1	SAMN49556792	soil	Taiwan: Pingtung		non_saline_candidate	
GCF_051359705.1	Bacillus velezensis	Complete Genome	current	4017243	4	SAMN49751265	soil	China: Changbaishan		non_saline_candidate	
GCF_051472655.1	Bacillus velezensis	Complete Genome	current	3931880	1	SAMN49520446	rhizospheric soil of healthy Aconitum carmichaelii plants	China: Mianyang		non_saline_candidate	
GCF_051549775.1	Bacillus velezensis	Complete Genome	current	3908054	2	SAMN49914656		China:Hainan	Rubber tree roots	non_saline_candidate	
GCF_051801825.1	Bacillus velezensis	Complete Genome	current	3972125	1	SAMN49716296	soil	China: JiLin Province		non_saline_candidate	
GCF_051833785.1	Bacillus velezensis	Contig	current	4117072	47	SAMN48088482	soil	India:Kerala		non_saline_candidate	
GCF_051935925.1	Bacillus velezensis	Complete Genome	current	3929790	1	SAMN33575007	Watermelon root	China:Qiqihar		non_saline_candidate	
GCF_052076155.1	Bacillus velezensis	Complete Genome	current	3935130	1	SAMN50512876	rhizosphere	China	Amorphophallus muelleri	non_saline_candidate	
GCF_052161765.1	Bacillus velezensis	Complete Genome	current	3972125	1	SAMN50449900	soil	China:JiLin Province		non_saline_candidate	
GCF_052229975.1	Bacillus velezensis	Complete Genome	current	3948495	1	SAMN50632453	rhizosphere soil	China:Chongqing	Lonicera macranthoides	non_saline_candidate	
GCF_052441825.1	Bacillus velezensis	Contig	current	3931935	1	SAMN49662477	soil	Turkey: Erzurum		non_saline_candidate	
GCF_052535915.1	Bacillus velezensis	Scaffold	current	3889832	12	SAMN50932918	rhizosphere soil	China:Hubei		non_saline_candidate	
GCF_052568205.1	Bacillus velezensis	Complete Genome	current	3940719	1	SAMN50784600	rhizosphere soil	China: Ningxia	potato	non_saline_candidate	
GCF_052692685.1	Bacillus velezensis	Complete Genome	current	4263267	1	SAMN50547684	Plant tissue	India: Cumbum		non_saline_candidate	
GCF_052977405.1	Bacillus velezensis	Contig	current	3973918	38	SAMN51757781	Non-Rhizosphere soil	Algeria: Djanet		non_saline_candidate	
GCF_053470225.1	Bacillus velezensis	Contig	current	4083634	45	SAMN51307170	pepper rhizosphere soil	Viet Nam: Dong Thap	Capsicum	non_saline_candidate	
GCF_053470245.1	Bacillus velezensis	Contig	current	3908491	22	SAMN51307171	pepper rhizosphere soil	Viet Nam: Dong Thap	Capsicum	non_saline_candidate	
GCF_053569555.1	Bacillus velezensis	Contig	current	4251044	332	SAMN51757782	rhizosphere soil	Algeria: Algiers		non_saline_candidate	
GCF_053570495.1	Bacillus velezensis	Contig	current	3949771	27	SAMN50672255	soil	China		non_saline_candidate	
GCF_053571025.1	Bacillus velezensis	Contig	current	3916392	32	SAMN44475235	rhizosphere	Brazil: Caatinga biome	Neoglaziovia variegata	non_saline_candidate	
GCF_053750075.1	Bacillus velezensis	Complete Genome	current	3919829	1	SAMN50184178	rhizosphere soil	China:Nanjing	Tomato	non_saline_candidate	
GCF_053890605.1	Bacillus velezensis	Contig	current	4131671	5	SAMN53631618	soil	China: Shandong		non_saline_candidate	
GCF_054187945.1	Bacillus velezensis	Complete Genome	current	3918694	1	SAMN52734726	soil	China:Qinghai		non_saline_candidate	
GCF_054189265.1	Bacillus velezensis	Complete Genome	current	3972829	1	SAMN53864870	Oily Soils	China: Shandong		non_saline_candidate	
GCF_054453955.1	Bacillus velezensis	Contig	current	3992361	1	SAMN50276521	paddy field soil	missing		non_saline_candidate	
GCF_054509705.1	Bacillus velezensis	Scaffold	current	3975832	15	SAMN52864958	soil	China: Huangshan	Rhizopus	non_saline_candidate	
GCF_054889405.1	Bacillus velezensis	Chromosome	current	3931236	32	SAMN53034370	soil isolate	Brazil: Parana	soil	non_saline_candidate	
GCF_054889435.1	Bacillus velezensis	Complete Genome	current	4104031	3	SAMN53065547	rhizosphere soil	China		non_saline_candidate	
GCF_054901335.1	Bacillus velezensis	Scaffold	current	3901259	14	SAMN46794513	soil sample	Viet Nam: Khanhhoa		non_saline_candidate	
GCF_054903475.1	Bacillus velezensis	Contig	current	3902965	10	SAMN54531394	soil	China: Hubei Province		non_saline_candidate	
GCF_054966515.1	Bacillus velezensis	Scaffold	current	3886856	23	SAMN55205697	rhizosphere soil	China: Gansu, Min County		non_saline_candidate	
GCF_055234145.1	Bacillus velezensis	Contig	current	3937138	216	SAMN55210884	petroleum-contaminated soil	China:Alar		non_saline_candidate	
GCF_055640595.1	Bacillus velezensis	Complete Genome	current	4371976	1	SAMN55903773	soil	China: Hainan		non_saline_candidate	
GCF_055690665.1	Bacillus velezensis	Complete Genome	current	4062997	1	SAMN54376225	Root of Leucas aspera	Bangladesh: Biral, Dinajpur	Leucas aspera	non_saline_candidate	
GCF_055702905.1	Bacillus velezensis	Scaffold	current	4015221	25	SAMN55951487	soil	Brazil		non_saline_candidate	
GCF_055793425.1	Bacillus velezensis	Contig	current	4087257	29	SAMN55993572	aerosol from pharmaceutical wastewater treatment plants	China: Guangzhou		non_saline_candidate	
GCF_055824785.1	Bacillus velezensis	Complete Genome	current	4173552	2	SAMN52586569	Soil of wheatland	China: Tianmen, Hubei		non_saline_candidate	
GCF_056113205.1	Bacillus velezensis	Complete Genome	current	3929791	1	SAMN54771379	farmland soil	China: Qinghai Province		non_saline_candidate	
GCF_056135895.1	Bacillus velezensis	Complete Genome	current	4059411	1	SAMN56447411	soil	China: Hunan province, Yongshun County	rhizosphere	non_saline_candidate	
GCF_056393645.1	Bacillus velezensis	Scaffold	current	3905739	49	SAMN53128743	Soil from vegetable field	Viet Nam: Bien Hoa, Dong Nai Province		non_saline_candidate	
GCF_056437605.1	Bacillus velezensis	Complete Genome	current	3929791	1	SAMN55412797	rhizospheric soil	China: Hebei	apple tree	non_saline_candidate	
GCF_056502285.1	Bacillus velezensis	Complete Genome	current	3929792	1	SAMN31793111	soil	China:Hohhot		non_saline_candidate	
GCF_056674955.1	Bacillus velezensis	Contig	current	4118998	24	SAMN49909480	soil rhizosphere	Pakistan: Lahore	Medicinal plants	non_saline_candidate	
GCF_056783365.1	Bacillus velezensis	Contig	current	3896699	19	SAMN45423977	Soil under the coffee tree	Viet Nam		non_saline_candidate	
GCF_904841115.1	Bacillus velezensis	Contig	current	4170345	2	SAMEA7370792	Oilseed rape rhizosphere	China		non_saline_candidate	
GCF_904842145.1	Bacillus velezensis	Contig	current	4194482	2	SAMEA7370791	Oilseed rape rhizosphere	China		non_saline_candidate	
GCF_001756265.1	Bacillus wiedmannii	Contig	current	5857539	187	SAMN04819578	Tomato rhizosphere	Germany:Goettingen		non_saline_candidate	
GCF_002147065.1	Bacillus wiedmannii	Contig	current	5921110	68	SAMN05934520	soil	Spain		non_saline_candidate	
GCF_002554975.1	Bacillus wiedmannii	Scaffold	current	5366590	104	SAMN07597459	plant core	USA: NC		non_saline_candidate	
GCF_002555155.1	Bacillus wiedmannii	Scaffold	current	5862502	106	SAMN07597412	root	USA: IA	Corn	non_saline_candidate	
GCF_002555165.1	Bacillus wiedmannii	Scaffold	current	6074066	114	SAMN07597411	soil	USA: NY		non_saline_candidate	
GCF_002555265.1	Bacillus wiedmannii	Scaffold	current	5990230	146	SAMN07597409	root	USA: MN	Soybean	non_saline_candidate	
GCF_002555555.1	Bacillus wiedmannii	Scaffold	current	5463295	102	SAMN07597398	plant core	USA: NC		non_saline_candidate	
GCF_002555665.1	Bacillus wiedmannii	Scaffold	current	5309062	108	SAMN07597357	soil	USA: NY		non_saline_candidate	
GCF_002555735.1	Bacillus wiedmannii	Scaffold	current	5988035	119	SAMN07597342	root	USA: MN	Corn	non_saline_candidate	
GCF_002556065.1	Bacillus wiedmannii	Scaffold	current	5361228	95	SAMN07597275	soil	USA: NY		non_saline_candidate	
GCF_002556405.1	Bacillus wiedmannii	Scaffold	current	5228392	79	SAMN07597258	plant core	USA: NC		non_saline_candidate	
GCF_002557015.1	Bacillus wiedmannii	Scaffold	current	5546855	384	SAMN07597591	soil	USA: NC		non_saline_candidate	
GCF_002557155.1	Bacillus wiedmannii	Scaffold	current	5676524	120	SAMN07597581	soil	USA: NY		non_saline_candidate	
GCF_002557355.1	Bacillus wiedmannii	Scaffold	current	5617898	134	SAMN07597553	soil	USA: IA		non_saline_candidate	
GCF_002557405.1	Bacillus wiedmannii	Scaffold	current	5529279	110	SAMN07597527	soil	USA: NY		non_saline_candidate	
GCF_002568685.1	Bacillus wiedmannii	Scaffold	current	5745429	100	SAMN07598549	soil	USA: NY		non_saline_candidate	
GCF_002568925.1	Bacillus wiedmannii	Scaffold	current	5588196	113	SAMN07598446	soil	USA: NY		non_saline_candidate	
GCF_002569125.1	Bacillus wiedmannii	Scaffold	current	5407295	107	SAMN07598473	soil	USA: NY		non_saline_candidate	
GCF_002569215.1	Bacillus wiedmannii	Scaffold	current	5544810	113	SAMN07598431	soil	USA: NY		non_saline_candidate	
GCF_002569665.1	Bacillus wiedmannii	Scaffold	current	5723261	87	SAMN07598464	root	USA: IA	Corn	non_saline_candidate	
GCF_002570335.1	Bacillus wiedmannii	Scaffold	current	5346679	102	SAMN07598332	root	USA: IA	Soybean	non_saline_candidate	
GCF_002571465.1	Bacillus wiedmannii	Scaffold	current	5935214	124	SAMN07598325	soil	USA: NY		non_saline_candidate	
GCF_002571635.1	Bacillus wiedmannii	Scaffold	current	5726068	122	SAMN07598302	soil	USA: NY		non_saline_candidate	
GCF_002571685.1	Bacillus wiedmannii	Scaffold	current	5330112	63	SAMN07598277	plant core	USA: NC		non_saline_candidate	
GCF_002571725.1	Bacillus wiedmannii	Scaffold	current	5820654	103	SAMN07598265	soil	USA: NY		non_saline_candidate	
GCF_002571795.1	Bacillus wiedmannii	Scaffold	current	5823123	107	SAMN07598242	soil	USA: IA		non_saline_candidate	
GCF_002572105.1	Bacillus wiedmannii	Scaffold	current	5547928	177	SAMN07598228	soil	USA: NY		non_saline_candidate	
GCF_002572225.1	Bacillus wiedmannii	Scaffold	current	5817721	205	SAMN07598308	root	USA: IA	Corn	non_saline_candidate	
GCF_002572325.1	Bacillus wiedmannii	Scaffold	current	5381911	124	SAMN07598238	plant	USA: NC		non_saline_candidate	
GCF_002578895.1	Bacillus wiedmannii	Scaffold	current	5872102	111	SAMN07598163	plant	USA: IN	Weed	non_saline_candidate	
GCF_002578975.1	Bacillus wiedmannii	Scaffold	current	5233156	99	SAMN07598159	plant core	USA: NC		non_saline_candidate	
GCF_002579095.1	Bacillus wiedmannii	Scaffold	current	5557635	125	SAMN07598155	soil	USA: NY		non_saline_candidate	
GCF_002579545.1	Bacillus wiedmannii	Scaffold	current	5904905	102	SAMN07598145	plant	USA: IN	Weed	non_saline_candidate	
GCF_002579945.1	Bacillus wiedmannii	Scaffold	current	5732178	113	SAMN07598093	root	USA: IA	Corn	non_saline_candidate	
GCF_002580095.1	Bacillus wiedmannii	Scaffold	current	5381336	97	SAMN07598081	soil	USA: NY		non_saline_candidate	
GCF_002580235.1	Bacillus wiedmannii	Scaffold	current	5376368	96	SAMN07598076	root	USA: IA	Corn	non_saline_candidate	
GCF_002580335.1	Bacillus wiedmannii	Scaffold	current	5525328	111	SAMN07598064	root	USA: IA	Soybean	non_saline_candidate	
GCF_002580595.1	Bacillus wiedmannii	Scaffold	current	5615646	128	SAMN07598032	root	USA: IA	Corn	non_saline_candidate	
GCF_002580785.1	Bacillus wiedmannii	Scaffold	current	5380465	82	SAMN07598005	plant core	USA: NC		non_saline_candidate	
GCF_002581055.1	Bacillus wiedmannii	Scaffold	current	5784172	109	SAMN07597985	root	USA: IA	Soybean	non_saline_candidate	
GCF_002581585.1	Bacillus wiedmannii	Scaffold	current	5383505	102	SAMN07598009	soil	USA: NC		non_saline_candidate	
GCF_002581635.1	Bacillus wiedmannii	Scaffold	current	5516328	109	SAMN07598001	soil	USA: NY		non_saline_candidate	
GCF_002582335.1	Bacillus wiedmannii	Scaffold	current	5929944	104	SAMN07597900	root	USA: IA	Corn	non_saline_candidate	
GCF_002582515.1	Bacillus wiedmannii	Scaffold	current	5423708	95	SAMN07597884	soil	USA: NY		non_saline_candidate	
GCF_002582835.1	Bacillus wiedmannii	Scaffold	current	5294964	98	SAMN07597855	Core; Other Plant	USA: NC		non_saline_candidate	
GCF_002583915.1	Bacillus wiedmannii	Scaffold	current	5413519	70	SAMN07597882	plant	USA: NC	Tomato	non_saline_candidate	
GCF_002588735.1	Bacillus wiedmannii	Scaffold	current	5422695	69	SAMN07597840	soil	USA: IA		non_saline_candidate	
GCF_002588915.1	Bacillus wiedmannii	Scaffold	current	5631808	149	SAMN07597829	soil	USA: NY		non_saline_candidate	
GCF_002589405.1	Bacillus wiedmannii	Scaffold	current	5304671	97	SAMN07597809	plant core	USA: NC		non_saline_candidate	
GCF_002589455.1	Bacillus wiedmannii	Scaffold	current	5582692	107	SAMN07597783	plant core	USA: NC		non_saline_candidate	
GCF_002589695.1	Bacillus wiedmannii	Scaffold	current	5672853	212	SAMN07597795	root	USA: IA	Corn	non_saline_candidate	
GCF_002797355.1	Bacillus xiapuensis	Scaffold	current	3264462	8	SAMN07249153	soil	China		non_saline_candidate	
GCF_002998955.1	Bacillus wiedmannii	Scaffold	current	5578264	37	SAMN08639724	soil	China: Tibet		non_saline_candidate	
GCF_002998975.1	Bacillus wiedmannii	Scaffold	current	5829775	43	SAMN08639739	soil	China: Tibet, Nyingchi		non_saline_candidate	
GCF_002998985.1	Bacillus wiedmannii	Scaffold	current	5484064	48	SAMN08640513	Asparagus roots	China: Tibet, Nyingchi		non_saline_candidate	
GCF_002999015.1	Bacillus wiedmannii	Scaffold	current	5695488	46	SAMN08639875	soil	China: Tibet		non_saline_candidate	
GCF_002999025.1	Bacillus wiedmannii	Scaffold	current	5698500	47	SAMN08639807	Turnip soil	China: Tibet, Nyingchi		non_saline_candidate	
GCF_003030885.1	Bacillus wiedmannii	Scaffold	current	5544000	44	SAMN08644078	soil	China: Tibet		non_saline_candidate	
GCF_003610835.1	Bacillus wiedmannii	Scaffold	current	5302495	31	SAMN05433582	soil	China:Enshi		non_saline_candidate	
GCF_004331875.1	Bacillus wiedmannii	Scaffold	current	5613036	92	SAMN11032926	soil	Denmark: Aarhus		non_saline_candidate	
GCF_015854565.1	Bacillus wiedmannii	Scaffold	current	6178732	181	SAMN03653985	maybe soil	USA		non_saline_candidate	
GCF_018741285.1	Bacillus wiedmannii	Complete Genome	current	5855289	3	SAMN10879065	soil	Poland: farmland in Jasienowka		non_saline_candidate	
GCF_018741405.1	Bacillus wiedmannii	Complete Genome	current	5513922	1	SAMN10879069	soil	Poland: farmland in Jasienowka		non_saline_candidate	
GCF_018741585.1	Bacillus wiedmannii	Complete Genome	current	5534165	1	SAMN10879072	soil	Poland: farmland in Jasienowka		non_saline_candidate	
GCF_022458675.1	Bacillus wiedmannii	Contig	current	5845085	66	SAMN23401944	deep soil layers	Russia: Yakutia		non_saline_candidate	
GCF_022458685.2	Bacillus wiedmannii	Contig	current	5860071	98	SAMN23401945	deep soil layers	Russia: Yakutia		non_saline_candidate	
GCF_022458695.1	Bacillus wiedmannii	Contig	current	5833972	70	SAMN23401946	deep soil layers	Russia: Yakutia		non_saline_candidate	
GCF_026275445.2	Bacillus wiedmannii	Contig	current	5867123	93	SAMN31722783	soil	Russia: Yakutia		non_saline_candidate	
GCF_030123185.1	Bacillus wiedmannii	Complete Genome	current	5391143	1	SAMN34375016	rhizosphere soil	China: Longnan, Gansu Province		non_saline_candidate	
GCF_030348415.1	Bacillus wiedmannii	Contig	current	5921872	4	SAMN34374895	pine forrest soil between two spruce trees	Germany: near Munchenroda, Jena		non_saline_candidate	
GCF_031324335.1	Bacillus wiedmannii	Contig	current	5959068	15	SAMN34374871	grassland soil	Denmark: Jaegersborg Dyrehave		non_saline_candidate	
GCF_036216405.1	Bacillus wiedmannii	Scaffold	current	5582891	47	SAMN32974857	soil	Cote d'Ivoire		non_saline_candidate	
GCF_036218545.1	Bacillus wiedmannii	Scaffold	current	5833377	85	SAMN32974748	soil	not collected		non_saline_candidate	
GCF_036218845.1	Bacillus xiapuensis	Scaffold	current	3577396	394	SAMN32974733	soil	not collected		non_saline_candidate	
GCF_037907685.1	Bacillus wiedmannii	Scaffold	current	5592867	26	SAMN20166716	rhizosphere	Uruguay	soybean	non_saline_candidate	
GCF_040797035.1	Bacillus wiedmannii	Contig	current	5860001	115	SAMN42186657	deep soil layers	Russia: Yakutia		non_saline_candidate	
GCF_040797085.1	Bacillus wiedmannii	Contig	current	5811491	96	SAMN42186654	deep soil layers	Russia: Yakutia		non_saline_candidate	
GCF_050053415.1	Bacillus wiedmannii	Contig	current	5413945	46	SAMN46967014	soil	Mexico:Guanajuato		non_saline_candidate	
GCF_050171545.1	Bacillus wiedmannii	Contig	current	5798561	177	SAMN48191926	soil	Russia: Yakutia		non_saline_candidate	
GCF_050171765.1	Bacillus wiedmannii	Contig	current	5735055	47	SAMN48146552	soil	Russia: a suburb of Nizhny Novgorod		non_saline_candidate	
GCF_050171875.1	Bacillus wiedmannii	Contig	current	5816063	59	SAMN48146550	soil	Russia: a suburb of Nizhny Novgorod		non_saline_candidate	
GCF_050478805.1	Bacillus wiedmannii	Contig	current	5798676	55	SAMN41009722	soil	USA: Colorado		non_saline_candidate	
GCF_050954105.1	Bacillus wiedmannii	Scaffold	current	4952263	91	SAMN48980131	soil	China: Beijing		non_saline_candidate	
GCF_055597355.1	Bacillus xiamenensis	Complete Genome	current	3888035	4	SAMN55900254	dumpsite soils	Philippines: Laguna		non_saline_candidate	
